<?xml version="1.0" encoding="UTF-8"?>
<library xmlns="urn:hl7-org:elm:r1" xmlns:t="urn:hl7-org:elm-types:r1" xmlns:xsi="http://www.w3.org/2001/XMLSchema-instance" xmlns:xsd="http://www.w3.org/2001/XMLSchema" xmlns:fhir="http://hl7.org/fhir" xmlns:qdm43="urn:healthit-gov:qdm:v4_3" xmlns:qdm53="urn:healthit-gov:qdm:v5_3" xmlns:a="urn:hl7-org:cql-annotations:r1">
   <annotation translatorOptions="EnableAnnotations,EnableLocators,DisableListDemotion,DisableListPromotion,DisableMethodInvocation" xsi:type="a:CqlToElmInfo"/>
   <annotation xsi:type="a:Annotation">
      <a:s r="4">
         <a:s>library PatientBaseRatioWIthScoringUnit version '0.0.002'</a:s>
      </a:s>
   </annotation>
   <identifier id="PatientBaseRatioWIthScoringUnit" version="0.0.002"/>
   <schemaIdentifier id="urn:hl7-org:elm" version="r1"/>
   <usings>
      <def localIdentifier="System" uri="urn:hl7-org:elm-types:r1"/>
      <def localId="1" locator="5:1-5:23" localIdentifier="QDM" uri="urn:healthit-gov:qdm:v5_6" version="5.6">
         <annotation xsi:type="a:Annotation">
            <a:s r="1">
               <a:s>/*Based on https://github.com/cqframework/CQL-Formatting-and-Usage-Wiki/blob/master/Source/Cooking%20With%20CQL/50/RatioExample/RatioExample_CQL.cql*/using </a:s>
               <a:s>
                  <a:s>QDM</a:s>
               </a:s>
               <a:s> version '5.6'</a:s>
            </a:s>
         </annotation>
      </def>
   </usings>
   <valueSets>
      <def localId="2" locator="7:1-7:71" name="Encounter Inpatient" id="urn:oid:2.16.840.1.113883.3.666.5.307" accessLevel="Public">
         <annotation xsi:type="a:Annotation">
            <a:s r="2">
               <a:s>valueset &quot;Encounter Inpatient&quot;: 'urn:oid:2.16.840.1.113883.3.666.5.307'</a:s>
            </a:s>
         </annotation>
      </def>
   </valueSets>
   <contexts>
      <def locator="9:1-9:15" name="Patient"/>
   </contexts>
   <statements>
      <def locator="9:1-9:15" name="Patient" context="Patient">
         <expression xsi:type="SingletonFrom">
            <operand locator="9:1-9:15" xmlns:ns0="urn:healthit-gov:qdm:v5_6" dataType="ns0:Patient" templateId="Patient" xsi:type="Retrieve"/>
         </expression>
      </def>
      <def localId="4" locator="20:1-21:49" name="Qualifying Encounters" context="Patient" accessLevel="Public">
         <annotation xsi:type="a:Annotation">
            <a:s r="4">
               <a:s>define &quot;Qualifying Encounters&quot;:
  </a:s>
               <a:s r="3">
                  <a:s>[&quot;Encounter, Performed&quot;: </a:s>
                  <a:s>
                     <a:s>&quot;Encounter Inpatient&quot;</a:s>
                  </a:s>
                  <a:s>]</a:s>
               </a:s>
            </a:s>
         </annotation>
         <expression localId="3" locator="21:3-21:49" xmlns:ns1="urn:healthit-gov:qdm:v5_6" dataType="ns1:PositiveEncounterPerformed" templateId="PositiveEncounterPerformed" codeProperty="code" codeComparator="in" xsi:type="Retrieve">
            <codes locator="21:28-21:48" name="Encounter Inpatient" xsi:type="ValueSetRef"/>
         </expression>
      </def>
      <def localId="7" locator="11:1-12:32" name="Initial Population" context="Patient" accessLevel="Public">
         <annotation xsi:type="a:Annotation">
            <a:s r="7">
               <a:s>define &quot;Initial Population&quot;:
  </a:s>
               <a:s r="6">
                  <a:s>exists </a:s>
                  <a:s r="5">
                     <a:s>&quot;Qualifying Encounters&quot;</a:s>
                  </a:s>
               </a:s>
            </a:s>
         </annotation>
         <expression localId="6" locator="12:3-12:32" xsi:type="Exists">
            <operand localId="5" locator="12:10-12:32" name="Qualifying Encounters" xsi:type="ExpressionRef"/>
         </expression>
      </def>
      <def localId="9" locator="14:1-15:22" name="Denominator" context="Patient" accessLevel="Public">
         <annotation xsi:type="a:Annotation">
            <a:s r="9">
               <a:s>define &quot;Denominator&quot;:
  </a:s>
               <a:s r="8">
                  <a:s>&quot;Initial Population&quot;</a:s>
               </a:s>
            </a:s>
         </annotation>
         <expression localId="8" locator="15:3-15:22" name="Initial Population" xsi:type="ExpressionRef"/>
      </def>
      <def localId="11" locator="17:1-18:22" name="Numerator" context="Patient" accessLevel="Public">
         <annotation xsi:type="a:Annotation">
            <a:s r="11">
               <a:s>define &quot;Numerator&quot;:
  </a:s>
               <a:s r="10">
                  <a:s>&quot;Initial Population&quot;</a:s>
               </a:s>
            </a:s>
         </annotation>
         <expression localId="10" locator="18:3-18:22" name="Initial Population" xsi:type="ExpressionRef"/>
      </def>
   </statements>
</library>
