{
   "library" : {
      "annotation" : [ {
         "translatorOptions" : "EnableAnnotations,EnableLocators,DisableListDemotion,DisableListPromotion,DisableMethodInvocation",
         "type" : "CqlToElmInfo"
      }, {
         "type" : "Annotation",
         "s" : {
            "r" : "4",
            "s" : [ {
               "value" : [ "","library PatientBaseRatioWIthScoringUnit version '0.0.002'" ]
            } ]
         }
      } ],
      "identifier" : {
         "id" : "PatientBaseRatioWIthScoringUnit",
         "version" : "0.0.002"
      },
      "schemaIdentifier" : {
         "id" : "urn:hl7-org:elm",
         "version" : "r1"
      },
      "usings" : {
         "def" : [ {
            "localIdentifier" : "System",
            "uri" : "urn:hl7-org:elm-types:r1"
         }, {
            "localId" : "1",
            "locator" : "5:1-5:23",
            "localIdentifier" : "QDM",
            "uri" : "urn:healthit-gov:qdm:v5_6",
            "version" : "5.6",
            "annotation" : [ {
               "type" : "Annotation",
               "s" : {
                  "r" : "1",
                  "s" : [ {
                     "value" : [ "/*Based on https://github.com/cqframework/CQL-Formatting-and-Usage-Wiki/blob/master/Source/Cooking%20With%20CQL/50/RatioExample/RatioExample_CQL.cql*/","using " ]
                  }, {
                     "s" : [ {
                        "value" : [ "QDM" ]
                     } ]
                  }, {
                     "value" : [ " version ","'5.6'" ]
                  } ]
               }
            } ]
         } ]
      },
      "valueSets" : {
         "def" : [ {
            "localId" : "2",
            "locator" : "7:1-7:71",
            "name" : "Encounter Inpatient",
            "id" : "urn:oid:2.16.840.1.113883.3.666.5.307",
            "accessLevel" : "Public",
            "annotation" : [ {
               "type" : "Annotation",
               "s" : {
                  "r" : "2",
                  "s" : [ {
                     "value" : [ "","valueset ","\"Encounter Inpatient\"",": ","'urn:oid:2.16.840.1.113883.3.666.5.307'" ]
                  } ]
               }
            } ]
         } ]
      },
      "contexts" : {
         "def" : [ {
            "locator" : "9:1-9:15",
            "name" : "Patient"
         } ]
      },
      "statements" : {
         "def" : [ {
            "locator" : "9:1-9:15",
            "name" : "Patient",
            "context" : "Patient",
            "expression" : {
               "type" : "SingletonFrom",
               "operand" : {
                  "locator" : "9:1-9:15",
                  "dataType" : "{urn:healthit-gov:qdm:v5_6}Patient",
                  "templateId" : "Patient",
                  "type" : "Retrieve"
               }
            }
         }, {
            "localId" : "4",
            "locator" : "20:1-21:49",
            "name" : "Qualifying Encounters",
            "context" : "Patient",
            "accessLevel" : "Public",
            "annotation" : [ {
               "type" : "Annotation",
               "s" : {
                  "r" : "4",
                  "s" : [ {
                     "value" : [ "","define ","\"Qualifying Encounters\"",":\n  " ]
                  }, {
                     "r" : "3",
                     "s" : [ {
                        "value" : [ "[","\"Encounter, Performed\"",": " ]
                     }, {
                        "s" : [ {
                           "value" : [ "\"Encounter Inpatient\"" ]
                        } ]
                     }, {
                        "value" : [ "]" ]
                     } ]
                  } ]
               }
            } ],
            "expression" : {
               "localId" : "3",
               "locator" : "21:3-21:49",
               "dataType" : "{urn:healthit-gov:qdm:v5_6}PositiveEncounterPerformed",
               "templateId" : "PositiveEncounterPerformed",
               "codeProperty" : "code",
               "codeComparator" : "in",
               "type" : "Retrieve",
               "codes" : {
                  "locator" : "21:28-21:48",
                  "name" : "Encounter Inpatient",
                  "type" : "ValueSetRef"
               }
            }
         }, {
            "localId" : "7",
            "locator" : "11:1-12:32",
            "name" : "Initial Population",
            "context" : "Patient",
            "accessLevel" : "Public",
            "annotation" : [ {
               "type" : "Annotation",
               "s" : {
                  "r" : "7",
                  "s" : [ {
                     "value" : [ "","define ","\"Initial Population\"",":\n  " ]
                  }, {
                     "r" : "6",
                     "s" : [ {
                        "value" : [ "exists " ]
                     }, {
                        "r" : "5",
                        "s" : [ {
                           "value" : [ "\"Qualifying Encounters\"" ]
                        } ]
                     } ]
                  } ]
               }
            } ],
            "expression" : {
               "localId" : "6",
               "locator" : "12:3-12:32",
               "type" : "Exists",
               "operand" : {
                  "localId" : "5",
                  "locator" : "12:10-12:32",
                  "name" : "Qualifying Encounters",
                  "type" : "ExpressionRef"
               }
            }
         }, {
            "localId" : "9",
            "locator" : "14:1-15:22",
            "name" : "Denominator",
            "context" : "Patient",
            "accessLevel" : "Public",
            "annotation" : [ {
               "type" : "Annotation",
               "s" : {
                  "r" : "9",
                  "s" : [ {
                     "value" : [ "","define ","\"Denominator\"",":\n  " ]
                  }, {
                     "r" : "8",
                     "s" : [ {
                        "value" : [ "\"Initial Population\"" ]
                     } ]
                  } ]
               }
            } ],
            "expression" : {
               "localId" : "8",
               "locator" : "15:3-15:22",
               "name" : "Initial Population",
               "type" : "ExpressionRef"
            }
         }, {
            "localId" : "11",
            "locator" : "17:1-18:22",
            "name" : "Numerator",
            "context" : "Patient",
            "accessLevel" : "Public",
            "annotation" : [ {
               "type" : "Annotation",
               "s" : {
                  "r" : "11",
                  "s" : [ {
                     "value" : [ "","define ","\"Numerator\"",":\n  " ]
                  }, {
                     "r" : "10",
                     "s" : [ {
                        "value" : [ "\"Initial Population\"" ]
                     } ]
                  } ]
               }
            } ],
            "expression" : {
               "localId" : "10",
               "locator" : "18:3-18:22",
               "name" : "Initial Population",
               "type" : "ExpressionRef"
            }
         } ]
      }
   }
}