<?xml version="1.0" encoding="UTF-8"?>
<library xmlns="urn:hl7-org:elm:r1" xmlns:t="urn:hl7-org:elm-types:r1" xmlns:xsi="http://www.w3.org/2001/XMLSchema-instance" xmlns:xsd="http://www.w3.org/2001/XMLSchema" xmlns:fhir="http://hl7.org/fhir" xmlns:qdm43="urn:healthit-gov:qdm:v4_3" xmlns:qdm53="urn:healthit-gov:qdm:v5_3" xmlns:a="urn:hl7-org:cql-annotations:r1">
   <identifier id="createQdmProportionMeasure1595512706336" version="0.0.001"/>
   <schemaIdentifier id="urn:hl7-org:elm" version="r1"/>
   <usings>
      <def localIdentifier="System" uri="urn:hl7-org:elm-types:r1"/>
      <def localId="1" locator="3:1-3:23" localIdentifier="QDM" uri="urn:healthit-gov:qdm:v5_5" version="5.5"/>
   </usings>
   <parameters>
      <def localId="8" locator="10:1-10:49" name="Measurement Period" accessLevel="Public">
         <parameterTypeSpecifier localId="7" locator="10:32-10:49" xsi:type="IntervalTypeSpecifier">
            <pointType localId="6" locator="10:41-10:48" name="t:DateTime" xsi:type="NamedTypeSpecifier"/>
         </parameterTypeSpecifier>
      </def>
   </parameters>
   <valueSets>
      <def localId="2" locator="5:1-5:58" name="Ethnicity" id="urn:oid:2.16.840.1.114222.4.11.837" accessLevel="Public"/>
      <def localId="3" locator="6:1-6:68" name="ONC Administrative Sex" id="urn:oid:2.16.840.1.113762.1.4.1" accessLevel="Public"/>
      <def localId="4" locator="7:1-7:55" name="Payer" id="urn:oid:2.16.840.1.114222.4.11.3591" accessLevel="Public"/>
      <def localId="5" locator="8:1-8:53" name="Race" id="urn:oid:2.16.840.1.114222.4.11.836" accessLevel="Public"/>
   </valueSets>
   <statements>
      <def locator="12:1-12:15" name="Patient" context="Patient">
         <expression xsi:type="SingletonFrom">
            <operand locator="12:1-12:15" xmlns:ns0="urn:healthit-gov:qdm:v5_5" dataType="ns0:Patient" templateId="Patient" xsi:type="Retrieve"/>
         </expression>
      </def>
      <def localId="10" locator="14:1-15:51" name="SDE Ethnicity" context="Patient" accessLevel="Public">
         <annotation xsi:type="a:Annotation">
            <a:s r="10">
               <a:s>define &quot;SDE Ethnicity&quot;:
  </a:s>
               <a:s r="9">
                  <a:s>[&quot;Patient Characteristic Ethnicity&quot;: </a:s>
                  <a:s>
                     <a:s>&quot;Ethnicity&quot;</a:s>
                  </a:s>
                  <a:s>]</a:s>
               </a:s>
            </a:s>
         </annotation>
         <expression localId="9" locator="15:3-15:51" xmlns:ns1="urn:healthit-gov:qdm:v5_5" dataType="ns1:PatientCharacteristicEthnicity" codeProperty="code" xsi:type="Retrieve">
            <codes locator="15:40-15:50" name="Ethnicity" xsi:type="ValueSetRef"/>
         </expression>
      </def>
      <def localId="12" locator="17:1-18:43" name="SDE Payer" context="Patient" accessLevel="Public">
         <annotation xsi:type="a:Annotation">
            <a:s r="12">
               <a:s>define &quot;SDE Payer&quot;:
  </a:s>
               <a:s r="11">
                  <a:s>[&quot;Patient Characteristic Payer&quot;: </a:s>
                  <a:s>
                     <a:s>&quot;Payer&quot;</a:s>
                  </a:s>
                  <a:s>]</a:s>
               </a:s>
            </a:s>
         </annotation>
         <expression localId="11" locator="18:3-18:43" xmlns:ns2="urn:healthit-gov:qdm:v5_5" dataType="ns2:PatientCharacteristicPayer" codeProperty="code" xsi:type="Retrieve">
            <codes locator="18:36-18:42" name="Payer" xsi:type="ValueSetRef"/>
         </expression>
      </def>
      <def localId="14" locator="20:1-21:41" name="SDE Race" context="Patient" accessLevel="Public">
         <annotation xsi:type="a:Annotation">
            <a:s r="14">
               <a:s>define &quot;SDE Race&quot;:
  </a:s>
               <a:s r="13">
                  <a:s>[&quot;Patient Characteristic Race&quot;: </a:s>
                  <a:s>
                     <a:s>&quot;Race&quot;</a:s>
                  </a:s>
                  <a:s>]</a:s>
               </a:s>
            </a:s>
         </annotation>
         <expression localId="13" locator="21:3-21:41" xmlns:ns3="urn:healthit-gov:qdm:v5_5" dataType="ns3:PatientCharacteristicRace" codeProperty="code" xsi:type="Retrieve">
            <codes locator="21:35-21:40" name="Race" xsi:type="ValueSetRef"/>
         </expression>
      </def>
      <def localId="16" locator="23:1-24:58" name="SDE Sex" context="Patient" accessLevel="Public">
         <annotation xsi:type="a:Annotation">
            <a:s r="16">
               <a:s>define &quot;SDE Sex&quot;:
  </a:s>
               <a:s r="15">
                  <a:s>[&quot;Patient Characteristic Sex&quot;: </a:s>
                  <a:s>
                     <a:s>&quot;ONC Administrative Sex&quot;</a:s>
                  </a:s>
                  <a:s>]</a:s>
               </a:s>
            </a:s>
         </annotation>
         <expression localId="15" locator="24:3-24:58" xmlns:ns4="urn:healthit-gov:qdm:v5_5" dataType="ns4:PatientCharacteristicSex" codeProperty="code" xsi:type="Retrieve">
            <codes locator="24:34-24:57" name="ONC Administrative Sex" xsi:type="ValueSetRef"/>
         </expression>
      </def>
      <def localId="22" locator="26:1-27:49" name="Initial Population" context="Patient" accessLevel="Public">
         <annotation xsi:type="a:Annotation">
            <a:s r="22">
               <a:s>define &quot;Initial Population&quot;:
  </a:s>
               <a:s r="21">
                  <a:s r="19">
                     <a:s>AgeInYearsAt(</a:s>
                     <a:s r="18">
                        <a:s>start of </a:s>
                        <a:s r="17">
                           <a:s>&quot;Measurement Period&quot;</a:s>
                        </a:s>
                     </a:s>
                     <a:s>)</a:s>
                  </a:s>
                  <a:s r="20">> 12</a:s>
               </a:s>
            </a:s>
         </annotation>
         <expression localId="21" locator="27:3-27:49" xsi:type="Greater">
            <operand localId="19" locator="27:3-27:45" precision="Year" xsi:type="CalculateAgeAt">
               <operand path="birthDatetime" xsi:type="Property">
                  <source name="Patient" xsi:type="ExpressionRef"/>
               </operand>
               <operand localId="18" locator="27:16-27:44" xsi:type="Start">
                  <operand localId="17" locator="27:25-27:44" name="Measurement Period" xsi:type="ParameterRef"/>
               </operand>
            </operand>
            <operand localId="20" locator="27:48-27:49" valueType="t:Integer" value="12" xsi:type="Literal"/>
         </expression>
      </def>
      <def localId="24" locator="29:1-30:6" name="Denominator" context="Patient" accessLevel="Public">
         <annotation xsi:type="a:Annotation">
            <a:s r="24">
               <a:s r="23">define &quot;Denominator&quot;:
  true</a:s>
            </a:s>
         </annotation>
         <expression localId="23" locator="30:3-30:6" valueType="t:Boolean" value="true" xsi:type="Literal"/>
      </def>
      <def localId="26" locator="32:1-33:6" name="Numerator" context="Patient" accessLevel="Public">
         <annotation xsi:type="a:Annotation">
            <a:s r="26">
               <a:s r="25">define &quot;Numerator&quot;:
  true</a:s>
            </a:s>
         </annotation>
         <expression localId="25" locator="33:3-33:6" valueType="t:Boolean" value="true" xsi:type="Literal"/>
      </def>
   </statements>
</library>
