{
   "library" : {
      "annotation" : [ {
         "translatorOptions" : "EnableAnnotations,EnableLocators,DisableListDemotion,DisableListPromotion,DisableMethodInvocation",
         "type" : "CqlToElmInfo"
      }, {
         "type" : "Annotation",
         "s" : {
            "r" : "79",
            "s" : [ {
               "value" : [ "","library CombinedVTEandBleedingPerformanceRate version '0.0.003'" ]
            } ]
         }
      } ],
      "identifier" : {
         "id" : "CombinedVTEandBleedingPerformanceRate",
         "version" : "0.0.003"
      },
      "schemaIdentifier" : {
         "id" : "urn:hl7-org:elm",
         "version" : "r1"
      },
      "usings" : {
         "def" : [ {
            "localIdentifier" : "System",
            "uri" : "urn:hl7-org:elm-types:r1"
         }, {
            "localId" : "1",
            "locator" : "3:1-3:23",
            "localIdentifier" : "QDM",
            "uri" : "urn:healthit-gov:qdm:v5_6",
            "version" : "5.6",
            "annotation" : [ {
               "type" : "Annotation",
               "s" : {
                  "r" : "1",
                  "s" : [ {
                     "value" : [ "","using " ]
                  }, {
                     "s" : [ {
                        "value" : [ "QDM" ]
                     } ]
                  }, {
                     "value" : [ " version ","'5.6'" ]
                  } ]
               }
            } ]
         } ]
      },
      "includes" : {
         "def" : [ {
            "localId" : "2",
            "locator" : "5:1-5:60",
            "localIdentifier" : "THA_TKA_Common",
            "path" : "THATKACommon",
            "version" : "1.0.000",
            "annotation" : [ {
               "type" : "Annotation",
               "s" : {
                  "r" : "2",
                  "s" : [ {
                     "value" : [ "","include " ]
                  }, {
                     "s" : [ {
                        "value" : [ "THATKACommon" ]
                     } ]
                  }, {
                     "value" : [ " version ","'1.0.000'"," called ","THA_TKA_Common" ]
                  } ]
               }
            } ]
         } ]
      },
      "valueSets" : {
         "def" : [ {
            "localId" : "3",
            "locator" : "7:1-7:58",
            "name" : "Ethnicity",
            "id" : "urn:oid:2.16.840.1.114222.4.11.837",
            "accessLevel" : "Public",
            "annotation" : [ {
               "type" : "Annotation",
               "s" : {
                  "r" : "3",
                  "s" : [ {
                     "value" : [ "","valueset ","\"Ethnicity\"",": ","'urn:oid:2.16.840.1.114222.4.11.837'" ]
                  } ]
               }
            } ]
         }, {
            "localId" : "4",
            "locator" : "8:1-8:68",
            "name" : "ONC Administrative Sex",
            "id" : "urn:oid:2.16.840.1.113762.1.4.1",
            "accessLevel" : "Public",
            "annotation" : [ {
               "type" : "Annotation",
               "s" : {
                  "r" : "4",
                  "s" : [ {
                     "value" : [ "","valueset ","\"ONC Administrative Sex\"",": ","'urn:oid:2.16.840.1.113762.1.4.1'" ]
                  } ]
               }
            } ]
         }, {
            "localId" : "5",
            "locator" : "9:1-9:55",
            "name" : "Payer",
            "id" : "urn:oid:2.16.840.1.114222.4.11.3591",
            "accessLevel" : "Public",
            "annotation" : [ {
               "type" : "Annotation",
               "s" : {
                  "r" : "5",
                  "s" : [ {
                     "value" : [ "","valueset ","\"Payer\"",": ","'urn:oid:2.16.840.1.114222.4.11.3591'" ]
                  } ]
               }
            } ]
         }, {
            "localId" : "6",
            "locator" : "10:1-10:53",
            "name" : "Race",
            "id" : "urn:oid:2.16.840.1.114222.4.11.836",
            "accessLevel" : "Public",
            "annotation" : [ {
               "type" : "Annotation",
               "s" : {
                  "r" : "6",
                  "s" : [ {
                     "value" : [ "","valueset ","\"Race\"",": ","'urn:oid:2.16.840.1.114222.4.11.836'" ]
                  } ]
               }
            } ]
         } ]
      },
      "contexts" : {
         "def" : [ {
            "locator" : "12:1-12:15",
            "name" : "Patient"
         } ]
      },
      "statements" : {
         "def" : [ {
            "locator" : "12:1-12:15",
            "name" : "Patient",
            "context" : "Patient",
            "expression" : {
               "type" : "SingletonFrom",
               "operand" : {
                  "locator" : "12:1-12:15",
                  "dataType" : "{urn:healthit-gov:qdm:v5_6}Patient",
                  "templateId" : "Patient",
                  "type" : "Retrieve"
               }
            }
         }, {
            "localId" : "8",
            "locator" : "14:1-15:3",
            "name" : "Bleeding Weight",
            "context" : "Patient",
            "accessLevel" : "Public",
            "annotation" : [ {
               "type" : "Annotation",
               "s" : {
                  "r" : "8",
                  "s" : [ {
                     "r" : "7",
                     "value" : [ "","define ","\"Bleeding Weight\"",":\n  ","1" ]
                  } ]
               }
            } ],
            "expression" : {
               "localId" : "7",
               "locator" : "15:3",
               "valueType" : "{urn:hl7-org:elm-types:r1}Integer",
               "value" : "1",
               "type" : "Literal"
            }
         }, {
            "localId" : "11",
            "locator" : "17:1-18:37",
            "name" : "Initial Population",
            "context" : "Patient",
            "accessLevel" : "Public",
            "annotation" : [ {
               "type" : "Annotation",
               "s" : {
                  "r" : "11",
                  "s" : [ {
                     "value" : [ "","define ","\"Initial Population\"",":\n  " ]
                  }, {
                     "r" : "10",
                     "s" : [ {
                        "r" : "9",
                        "s" : [ {
                           "value" : [ "THA_TKA_Common" ]
                        } ]
                     }, {
                        "value" : [ "." ]
                     }, {
                        "r" : "10",
                        "s" : [ {
                           "value" : [ "\"Initial Population\"" ]
                        } ]
                     } ]
                  } ]
               }
            } ],
            "expression" : {
               "localId" : "10",
               "locator" : "18:3-18:37",
               "name" : "Initial Population",
               "libraryName" : "THA_TKA_Common",
               "type" : "ExpressionRef"
            }
         }, {
            "localId" : "23",
            "locator" : "65:1-67:10",
            "name" : "ToScore",
            "context" : "Patient",
            "accessLevel" : "Public",
            "type" : "FunctionDef",
            "annotation" : [ {
               "type" : "Annotation",
               "s" : {
                  "r" : "23",
                  "s" : [ {
                     "value" : [ "/*This function is used to convert the boolean-valued determination of an event to a score.*/","define function ","\"ToScore\"","(","Value"," " ]
                  }, {
                     "r" : "18",
                     "s" : [ {
                        "value" : [ "Boolean" ]
                     } ]
                  }, {
                     "value" : [ " ):\n  " ]
                  }, {
                     "r" : "22",
                     "s" : [ {
                        "r" : "22",
                        "s" : [ {
                           "value" : [ "if " ]
                        }, {
                           "r" : "19",
                           "s" : [ {
                              "value" : [ "Value" ]
                           } ]
                        }, {
                           "r" : "20",
                           "value" : [ " then ","1"," \n    else ","0" ]
                        } ]
                     } ]
                  } ]
               }
            } ],
            "expression" : {
               "localId" : "22",
               "locator" : "66:3-67:10",
               "type" : "If",
               "condition" : {
                  "localId" : "19",
                  "locator" : "66:6-66:10",
                  "name" : "Value",
                  "type" : "OperandRef"
               },
               "then" : {
                  "localId" : "20",
                  "locator" : "66:17",
                  "valueType" : "{urn:hl7-org:elm-types:r1}Integer",
                  "value" : "1",
                  "type" : "Literal"
               },
               "else" : {
                  "localId" : "21",
                  "locator" : "67:10",
                  "valueType" : "{urn:hl7-org:elm-types:r1}Integer",
                  "value" : "0",
                  "type" : "Literal"
               }
            },
            "operand" : [ {
               "name" : "Value",
               "operandTypeSpecifier" : {
                  "localId" : "18",
                  "locator" : "65:33-65:39",
                  "name" : "{urn:hl7-org:elm-types:r1}Boolean",
                  "type" : "NamedTypeSpecifier"
               }
            } ]
         }, {
            "localId" : "26",
            "locator" : "58:1-59:5",
            "name" : "VTE Weight",
            "context" : "Patient",
            "accessLevel" : "Public",
            "annotation" : [ {
               "type" : "Annotation",
               "s" : {
                  "r" : "26",
                  "s" : [ {
                     "r" : "25",
                     "value" : [ "","define ","\"VTE Weight\"",":\n  ","2.7" ]
                  } ]
               }
            } ],
            "expression" : {
               "localId" : "25",
               "locator" : "59:3-59:5",
               "valueType" : "{urn:hl7-org:elm-types:r1}Decimal",
               "value" : "2.7",
               "type" : "Literal"
            }
         }, {
            "localId" : "39",
            "locator" : "20:1-27:3",
            "name" : "Measure Denominator Score",
            "context" : "Patient",
            "accessLevel" : "Public",
            "annotation" : [ {
               "type" : "Annotation",
               "s" : {
                  "r" : "39",
                  "s" : [ {
                     "value" : [ "","define ","\"Measure Denominator Score\"",":\n  " ]
                  }, {
                     "r" : "38",
                     "s" : [ {
                        "r" : "28",
                        "s" : [ {
                           "value" : [ "( " ]
                        }, {
                           "r" : "28",
                           "s" : [ {
                              "r" : "24",
                              "s" : [ {
                                 "value" : [ "ToScore","(" ]
                              }, {
                                 "r" : "17",
                                 "s" : [ {
                                    "r" : "13",
                                    "s" : [ {
                                       "r" : "12",
                                       "s" : [ {
                                          "value" : [ "THA_TKA_Common" ]
                                       } ]
                                    }, {
                                       "value" : [ "." ]
                                    }, {
                                       "r" : "13",
                                       "s" : [ {
                                          "value" : [ "\"Denominator\"" ]
                                       } ]
                                    } ]
                                 }, {
                                    "value" : [ "\n        and " ]
                                 }, {
                                    "r" : "16",
                                    "s" : [ {
                                       "value" : [ "not " ]
                                    }, {
                                       "r" : "15",
                                       "s" : [ {
                                          "r" : "14",
                                          "s" : [ {
                                             "value" : [ "THA_TKA_Common" ]
                                          } ]
                                       }, {
                                          "value" : [ "." ]
                                       }, {
                                          "r" : "15",
                                          "s" : [ {
                                             "value" : [ "\"VTE-Specific Denominator Exclusions\"" ]
                                          } ]
                                       } ]
                                    } ]
                                 } ]
                              }, {
                                 "value" : [ "\n    )" ]
                              } ]
                           }, {
                              "value" : [ "* " ]
                           }, {
                              "r" : "27",
                              "s" : [ {
                                 "value" : [ "\"VTE Weight\"" ]
                              } ]
                           } ]
                        }, {
                           "value" : [ "\n  )" ]
                        } ]
                     }, {
                        "value" : [ " + " ]
                     }, {
                        "r" : "37",
                        "s" : [ {
                           "value" : [ "( " ]
                        }, {
                           "r" : "37",
                           "s" : [ {
                              "r" : "35",
                              "s" : [ {
                                 "value" : [ "ToScore","(" ]
                              }, {
                                 "r" : "34",
                                 "s" : [ {
                                    "r" : "30",
                                    "s" : [ {
                                       "r" : "29",
                                       "s" : [ {
                                          "value" : [ "THA_TKA_Common" ]
                                       } ]
                                    }, {
                                       "value" : [ "." ]
                                    }, {
                                       "r" : "30",
                                       "s" : [ {
                                          "value" : [ "\"Denominator\"" ]
                                       } ]
                                    } ]
                                 }, {
                                    "value" : [ "\n        and " ]
                                 }, {
                                    "r" : "33",
                                    "s" : [ {
                                       "value" : [ "not " ]
                                    }, {
                                       "r" : "32",
                                       "s" : [ {
                                          "r" : "31",
                                          "s" : [ {
                                             "value" : [ "THA_TKA_Common" ]
                                          } ]
                                       }, {
                                          "value" : [ "." ]
                                       }, {
                                          "r" : "32",
                                          "s" : [ {
                                             "value" : [ "\"Bleeding-Specific Denominator Exclusions\"" ]
                                          } ]
                                       } ]
                                    } ]
                                 } ]
                              }, {
                                 "value" : [ "\n    )" ]
                              } ]
                           }, {
                              "value" : [ "* " ]
                           }, {
                              "r" : "36",
                              "s" : [ {
                                 "value" : [ "\"Bleeding Weight\"" ]
                              } ]
                           } ]
                        }, {
                           "value" : [ "\n  )" ]
                        } ]
                     } ]
                  } ]
               }
            } ],
            "expression" : {
               "localId" : "38",
               "locator" : "21:3-27:3",
               "type" : "Add",
               "operand" : [ {
                  "localId" : "28",
                  "locator" : "21:3-24:3",
                  "type" : "Multiply",
                  "operand" : [ {
                     "type" : "ToDecimal",
                     "operand" : {
                        "localId" : "24",
                        "locator" : "21:5-23:5",
                        "name" : "ToScore",
                        "type" : "FunctionRef",
                        "operand" : [ {
                           "localId" : "17",
                           "locator" : "21:13-22:68",
                           "type" : "And",
                           "operand" : [ {
                              "localId" : "13",
                              "locator" : "21:13-21:40",
                              "name" : "Denominator",
                              "libraryName" : "THA_TKA_Common",
                              "type" : "ExpressionRef"
                           }, {
                              "localId" : "16",
                              "locator" : "22:13-22:68",
                              "type" : "Not",
                              "operand" : {
                                 "localId" : "15",
                                 "locator" : "22:17-22:68",
                                 "name" : "VTE-Specific Denominator Exclusions",
                                 "libraryName" : "THA_TKA_Common",
                                 "type" : "ExpressionRef"
                              }
                           } ]
                        } ]
                     }
                  }, {
                     "localId" : "27",
                     "locator" : "23:8-23:19",
                     "name" : "VTE Weight",
                     "type" : "ExpressionRef"
                  } ]
               }, {
                  "type" : "ToDecimal",
                  "operand" : {
                     "localId" : "37",
                     "locator" : "24:7-27:3",
                     "type" : "Multiply",
                     "operand" : [ {
                        "localId" : "35",
                        "locator" : "24:9-26:5",
                        "name" : "ToScore",
                        "type" : "FunctionRef",
                        "operand" : [ {
                           "localId" : "34",
                           "locator" : "24:17-25:73",
                           "type" : "And",
                           "operand" : [ {
                              "localId" : "30",
                              "locator" : "24:17-24:44",
                              "name" : "Denominator",
                              "libraryName" : "THA_TKA_Common",
                              "type" : "ExpressionRef"
                           }, {
                              "localId" : "33",
                              "locator" : "25:13-25:73",
                              "type" : "Not",
                              "operand" : {
                                 "localId" : "32",
                                 "locator" : "25:17-25:73",
                                 "name" : "Bleeding-Specific Denominator Exclusions",
                                 "libraryName" : "THA_TKA_Common",
                                 "type" : "ExpressionRef"
                              }
                           } ]
                        } ]
                     }, {
                        "localId" : "36",
                        "locator" : "26:8-26:24",
                        "name" : "Bleeding Weight",
                        "type" : "ExpressionRef"
                     } ]
                  }
               } ]
            }
         }, {
            "localId" : "59",
            "locator" : "30:1-37:3",
            "name" : "Measure Numerator Score",
            "context" : "Patient",
            "accessLevel" : "Public",
            "annotation" : [ {
               "type" : "Annotation",
               "s" : {
                  "r" : "59",
                  "s" : [ {
                     "value" : [ "/*So this is a patient-based linear combination, which we can then weight by introducing the weighting factor as a component of the measure observation calculation*/","define ","\"Measure Numerator Score\"",":\n  " ]
                  }, {
                     "r" : "58",
                     "s" : [ {
                        "r" : "48",
                        "s" : [ {
                           "value" : [ "( " ]
                        }, {
                           "r" : "48",
                           "s" : [ {
                              "r" : "46",
                              "s" : [ {
                                 "value" : [ "ToScore","(" ]
                              }, {
                                 "r" : "45",
                                 "s" : [ {
                                    "r" : "41",
                                    "s" : [ {
                                       "r" : "40",
                                       "s" : [ {
                                          "value" : [ "THA_TKA_Common" ]
                                       } ]
                                    }, {
                                       "value" : [ "." ]
                                    }, {
                                       "r" : "41",
                                       "s" : [ {
                                          "value" : [ "\"VTE-Specific Numerator\"" ]
                                       } ]
                                    } ]
                                 }, {
                                    "value" : [ "\n        and " ]
                                 }, {
                                    "r" : "44",
                                    "s" : [ {
                                       "value" : [ "not " ]
                                    }, {
                                       "r" : "43",
                                       "s" : [ {
                                          "r" : "42",
                                          "s" : [ {
                                             "value" : [ "THA_TKA_Common" ]
                                          } ]
                                       }, {
                                          "value" : [ "." ]
                                       }, {
                                          "r" : "43",
                                          "s" : [ {
                                             "value" : [ "\"VTE-Specific Denominator Exclusions\"" ]
                                          } ]
                                       } ]
                                    } ]
                                 } ]
                              }, {
                                 "value" : [ "\n    )" ]
                              } ]
                           }, {
                              "value" : [ "* " ]
                           }, {
                              "r" : "47",
                              "s" : [ {
                                 "value" : [ "\"VTE Weight\"" ]
                              } ]
                           } ]
                        }, {
                           "value" : [ "\n  )" ]
                        } ]
                     }, {
                        "value" : [ " + " ]
                     }, {
                        "r" : "57",
                        "s" : [ {
                           "value" : [ "( " ]
                        }, {
                           "r" : "57",
                           "s" : [ {
                              "r" : "55",
                              "s" : [ {
                                 "value" : [ "ToScore","(" ]
                              }, {
                                 "r" : "54",
                                 "s" : [ {
                                    "r" : "50",
                                    "s" : [ {
                                       "r" : "49",
                                       "s" : [ {
                                          "value" : [ "THA_TKA_Common" ]
                                       } ]
                                    }, {
                                       "value" : [ "." ]
                                    }, {
                                       "r" : "50",
                                       "s" : [ {
                                          "value" : [ "\"Bleeding-Specific Numerator\"" ]
                                       } ]
                                    } ]
                                 }, {
                                    "value" : [ "\n        and " ]
                                 }, {
                                    "r" : "53",
                                    "s" : [ {
                                       "value" : [ "not " ]
                                    }, {
                                       "r" : "52",
                                       "s" : [ {
                                          "r" : "51",
                                          "s" : [ {
                                             "value" : [ "THA_TKA_Common" ]
                                          } ]
                                       }, {
                                          "value" : [ "." ]
                                       }, {
                                          "r" : "52",
                                          "s" : [ {
                                             "value" : [ "\"Bleeding-Specific Denominator Exclusions\"" ]
                                          } ]
                                       } ]
                                    } ]
                                 } ]
                              }, {
                                 "value" : [ "\n    )" ]
                              } ]
                           }, {
                              "value" : [ "* " ]
                           }, {
                              "r" : "56",
                              "s" : [ {
                                 "value" : [ "\"Bleeding Weight\"" ]
                              } ]
                           } ]
                        }, {
                           "value" : [ "\n  )" ]
                        } ]
                     } ]
                  } ]
               }
            } ],
            "expression" : {
               "localId" : "58",
               "locator" : "31:3-37:3",
               "type" : "Add",
               "operand" : [ {
                  "localId" : "48",
                  "locator" : "31:3-34:3",
                  "type" : "Multiply",
                  "operand" : [ {
                     "type" : "ToDecimal",
                     "operand" : {
                        "localId" : "46",
                        "locator" : "31:5-33:5",
                        "name" : "ToScore",
                        "type" : "FunctionRef",
                        "operand" : [ {
                           "localId" : "45",
                           "locator" : "31:13-32:68",
                           "type" : "And",
                           "operand" : [ {
                              "localId" : "41",
                              "locator" : "31:13-31:51",
                              "name" : "VTE-Specific Numerator",
                              "libraryName" : "THA_TKA_Common",
                              "type" : "ExpressionRef"
                           }, {
                              "localId" : "44",
                              "locator" : "32:13-32:68",
                              "type" : "Not",
                              "operand" : {
                                 "localId" : "43",
                                 "locator" : "32:17-32:68",
                                 "name" : "VTE-Specific Denominator Exclusions",
                                 "libraryName" : "THA_TKA_Common",
                                 "type" : "ExpressionRef"
                              }
                           } ]
                        } ]
                     }
                  }, {
                     "localId" : "47",
                     "locator" : "33:8-33:19",
                     "name" : "VTE Weight",
                     "type" : "ExpressionRef"
                  } ]
               }, {
                  "type" : "ToDecimal",
                  "operand" : {
                     "localId" : "57",
                     "locator" : "34:7-37:3",
                     "type" : "Multiply",
                     "operand" : [ {
                        "localId" : "55",
                        "locator" : "34:9-36:5",
                        "name" : "ToScore",
                        "type" : "FunctionRef",
                        "operand" : [ {
                           "localId" : "54",
                           "locator" : "34:17-35:73",
                           "type" : "And",
                           "operand" : [ {
                              "localId" : "50",
                              "locator" : "34:17-34:60",
                              "name" : "Bleeding-Specific Numerator",
                              "libraryName" : "THA_TKA_Common",
                              "type" : "ExpressionRef"
                           }, {
                              "localId" : "53",
                              "locator" : "35:13-35:73",
                              "type" : "Not",
                              "operand" : {
                                 "localId" : "52",
                                 "locator" : "35:17-35:73",
                                 "name" : "Bleeding-Specific Denominator Exclusions",
                                 "libraryName" : "THA_TKA_Common",
                                 "type" : "ExpressionRef"
                              }
                           } ]
                        } ]
                     }, {
                        "localId" : "56",
                        "locator" : "36:8-36:24",
                        "name" : "Bleeding Weight",
                        "type" : "ExpressionRef"
                     } ]
                  }
               } ]
            }
         }, {
            "localId" : "62",
            "locator" : "39:1-40:30",
            "name" : "Measure Population",
            "context" : "Patient",
            "accessLevel" : "Public",
            "annotation" : [ {
               "type" : "Annotation",
               "s" : {
                  "r" : "62",
                  "s" : [ {
                     "value" : [ "","define ","\"Measure Population\"",":\n  " ]
                  }, {
                     "r" : "61",
                     "s" : [ {
                        "r" : "60",
                        "s" : [ {
                           "value" : [ "THA_TKA_Common" ]
                        } ]
                     }, {
                        "value" : [ "." ]
                     }, {
                        "r" : "61",
                        "s" : [ {
                           "value" : [ "\"Denominator\"" ]
                        } ]
                     } ]
                  } ]
               }
            } ],
            "expression" : {
               "localId" : "61",
               "locator" : "40:3-40:30",
               "name" : "Denominator",
               "libraryName" : "THA_TKA_Common",
               "type" : "ExpressionRef"
            }
         }, {
            "localId" : "65",
            "locator" : "43:1-44:48",
            "name" : "Measure Population Exclusion",
            "context" : "Patient",
            "accessLevel" : "Public",
            "annotation" : [ {
               "type" : "Annotation",
               "s" : {
                  "r" : "65",
                  "s" : [ {
                     "value" : [ "/*For the measure population exclusions, we only want to exclude characteristics that are common to both events. Otherwise, we might exclude an event for a VTE exclusion, and end up missing it when it should have counted for a Bleeding event.*/","define ","\"Measure Population Exclusion\"",":\n  " ]
                  }, {
                     "r" : "64",
                     "s" : [ {
                        "r" : "63",
                        "s" : [ {
                           "value" : [ "THA_TKA_Common" ]
                        } ]
                     }, {
                        "value" : [ "." ]
                     }, {
                        "r" : "64",
                        "s" : [ {
                           "value" : [ "\"Common Denominator Exclusions\"" ]
                        } ]
                     } ]
                  } ]
               }
            } ],
            "expression" : {
               "localId" : "64",
               "locator" : "44:3-44:48",
               "name" : "Common Denominator Exclusions",
               "libraryName" : "THA_TKA_Common",
               "type" : "ExpressionRef"
            }
         }, {
            "localId" : "67",
            "locator" : "46:1-47:51",
            "name" : "SDE Ethnicity",
            "context" : "Patient",
            "accessLevel" : "Public",
            "annotation" : [ {
               "type" : "Annotation",
               "s" : {
                  "r" : "67",
                  "s" : [ {
                     "value" : [ "","define ","\"SDE Ethnicity\"",":\n  " ]
                  }, {
                     "r" : "66",
                     "s" : [ {
                        "value" : [ "[","\"Patient Characteristic Ethnicity\"",": " ]
                     }, {
                        "s" : [ {
                           "value" : [ "\"Ethnicity\"" ]
                        } ]
                     }, {
                        "value" : [ "]" ]
                     } ]
                  } ]
               }
            } ],
            "expression" : {
               "localId" : "66",
               "locator" : "47:3-47:51",
               "dataType" : "{urn:healthit-gov:qdm:v5_6}PatientCharacteristicEthnicity",
               "codeProperty" : "code",
               "codeComparator" : "in",
               "type" : "Retrieve",
               "codes" : {
                  "locator" : "47:40-47:50",
                  "name" : "Ethnicity",
                  "type" : "ValueSetRef"
               }
            }
         }, {
            "localId" : "69",
            "locator" : "49:1-50:43",
            "name" : "SDE Payer",
            "context" : "Patient",
            "accessLevel" : "Public",
            "annotation" : [ {
               "type" : "Annotation",
               "s" : {
                  "r" : "69",
                  "s" : [ {
                     "value" : [ "","define ","\"SDE Payer\"",":\n  " ]
                  }, {
                     "r" : "68",
                     "s" : [ {
                        "value" : [ "[","\"Patient Characteristic Payer\"",": " ]
                     }, {
                        "s" : [ {
                           "value" : [ "\"Payer\"" ]
                        } ]
                     }, {
                        "value" : [ "]" ]
                     } ]
                  } ]
               }
            } ],
            "expression" : {
               "localId" : "68",
               "locator" : "50:3-50:43",
               "dataType" : "{urn:healthit-gov:qdm:v5_6}PatientCharacteristicPayer",
               "codeProperty" : "code",
               "codeComparator" : "in",
               "type" : "Retrieve",
               "codes" : {
                  "locator" : "50:36-50:42",
                  "name" : "Payer",
                  "type" : "ValueSetRef"
               }
            }
         }, {
            "localId" : "71",
            "locator" : "52:1-53:41",
            "name" : "SDE Race",
            "context" : "Patient",
            "accessLevel" : "Public",
            "annotation" : [ {
               "type" : "Annotation",
               "s" : {
                  "r" : "71",
                  "s" : [ {
                     "value" : [ "","define ","\"SDE Race\"",":\n  " ]
                  }, {
                     "r" : "70",
                     "s" : [ {
                        "value" : [ "[","\"Patient Characteristic Race\"",": " ]
                     }, {
                        "s" : [ {
                           "value" : [ "\"Race\"" ]
                        } ]
                     }, {
                        "value" : [ "]" ]
                     } ]
                  } ]
               }
            } ],
            "expression" : {
               "localId" : "70",
               "locator" : "53:3-53:41",
               "dataType" : "{urn:healthit-gov:qdm:v5_6}PatientCharacteristicRace",
               "codeProperty" : "code",
               "codeComparator" : "in",
               "type" : "Retrieve",
               "codes" : {
                  "locator" : "53:35-53:40",
                  "name" : "Race",
                  "type" : "ValueSetRef"
               }
            }
         }, {
            "localId" : "73",
            "locator" : "55:1-56:58",
            "name" : "SDE Sex",
            "context" : "Patient",
            "accessLevel" : "Public",
            "annotation" : [ {
               "type" : "Annotation",
               "s" : {
                  "r" : "73",
                  "s" : [ {
                     "value" : [ "","define ","\"SDE Sex\"",":\n  " ]
                  }, {
                     "r" : "72",
                     "s" : [ {
                        "value" : [ "[","\"Patient Characteristic Sex\"",": " ]
                     }, {
                        "s" : [ {
                           "value" : [ "\"ONC Administrative Sex\"" ]
                        } ]
                     }, {
                        "value" : [ "]" ]
                     } ]
                  } ]
               }
            } ],
            "expression" : {
               "localId" : "72",
               "locator" : "56:3-56:58",
               "dataType" : "{urn:healthit-gov:qdm:v5_6}PatientCharacteristicSex",
               "codeProperty" : "code",
               "codeComparator" : "in",
               "type" : "Retrieve",
               "codes" : {
                  "locator" : "56:34-56:57",
                  "name" : "ONC Administrative Sex",
                  "type" : "ValueSetRef"
               }
            }
         }, {
            "localId" : "77",
            "locator" : "61:1-62:57",
            "name" : "Measure Observation",
            "context" : "Patient",
            "accessLevel" : "Public",
            "type" : "FunctionDef",
            "annotation" : [ {
               "type" : "Annotation",
               "s" : {
                  "r" : "77",
                  "s" : [ {
                     "value" : [ "","define function ","\"Measure Observation\"","():\n  " ]
                  }, {
                     "r" : "76",
                     "s" : [ {
                        "r" : "76",
                        "s" : [ {
                           "r" : "74",
                           "s" : [ {
                              "value" : [ "\"Measure Numerator Score\"" ]
                           } ]
                        }, {
                           "value" : [ " / " ]
                        }, {
                           "r" : "75",
                           "s" : [ {
                              "value" : [ "\"Measure Denominator Score\"" ]
                           } ]
                        } ]
                     } ]
                  } ]
               }
            } ],
            "expression" : {
               "localId" : "76",
               "locator" : "62:3-62:57",
               "type" : "Divide",
               "operand" : [ {
                  "localId" : "74",
                  "locator" : "62:3-62:27",
                  "name" : "Measure Numerator Score",
                  "type" : "ExpressionRef"
               }, {
                  "localId" : "75",
                  "locator" : "62:31-62:57",
                  "name" : "Measure Denominator Score",
                  "type" : "ExpressionRef"
               } ]
            },
            "operand" : [ ]
         } ]
      }
   }
}