<?xml version="1.0" encoding="UTF-8"?>
<library xmlns="urn:hl7-org:elm:r1" xmlns:t="urn:hl7-org:elm-types:r1" xmlns:xsi="http://www.w3.org/2001/XMLSchema-instance" xmlns:xsd="http://www.w3.org/2001/XMLSchema" xmlns:fhir="http://hl7.org/fhir" xmlns:qdm43="urn:healthit-gov:qdm:v4_3" xmlns:qdm53="urn:healthit-gov:qdm:v5_3" xmlns:a="urn:hl7-org:cql-annotations:r1">
   <annotation translatorOptions="EnableAnnotations,EnableLocators,DisableListDemotion,DisableListPromotion,DisableMethodInvocation" xsi:type="a:CqlToElmInfo"/>
   <annotation xsi:type="a:Annotation">
      <a:s r="79">
         <a:s>library CombinedVTEandBleedingPerformanceRate version '0.0.003'</a:s>
      </a:s>
   </annotation>
   <identifier id="CombinedVTEandBleedingPerformanceRate" version="0.0.003"/>
   <schemaIdentifier id="urn:hl7-org:elm" version="r1"/>
   <usings>
      <def localIdentifier="System" uri="urn:hl7-org:elm-types:r1"/>
      <def localId="1" locator="3:1-3:23" localIdentifier="QDM" uri="urn:healthit-gov:qdm:v5_6" version="5.6">
         <annotation xsi:type="a:Annotation">
            <a:s r="1">
               <a:s>using </a:s>
               <a:s>
                  <a:s>QDM</a:s>
               </a:s>
               <a:s> version '5.6'</a:s>
            </a:s>
         </annotation>
      </def>
   </usings>
   <includes>
      <def localId="2" locator="5:1-5:60" localIdentifier="THA_TKA_Common" path="THATKACommon" version="1.0.000">
         <annotation xsi:type="a:Annotation">
            <a:s r="2">
               <a:s>include </a:s>
               <a:s>
                  <a:s>THATKACommon</a:s>
               </a:s>
               <a:s> version '1.0.000' called THA_TKA_Common</a:s>
            </a:s>
         </annotation>
      </def>
   </includes>
   <valueSets>
      <def localId="3" locator="7:1-7:58" name="Ethnicity" id="urn:oid:2.16.840.1.114222.4.11.837" accessLevel="Public">
         <annotation xsi:type="a:Annotation">
            <a:s r="3">
               <a:s>valueset &quot;Ethnicity&quot;: 'urn:oid:2.16.840.1.114222.4.11.837'</a:s>
            </a:s>
         </annotation>
      </def>
      <def localId="4" locator="8:1-8:68" name="ONC Administrative Sex" id="urn:oid:2.16.840.1.113762.1.4.1" accessLevel="Public">
         <annotation xsi:type="a:Annotation">
            <a:s r="4">
               <a:s>valueset &quot;ONC Administrative Sex&quot;: 'urn:oid:2.16.840.1.113762.1.4.1'</a:s>
            </a:s>
         </annotation>
      </def>
      <def localId="5" locator="9:1-9:55" name="Payer" id="urn:oid:2.16.840.1.114222.4.11.3591" accessLevel="Public">
         <annotation xsi:type="a:Annotation">
            <a:s r="5">
               <a:s>valueset &quot;Payer&quot;: 'urn:oid:2.16.840.1.114222.4.11.3591'</a:s>
            </a:s>
         </annotation>
      </def>
      <def localId="6" locator="10:1-10:53" name="Race" id="urn:oid:2.16.840.1.114222.4.11.836" accessLevel="Public">
         <annotation xsi:type="a:Annotation">
            <a:s r="6">
               <a:s>valueset &quot;Race&quot;: 'urn:oid:2.16.840.1.114222.4.11.836'</a:s>
            </a:s>
         </annotation>
      </def>
   </valueSets>
   <contexts>
      <def locator="12:1-12:15" name="Patient"/>
   </contexts>
   <statements>
      <def locator="12:1-12:15" name="Patient" context="Patient">
         <expression xsi:type="SingletonFrom">
            <operand locator="12:1-12:15" xmlns:ns0="urn:healthit-gov:qdm:v5_6" dataType="ns0:Patient" templateId="Patient" xsi:type="Retrieve"/>
         </expression>
      </def>
      <def localId="8" locator="14:1-15:3" name="Bleeding Weight" context="Patient" accessLevel="Public">
         <annotation xsi:type="a:Annotation">
            <a:s r="8">
               <a:s r="7">define &quot;Bleeding Weight&quot;:
  1</a:s>
            </a:s>
         </annotation>
         <expression localId="7" locator="15:3" valueType="t:Integer" value="1" xsi:type="Literal"/>
      </def>
      <def localId="11" locator="17:1-18:37" name="Initial Population" context="Patient" accessLevel="Public">
         <annotation xsi:type="a:Annotation">
            <a:s r="11">
               <a:s>define &quot;Initial Population&quot;:
  </a:s>
               <a:s r="10">
                  <a:s r="9">
                     <a:s>THA_TKA_Common</a:s>
                  </a:s>
                  <a:s>.</a:s>
                  <a:s r="10">
                     <a:s>&quot;Initial Population&quot;</a:s>
                  </a:s>
               </a:s>
            </a:s>
         </annotation>
         <expression localId="10" locator="18:3-18:37" name="Initial Population" libraryName="THA_TKA_Common" xsi:type="ExpressionRef"/>
      </def>
      <def localId="23" locator="65:1-67:10" name="ToScore" context="Patient" accessLevel="Public" xsi:type="FunctionDef">
         <annotation xsi:type="a:Annotation">
            <a:s r="23">
               <a:s>/*This function is used to convert the boolean-valued determination of an event to a score.*/define function &quot;ToScore&quot;(Value </a:s>
               <a:s r="18">
                  <a:s>Boolean</a:s>
               </a:s>
               <a:s> ):
  </a:s>
               <a:s r="22">
                  <a:s r="22">
                     <a:s>if </a:s>
                     <a:s r="19">
                        <a:s>Value</a:s>
                     </a:s>
                     <a:s r="20"> then 1 
    else 0</a:s>
                  </a:s>
               </a:s>
            </a:s>
         </annotation>
         <expression localId="22" locator="66:3-67:10" xsi:type="If">
            <condition localId="19" locator="66:6-66:10" name="Value" xsi:type="OperandRef"/>
            <then localId="20" locator="66:17" valueType="t:Integer" value="1" xsi:type="Literal"/>
            <else localId="21" locator="67:10" valueType="t:Integer" value="0" xsi:type="Literal"/>
         </expression>
         <operand name="Value">
            <operandTypeSpecifier localId="18" locator="65:33-65:39" name="t:Boolean" xsi:type="NamedTypeSpecifier"/>
         </operand>
      </def>
      <def localId="26" locator="58:1-59:5" name="VTE Weight" context="Patient" accessLevel="Public">
         <annotation xsi:type="a:Annotation">
            <a:s r="26">
               <a:s r="25">define &quot;VTE Weight&quot;:
  2.7</a:s>
            </a:s>
         </annotation>
         <expression localId="25" locator="59:3-59:5" valueType="t:Decimal" value="2.7" xsi:type="Literal"/>
      </def>
      <def localId="39" locator="20:1-27:3" name="Measure Denominator Score" context="Patient" accessLevel="Public">
         <annotation xsi:type="a:Annotation">
            <a:s r="39">
               <a:s>define &quot;Measure Denominator Score&quot;:
  </a:s>
               <a:s r="38">
                  <a:s r="28">
                     <a:s>( </a:s>
                     <a:s r="28">
                        <a:s r="24">
                           <a:s>ToScore(</a:s>
                           <a:s r="17">
                              <a:s r="13">
                                 <a:s r="12">
                                    <a:s>THA_TKA_Common</a:s>
                                 </a:s>
                                 <a:s>.</a:s>
                                 <a:s r="13">
                                    <a:s>&quot;Denominator&quot;</a:s>
                                 </a:s>
                              </a:s>
                              <a:s>
        and </a:s>
                              <a:s r="16">
                                 <a:s>not </a:s>
                                 <a:s r="15">
                                    <a:s r="14">
                                       <a:s>THA_TKA_Common</a:s>
                                    </a:s>
                                    <a:s>.</a:s>
                                    <a:s r="15">
                                       <a:s>&quot;VTE-Specific Denominator Exclusions&quot;</a:s>
                                    </a:s>
                                 </a:s>
                              </a:s>
                           </a:s>
                           <a:s>
    )</a:s>
                        </a:s>
                        <a:s>* </a:s>
                        <a:s r="27">
                           <a:s>&quot;VTE Weight&quot;</a:s>
                        </a:s>
                     </a:s>
                     <a:s>
  )</a:s>
                  </a:s>
                  <a:s> + </a:s>
                  <a:s r="37">
                     <a:s>( </a:s>
                     <a:s r="37">
                        <a:s r="35">
                           <a:s>ToScore(</a:s>
                           <a:s r="34">
                              <a:s r="30">
                                 <a:s r="29">
                                    <a:s>THA_TKA_Common</a:s>
                                 </a:s>
                                 <a:s>.</a:s>
                                 <a:s r="30">
                                    <a:s>&quot;Denominator&quot;</a:s>
                                 </a:s>
                              </a:s>
                              <a:s>
        and </a:s>
                              <a:s r="33">
                                 <a:s>not </a:s>
                                 <a:s r="32">
                                    <a:s r="31">
                                       <a:s>THA_TKA_Common</a:s>
                                    </a:s>
                                    <a:s>.</a:s>
                                    <a:s r="32">
                                       <a:s>&quot;Bleeding-Specific Denominator Exclusions&quot;</a:s>
                                    </a:s>
                                 </a:s>
                              </a:s>
                           </a:s>
                           <a:s>
    )</a:s>
                        </a:s>
                        <a:s>* </a:s>
                        <a:s r="36">
                           <a:s>&quot;Bleeding Weight&quot;</a:s>
                        </a:s>
                     </a:s>
                     <a:s>
  )</a:s>
                  </a:s>
               </a:s>
            </a:s>
         </annotation>
         <expression localId="38" locator="21:3-27:3" xsi:type="Add">
            <operand localId="28" locator="21:3-24:3" xsi:type="Multiply">
               <operand xsi:type="ToDecimal">
                  <operand localId="24" locator="21:5-23:5" name="ToScore" xsi:type="FunctionRef">
                     <operand localId="17" locator="21:13-22:68" xsi:type="And">
                        <operand localId="13" locator="21:13-21:40" name="Denominator" libraryName="THA_TKA_Common" xsi:type="ExpressionRef"/>
                        <operand localId="16" locator="22:13-22:68" xsi:type="Not">
                           <operand localId="15" locator="22:17-22:68" name="VTE-Specific Denominator Exclusions" libraryName="THA_TKA_Common" xsi:type="ExpressionRef"/>
                        </operand>
                     </operand>
                  </operand>
               </operand>
               <operand localId="27" locator="23:8-23:19" name="VTE Weight" xsi:type="ExpressionRef"/>
            </operand>
            <operand xsi:type="ToDecimal">
               <operand localId="37" locator="24:7-27:3" xsi:type="Multiply">
                  <operand localId="35" locator="24:9-26:5" name="ToScore" xsi:type="FunctionRef">
                     <operand localId="34" locator="24:17-25:73" xsi:type="And">
                        <operand localId="30" locator="24:17-24:44" name="Denominator" libraryName="THA_TKA_Common" xsi:type="ExpressionRef"/>
                        <operand localId="33" locator="25:13-25:73" xsi:type="Not">
                           <operand localId="32" locator="25:17-25:73" name="Bleeding-Specific Denominator Exclusions" libraryName="THA_TKA_Common" xsi:type="ExpressionRef"/>
                        </operand>
                     </operand>
                  </operand>
                  <operand localId="36" locator="26:8-26:24" name="Bleeding Weight" xsi:type="ExpressionRef"/>
               </operand>
            </operand>
         </expression>
      </def>
      <def localId="59" locator="30:1-37:3" name="Measure Numerator Score" context="Patient" accessLevel="Public">
         <annotation xsi:type="a:Annotation">
            <a:s r="59">
               <a:s>/*So this is a patient-based linear combination, which we can then weight by introducing the weighting factor as a component of the measure observation calculation*/define &quot;Measure Numerator Score&quot;:
  </a:s>
               <a:s r="58">
                  <a:s r="48">
                     <a:s>( </a:s>
                     <a:s r="48">
                        <a:s r="46">
                           <a:s>ToScore(</a:s>
                           <a:s r="45">
                              <a:s r="41">
                                 <a:s r="40">
                                    <a:s>THA_TKA_Common</a:s>
                                 </a:s>
                                 <a:s>.</a:s>
                                 <a:s r="41">
                                    <a:s>&quot;VTE-Specific Numerator&quot;</a:s>
                                 </a:s>
                              </a:s>
                              <a:s>
        and </a:s>
                              <a:s r="44">
                                 <a:s>not </a:s>
                                 <a:s r="43">
                                    <a:s r="42">
                                       <a:s>THA_TKA_Common</a:s>
                                    </a:s>
                                    <a:s>.</a:s>
                                    <a:s r="43">
                                       <a:s>&quot;VTE-Specific Denominator Exclusions&quot;</a:s>
                                    </a:s>
                                 </a:s>
                              </a:s>
                           </a:s>
                           <a:s>
    )</a:s>
                        </a:s>
                        <a:s>* </a:s>
                        <a:s r="47">
                           <a:s>&quot;VTE Weight&quot;</a:s>
                        </a:s>
                     </a:s>
                     <a:s>
  )</a:s>
                  </a:s>
                  <a:s> + </a:s>
                  <a:s r="57">
                     <a:s>( </a:s>
                     <a:s r="57">
                        <a:s r="55">
                           <a:s>ToScore(</a:s>
                           <a:s r="54">
                              <a:s r="50">
                                 <a:s r="49">
                                    <a:s>THA_TKA_Common</a:s>
                                 </a:s>
                                 <a:s>.</a:s>
                                 <a:s r="50">
                                    <a:s>&quot;Bleeding-Specific Numerator&quot;</a:s>
                                 </a:s>
                              </a:s>
                              <a:s>
        and </a:s>
                              <a:s r="53">
                                 <a:s>not </a:s>
                                 <a:s r="52">
                                    <a:s r="51">
                                       <a:s>THA_TKA_Common</a:s>
                                    </a:s>
                                    <a:s>.</a:s>
                                    <a:s r="52">
                                       <a:s>&quot;Bleeding-Specific Denominator Exclusions&quot;</a:s>
                                    </a:s>
                                 </a:s>
                              </a:s>
                           </a:s>
                           <a:s>
    )</a:s>
                        </a:s>
                        <a:s>* </a:s>
                        <a:s r="56">
                           <a:s>&quot;Bleeding Weight&quot;</a:s>
                        </a:s>
                     </a:s>
                     <a:s>
  )</a:s>
                  </a:s>
               </a:s>
            </a:s>
         </annotation>
         <expression localId="58" locator="31:3-37:3" xsi:type="Add">
            <operand localId="48" locator="31:3-34:3" xsi:type="Multiply">
               <operand xsi:type="ToDecimal">
                  <operand localId="46" locator="31:5-33:5" name="ToScore" xsi:type="FunctionRef">
                     <operand localId="45" locator="31:13-32:68" xsi:type="And">
                        <operand localId="41" locator="31:13-31:51" name="VTE-Specific Numerator" libraryName="THA_TKA_Common" xsi:type="ExpressionRef"/>
                        <operand localId="44" locator="32:13-32:68" xsi:type="Not">
                           <operand localId="43" locator="32:17-32:68" name="VTE-Specific Denominator Exclusions" libraryName="THA_TKA_Common" xsi:type="ExpressionRef"/>
                        </operand>
                     </operand>
                  </operand>
               </operand>
               <operand localId="47" locator="33:8-33:19" name="VTE Weight" xsi:type="ExpressionRef"/>
            </operand>
            <operand xsi:type="ToDecimal">
               <operand localId="57" locator="34:7-37:3" xsi:type="Multiply">
                  <operand localId="55" locator="34:9-36:5" name="ToScore" xsi:type="FunctionRef">
                     <operand localId="54" locator="34:17-35:73" xsi:type="And">
                        <operand localId="50" locator="34:17-34:60" name="Bleeding-Specific Numerator" libraryName="THA_TKA_Common" xsi:type="ExpressionRef"/>
                        <operand localId="53" locator="35:13-35:73" xsi:type="Not">
                           <operand localId="52" locator="35:17-35:73" name="Bleeding-Specific Denominator Exclusions" libraryName="THA_TKA_Common" xsi:type="ExpressionRef"/>
                        </operand>
                     </operand>
                  </operand>
                  <operand localId="56" locator="36:8-36:24" name="Bleeding Weight" xsi:type="ExpressionRef"/>
               </operand>
            </operand>
         </expression>
      </def>
      <def localId="62" locator="39:1-40:30" name="Measure Population" context="Patient" accessLevel="Public">
         <annotation xsi:type="a:Annotation">
            <a:s r="62">
               <a:s>define &quot;Measure Population&quot;:
  </a:s>
               <a:s r="61">
                  <a:s r="60">
                     <a:s>THA_TKA_Common</a:s>
                  </a:s>
                  <a:s>.</a:s>
                  <a:s r="61">
                     <a:s>&quot;Denominator&quot;</a:s>
                  </a:s>
               </a:s>
            </a:s>
         </annotation>
         <expression localId="61" locator="40:3-40:30" name="Denominator" libraryName="THA_TKA_Common" xsi:type="ExpressionRef"/>
      </def>
      <def localId="65" locator="43:1-44:48" name="Measure Population Exclusion" context="Patient" accessLevel="Public">
         <annotation xsi:type="a:Annotation">
            <a:s r="65">
               <a:s>/*For the measure population exclusions, we only want to exclude characteristics that are common to both events. Otherwise, we might exclude an event for a VTE exclusion, and end up missing it when it should have counted for a Bleeding event.*/define &quot;Measure Population Exclusion&quot;:
  </a:s>
               <a:s r="64">
                  <a:s r="63">
                     <a:s>THA_TKA_Common</a:s>
                  </a:s>
                  <a:s>.</a:s>
                  <a:s r="64">
                     <a:s>&quot;Common Denominator Exclusions&quot;</a:s>
                  </a:s>
               </a:s>
            </a:s>
         </annotation>
         <expression localId="64" locator="44:3-44:48" name="Common Denominator Exclusions" libraryName="THA_TKA_Common" xsi:type="ExpressionRef"/>
      </def>
      <def localId="67" locator="46:1-47:51" name="SDE Ethnicity" context="Patient" accessLevel="Public">
         <annotation xsi:type="a:Annotation">
            <a:s r="67">
               <a:s>define &quot;SDE Ethnicity&quot;:
  </a:s>
               <a:s r="66">
                  <a:s>[&quot;Patient Characteristic Ethnicity&quot;: </a:s>
                  <a:s>
                     <a:s>&quot;Ethnicity&quot;</a:s>
                  </a:s>
                  <a:s>]</a:s>
               </a:s>
            </a:s>
         </annotation>
         <expression localId="66" locator="47:3-47:51" xmlns:ns1="urn:healthit-gov:qdm:v5_6" dataType="ns1:PatientCharacteristicEthnicity" codeProperty="code" codeComparator="in" xsi:type="Retrieve">
            <codes locator="47:40-47:50" name="Ethnicity" xsi:type="ValueSetRef"/>
         </expression>
      </def>
      <def localId="69" locator="49:1-50:43" name="SDE Payer" context="Patient" accessLevel="Public">
         <annotation xsi:type="a:Annotation">
            <a:s r="69">
               <a:s>define &quot;SDE Payer&quot;:
  </a:s>
               <a:s r="68">
                  <a:s>[&quot;Patient Characteristic Payer&quot;: </a:s>
                  <a:s>
                     <a:s>&quot;Payer&quot;</a:s>
                  </a:s>
                  <a:s>]</a:s>
               </a:s>
            </a:s>
         </annotation>
         <expression localId="68" locator="50:3-50:43" xmlns:ns2="urn:healthit-gov:qdm:v5_6" dataType="ns2:PatientCharacteristicPayer" codeProperty="code" codeComparator="in" xsi:type="Retrieve">
            <codes locator="50:36-50:42" name="Payer" xsi:type="ValueSetRef"/>
         </expression>
      </def>
      <def localId="71" locator="52:1-53:41" name="SDE Race" context="Patient" accessLevel="Public">
         <annotation xsi:type="a:Annotation">
            <a:s r="71">
               <a:s>define &quot;SDE Race&quot;:
  </a:s>
               <a:s r="70">
                  <a:s>[&quot;Patient Characteristic Race&quot;: </a:s>
                  <a:s>
                     <a:s>&quot;Race&quot;</a:s>
                  </a:s>
                  <a:s>]</a:s>
               </a:s>
            </a:s>
         </annotation>
         <expression localId="70" locator="53:3-53:41" xmlns:ns3="urn:healthit-gov:qdm:v5_6" dataType="ns3:PatientCharacteristicRace" codeProperty="code" codeComparator="in" xsi:type="Retrieve">
            <codes locator="53:35-53:40" name="Race" xsi:type="ValueSetRef"/>
         </expression>
      </def>
      <def localId="73" locator="55:1-56:58" name="SDE Sex" context="Patient" accessLevel="Public">
         <annotation xsi:type="a:Annotation">
            <a:s r="73">
               <a:s>define &quot;SDE Sex&quot;:
  </a:s>
               <a:s r="72">
                  <a:s>[&quot;Patient Characteristic Sex&quot;: </a:s>
                  <a:s>
                     <a:s>&quot;ONC Administrative Sex&quot;</a:s>
                  </a:s>
                  <a:s>]</a:s>
               </a:s>
            </a:s>
         </annotation>
         <expression localId="72" locator="56:3-56:58" xmlns:ns4="urn:healthit-gov:qdm:v5_6" dataType="ns4:PatientCharacteristicSex" codeProperty="code" codeComparator="in" xsi:type="Retrieve">
            <codes locator="56:34-56:57" name="ONC Administrative Sex" xsi:type="ValueSetRef"/>
         </expression>
      </def>
      <def localId="77" locator="61:1-62:57" name="Measure Observation" context="Patient" accessLevel="Public" xsi:type="FunctionDef">
         <annotation xsi:type="a:Annotation">
            <a:s r="77">
               <a:s>define function &quot;Measure Observation&quot;():
  </a:s>
               <a:s r="76">
                  <a:s r="76">
                     <a:s r="74">
                        <a:s>&quot;Measure Numerator Score&quot;</a:s>
                     </a:s>
                     <a:s> / </a:s>
                     <a:s r="75">
                        <a:s>&quot;Measure Denominator Score&quot;</a:s>
                     </a:s>
                  </a:s>
               </a:s>
            </a:s>
         </annotation>
         <expression localId="76" locator="62:3-62:57" xsi:type="Divide">
            <operand localId="74" locator="62:3-62:27" name="Measure Numerator Score" xsi:type="ExpressionRef"/>
            <operand localId="75" locator="62:31-62:57" name="Measure Denominator Score" xsi:type="ExpressionRef"/>
         </expression>
      </def>
   </statements>
</library>
