<?xml version="1.0" encoding="UTF-8" standalone="yes"?>
<QualityMeasureDocument xmlns="urn:hl7-org:v3" xmlns:cql-ext="urn:hhs-cql:hqmf-n1-extensions:v1"
                        xmlns:xsi="http://www.w3.org/2001/XMLSchema-instance">
         
      <!--
			**************************************************************
			Measure Details Section
			**************************************************************
		-->
         
      <typeId extension="POQM_HD000001UV02" root="2.16.840.1.113883.1.3"/>
   <templateId>
      <item extension="2019-05-01" root="2.16.840.1.113883.10.20.28.1.2"/>
   </templateId>
   <id root="40280382-6adc-d9dc-016b-ffb490ae4e17"/>
   <code code="57024-2" codeSystem="2.16.840.1.113883.6.1">
      <displayName value="Health Quality Measure Document"/>
   </code>
   <title value="AIS_HEDIS_MY2020_MY2021"/>
   <text value=""/>
   <statusCode code="COMPLETED"/>
   <setId root="53c1cf03-2883-4504-86e5-7513f04494c8"/>
   <versionNumber value="2.0.000"/>
   <author>
      <responsibleParty classCode="ASSIGNED">
         <representedResponsibleOrganization classCode="ORG" determinerCode="INSTANCE">
            <id>
               <item root="2.16.840.1.113883.3.464"/>
            </id>
            <name>
               <item>
                  <part value="National Committee for Quality Assurance"/>
               </item>
            </name>
         </representedResponsibleOrganization>
      </responsibleParty>
   </author>
   <custodian>
      <responsibleParty classCode="ASSIGNED">
         <representedResponsibleOrganization classCode="ORG" determinerCode="INSTANCE">
            <id>
               <item root="40"/>
            </id>
            <name>
               <item>
                  <part value="National Committee for Quality Assurance"/>
               </item>
            </name>
         </representedResponsibleOrganization>
      </responsibleParty>
   </custodian>
   <!--Herpes Zoster Live Immunization-->
     	 <definition>
      <valueSet classCode="OBS" moodCode="DEF">
         <id root="2.16.840.1.113883.3.464.1004.1915"/>
         <title value="Herpes Zoster Live Immunization"/>
      </valueSet>
   </definition>
   <!--Adult Influenza Immunization-->
     	 <definition>
      <valueSet classCode="OBS" moodCode="DEF">
         <id root="2.16.840.1.113883.3.464.1004.1913"/>
         <title value="Adult Influenza Immunization"/>
      </valueSet>
   </definition>
   <!--Cochlear Implant-->
     	 <definition>
      <valueSet classCode="OBS" moodCode="DEF">
         <id root="2.16.840.1.113883.3.464.1004.1447"/>
         <title value="Cochlear Implant"/>
      </valueSet>
   </definition>
   <!--Tdap Vaccine Procedure-->
     	 <definition>
      <valueSet classCode="OBS" moodCode="DEF">
         <id root="2.16.840.1.113883.3.464.1004.1792"/>
         <title value="Tdap Vaccine Procedure"/>
      </valueSet>
   </definition>
   <!--Influenza Virus LAIV Immunization-->
     	 <definition>
      <valueSet classCode="OBS" moodCode="DEF">
         <id root="2.16.840.1.113883.3.464.1004.1974"/>
         <title value="Influenza Virus LAIV Immunization"/>
      </valueSet>
   </definition>
   <!--Hospice Encounter-->
     	 <definition>
      <valueSet classCode="OBS" moodCode="DEF">
         <id root="2.16.840.1.113883.3.464.1004.1761"/>
         <title value="Hospice Encounter"/>
      </valueSet>
   </definition>
   <!--Cochlear Implant Device-->
     	 <definition>
      <valueSet classCode="OBS" moodCode="DEF">
         <id root="2.16.840.1.113883.3.464.1004.1521"/>
         <title value="Cochlear Implant Device"/>
      </valueSet>
   </definition>
   <!--Adult Influenza Vaccine Procedure-->
     	 <definition>
      <valueSet classCode="OBS" moodCode="DEF">
         <id root="2.16.840.1.113883.3.464.1004.1914"/>
         <title value="Adult Influenza Vaccine Procedure"/>
      </valueSet>
   </definition>
   <!--Pneumococcal Polysaccharide 23 Vaccine Procedure-->
     	 <definition>
      <valueSet classCode="OBS" moodCode="DEF">
         <id root="2.16.840.1.113883.3.464.1004.1922"/>
         <title value="Pneumococcal Polysaccharide 23 Vaccine Procedure"/>
      </valueSet>
   </definition>
   <!--Sickle Cell Anemia and HB S Disease-->
     	 <definition>
      <valueSet classCode="OBS" moodCode="DEF">
         <id root="2.16.840.1.113883.3.464.1004.1373"/>
         <title value="Sickle Cell Anemia and HB S Disease"/>
      </valueSet>
   </definition>
   <!--Cerebrospinal Fluid Leak-->
     	 <definition>
      <valueSet classCode="OBS" moodCode="DEF">
         <id root="2.16.840.1.113883.3.464.1004.1448"/>
         <title value="Cerebrospinal Fluid Leak"/>
      </valueSet>
   </definition>
   <!--Tdap Immunization-->
     	 <definition>
      <valueSet classCode="OBS" moodCode="DEF">
         <id root="2.16.840.1.113883.3.464.1004.1791"/>
         <title value="Tdap Immunization"/>
      </valueSet>
   </definition>
   <!--Td Vaccine Procedure-->
     	 <definition>
      <valueSet classCode="OBS" moodCode="DEF">
         <id root="2.16.840.1.113883.3.464.1004.1924"/>
         <title value="Td Vaccine Procedure"/>
      </valueSet>
   </definition>
   <!--Cochlear Implant Diagnosis-->
     	 <definition>
      <valueSet classCode="OBS" moodCode="DEF">
         <id root="2.16.840.1.113883.3.464.1004.1520"/>
         <title value="Cochlear Implant Diagnosis"/>
      </valueSet>
   </definition>
   <!--Hospice Intervention-->
     	 <definition>
      <valueSet classCode="OBS" moodCode="DEF">
         <id root="2.16.840.1.113883.3.464.1004.1762"/>
         <title value="Hospice Intervention"/>
      </valueSet>
   </definition>
   <!--Bone Marrow Transplant-->
     	 <definition>
      <valueSet classCode="OBS" moodCode="DEF">
         <id root="2.16.840.1.113883.3.464.1004.1325"/>
         <title value="Bone Marrow Transplant"/>
      </valueSet>
   </definition>
   <!--Influenza Virus LAIV Vaccine Procedure-->
     	 <definition>
      <valueSet classCode="OBS" moodCode="DEF">
         <id root="2.16.840.1.113883.3.464.1004.1973"/>
         <title value="Influenza Virus LAIV Vaccine Procedure"/>
      </valueSet>
   </definition>
   <!--Td Immunization-->
     	 <definition>
      <valueSet classCode="OBS" moodCode="DEF">
         <id root="2.16.840.1.113883.3.464.1004.1923"/>
         <title value="Td Immunization"/>
      </valueSet>
   </definition>
   <!--Herpes Zoster Recombinant Vaccine Procedure-->
     	 <definition>
      <valueSet classCode="OBS" moodCode="DEF">
         <id root="2.16.840.1.113883.3.464.1004.1918"/>
         <title value="Herpes Zoster Recombinant Vaccine Procedure"/>
      </valueSet>
   </definition>
   <!--Chemotherapy Procedure-->
     	 <definition>
      <valueSet classCode="OBS" moodCode="DEF">
         <id root="2.16.840.1.113883.3.464.1004.1500"/>
         <title value="Chemotherapy Procedure"/>
      </valueSet>
   </definition>
   <!--Chemotherapy Encounter-->
     	 <definition>
      <valueSet classCode="OBS" moodCode="DEF">
         <id root="2.16.840.1.113883.3.464.1004.1519"/>
         <title value="Chemotherapy Encounter"/>
      </valueSet>
   </definition>
   <!--Anatomic or Functional Asplenia-->
     	 <definition>
      <valueSet classCode="OBS" moodCode="DEF">
         <id root="2.16.840.1.113883.3.464.1004.1477"/>
         <title value="Anatomic or Functional Asplenia"/>
      </valueSet>
   </definition>
   <!--Herpes Zoster Live Vaccine Procedure-->
     	 <definition>
      <valueSet classCode="OBS" moodCode="DEF">
         <id root="2.16.840.1.113883.3.464.1004.1917"/>
         <title value="Herpes Zoster Live Vaccine Procedure"/>
      </valueSet>
   </definition>
   <!--Herpes Zoster Recombinant Immunization-->
     	 <definition>
      <valueSet classCode="OBS" moodCode="DEF">
         <id root="2.16.840.1.113883.3.464.1004.1916"/>
         <title value="Herpes Zoster Recombinant Immunization"/>
      </valueSet>
   </definition>
   <!--Immunocompromising Conditions-->
     	 <definition>
      <valueSet classCode="OBS" moodCode="DEF">
         <id root="2.16.840.1.113883.3.464.1004.1502"/>
         <title value="Immunocompromising Conditions"/>
      </valueSet>
   </definition>
   <!--Pneumococcal Polysaccharide 23 Immunization-->
     	 <definition>
      <valueSet classCode="OBS" moodCode="DEF">
         <id root="2.16.840.1.113883.3.464.1004.1921"/>
         <title value="Pneumococcal Polysaccharide 23 Immunization"/>
      </valueSet>
   </definition>
   <!--Post tetanus vaccination encephalitis (disorder)-CODE:/CodeSystem/SNOMEDCT/Version/2018-03/Code/192710009/Info-->
      <definition>
      <cql-ext:code code="192710009" codeSystem="2.16.840.1.113883.6.96" codeSystemName="SNOMEDCT">
         <displayName value="Post tetanus vaccination encephalitis (disorder)"/>
      </cql-ext:code>
   </definition>
   <!--Post diphtheria vaccination encephalitis (disorder)-CODE:/CodeSystem/SNOMEDCT/Version/2018-03/Code/192711008/Info-->
      <definition>
      <cql-ext:code code="192711008" codeSystem="2.16.840.1.113883.6.96" codeSystemName="SNOMEDCT">
         <displayName value="Post diphtheria vaccination encephalitis (disorder)"/>
      </cql-ext:code>
   </definition>
   <!--Influenza virus vaccine adverse reaction (disorder)-CODE:/CodeSystem/SNOMEDCT/Version/2018-03/Code/420113004/Info-->
      <definition>
      <cql-ext:code code="420113004" codeSystem="2.16.840.1.113883.6.96" codeSystemName="SNOMEDCT">
         <displayName value="Influenza virus vaccine adverse reaction (disorder)"/>
      </cql-ext:code>
   </definition>
   <!--MEDICARE-CODE:/CodeSystem/SOP/Version/8.0/Code/1/Info-->
      <definition>
      <cql-ext:code code="1" codeSystem="2.16.840.1.113883.3.221.5" codeSystemName="SOP">
         <displayName value="MEDICARE"/>
      </cql-ext:code>
   </definition>
   <!--PRIVATE HEALTH INSURANCE-CODE:/CodeSystem/SOP/Version/8.0/Code/5/Info-->
      <definition>
      <cql-ext:code code="5" codeSystem="2.16.840.1.113883.3.221.5" codeSystemName="SOP">
         <displayName value="PRIVATE HEALTH INSURANCE"/>
      </cql-ext:code>
   </definition>
   <!--Adverse reaction caused by zoster vaccine (disorder)-CODE:/CodeSystem/SNOMEDCT/Version/2016-09/Code/451291000124104/Info-->
      <definition>
      <cql-ext:code code="451291000124104" codeSystem="2.16.840.1.113883.6.96"
                    codeSystemName="SNOMEDCT"
                    codeSystemVersion="2016-09">
         <displayName value="Adverse reaction caused by zoster vaccine (disorder)"/>
      </cql-ext:code>
   </definition>
   <!--Birth date-CODE:/CodeSystem/LOINC/Version/2.52/Code/21112-8/Info-->
      <definition>
      <cql-ext:code code="21112-8" codeSystem="2.16.840.1.113883.6.1" codeSystemName="LOINC">
         <displayName value="Birth date"/>
      </cql-ext:code>
   </definition>
   <!--Anaphylaxis due to tetanus, diphtheria and acellular pertussis vaccine (disorder)-CODE:/CodeSystem/SNOMEDCT/Version/2017-03/Code/428291000124105/Info-->
      <definition>
      <cql-ext:code code="428291000124105" codeSystem="2.16.840.1.113883.6.96"
                    codeSystemName="SNOMEDCT">
         <displayName value="Anaphylaxis due to tetanus, diphtheria and acellular pertussis vaccine (disorder)"/>
      </cql-ext:code>
   </definition>
   <!--MEDICAID-CODE:/CodeSystem/SOP/Version/8.0/Code/2/Info-->
      <definition>
      <cql-ext:code code="2" codeSystem="2.16.840.1.113883.3.221.5" codeSystemName="SOP">
         <displayName value="MEDICAID"/>
      </cql-ext:code>
   </definition>
   <!--Pneumococcal vaccine adverse reaction (disorder)-CODE:/CodeSystem/SNOMEDCT/Version/2018-03/Code/293116002/Info-->
      <definition>
      <cql-ext:code code="293116002" codeSystem="2.16.840.1.113883.6.96" codeSystemName="SNOMEDCT">
         <displayName value="Pneumococcal vaccine adverse reaction (disorder)"/>
      </cql-ext:code>
   </definition>
   <!--Anaphylaxis due to diphtheria and tetanus vaccine (disorder)-CODE:/CodeSystem/SNOMEDCT/Version/2018-03/Code/428281000124107/Info-->
      <definition>
      <cql-ext:code code="428281000124107" codeSystem="2.16.840.1.113883.6.96"
                    codeSystemName="SNOMEDCT">
         <displayName value="Anaphylaxis due to diphtheria and tetanus vaccine (disorder)"/>
      </cql-ext:code>
   </definition>
   <!--Post pertussis vaccination encephalitis (disorder)-CODE:/CodeSystem/SNOMEDCT/Version/2018-03/Code/192712001/Info-->
      <definition>
      <cql-ext:code code="192712001" codeSystem="2.16.840.1.113883.6.96" codeSystemName="SNOMEDCT">
         <displayName value="Post pertussis vaccination encephalitis (disorder)"/>
      </cql-ext:code>
   </definition>
   <relatedDocument typeCode="COMP">
      <expressionDocument>
         <id root="81980717-7421-4FCC-A4B4-27D9B77EC75E"/>
         <text mediaType="text/cql">
            <reference value="https://emeasuretool.cms.gov/libraries/53c1cf03-2883-4504-86e5-7513f04494c8/AIS_HEDIS_2020-2.0.000.cql"/>
            <translation mediaType="application/elm+xml">
               <reference value="https://emeasuretool.cms.gov/libraries/53c1cf03-2883-4504-86e5-7513f04494c8/AIS_HEDIS_2020-2.0.000.xml"/>
            </translation>
            <translation mediaType="application/elm+json">
               <reference value="https://emeasuretool.cms.gov/libraries/53c1cf03-2883-4504-86e5-7513f04494c8/AIS_HEDIS_2020-2.0.000.json"/>
            </translation>
         </text>
         <setId extension="53c1cf03-2883-4504-86e5-7513f04494c8"
                identifierName="AIS_HEDIS_2020"
                root="https://emeasuretool.cms.gov/libraries"/>
         <versionNumber value="2.0.000"/>
      </expressionDocument>
   </relatedDocument>
   <relatedDocument typeCode="COMP">
      <expressionDocument>
         <id root="2c9280837348ec170173533b745901d4"/>
         <text mediaType="text/cql">
            <reference value="https://emeasuretool.cms.gov/libraries/ce4355ea-cf91-4cc2-befd-2ebf44921e03/NCQA_Common-6.0.000.cql"/>
            <translation mediaType="application/elm+xml">
               <reference value="https://emeasuretool.cms.gov/libraries/ce4355ea-cf91-4cc2-befd-2ebf44921e03/NCQA_Common-6.0.000.xml"/>
            </translation>
            <translation mediaType="application/elm+json">
               <reference value="https://emeasuretool.cms.gov/libraries/ce4355ea-cf91-4cc2-befd-2ebf44921e03/NCQA_Common-6.0.000.json"/>
            </translation>
         </text>
         <setId extension="ce4355ea-cf91-4cc2-befd-2ebf44921e03" identifierName="NCQA_Common"
                root="https://emeasuretool.cms.gov/libraries"/>
         <versionNumber value="6.0.000"/>
      </expressionDocument>
   </relatedDocument>
   <controlVariable>
      <measurePeriod>
         <id extension="measureperiod" root="3dc0d8cc-0e02-4e91-85a5-26168a747b3c"/>
         <code code="MSRTP" codeSystem="2.16.840.1.113883.5.4">
            <originalText value="Measurement Period"/>
         </code>
         <value xsi:type="PIVL_TS">
            <phase highClosed="true" lowClosed="true">
               <low value="20200101"/>
               <width unit="a" value="1" xsi:type="PQ"/>
            </phase>
            <period unit="a" value="1"/>
         </value>
      </measurePeriod>
   </controlVariable>
   <subjectOf>
      <measureAttribute>
         <code nullFlavor="OTH">
            <originalText value="eCQM Identifier (Measure Authoring Tool)"/>
         </code>
         <value mediaType="text/plain" value="" xsi:type="ED"/>
      </measureAttribute>
   </subjectOf>
   <subjectOf>
      <measureAttribute>
         <code nullFlavor="OTH">
            <originalText value="NQF Number"/>
         </code>
         <value mediaType="text/plain" value="Not Applicable" xsi:type="ED"/>
      </measureAttribute>
   </subjectOf>
   <subjectOf>
      <measureAttribute>
         <code code="COPY" codeSystem="2.16.840.1.113883.5.4">
            <displayName value="Copyright"/>
         </code>
         <value mediaType="text/plain"
                value="*Developed with support from the Department of Health and Human Services (DHHS), Office of the Assistant Secretary for Health (OASH), National Vaccine Program Office (NVPO).&#xA;&#xA;HEDIS® is a registered trademark of the National Committee for Quality Assurance (“NCQA”). The HEDIS measures and specifications were developed by and are owned by NCQA. NCQA holds a copyright in these materials and may rescind or alter these materials at any time. Users of the HEDIS measures and specifications shall not have the right to alter, enhance or otherwise modify the HEDIS measures and specifications, and shall not disassemble, recompile or reverse engineer the HEDIS measures and specifications. Use of the Rules for Allowable Adjustments of HEDIS to make permitted adjustments of the materials does not constitute a modification. Anyone desiring to use or reproduce the materials without modification for an internal, quality improvement non-commercial purpose may do so without obtaining any approval from NCQA. All other uses, including a commercial use (including but not limited to vendors using the measures and specifications with a product or service to calculate measure results) and/or external reproduction, distribution and publication of the materials or measure results therefrom must be approved by NCQA and are subject to a license at the discretion of NCQA.  &#xA;&#xA;HEDIS measures and specifications are not clinical guidelines, do not establish a standard of medical care and have not been tested for all potential applications. The measures and specifications are provided “as is” without warranty of any kind. NCQA makes no representations, warranties or endorsements about the quality of any product, test or protocol identified as numerator compliant or otherwise identified as meeting the requirements of a HEDIS measure or specification. NCQA also makes no representations, warranties or endorsements about the quality of any organization or clinician who uses or reports performance measures. NCQA has no liability to anyone who relies on HEDIS measures and specifications or data reflective of performance under such measures and specifications. &#xA;&#xA;A calculated measure result (a “rate”) from a HEDIS measure that has not been certified via NCQA’s Measure Certification Program, and is based on unadjusted HEDIS specifications, may not be called a “Health Plan HEDIS rate” until it is audited and designated reportable by an NCQA-Certified HEDIS Compliance Auditor. Until such time, such measure rates shall be designated or referred to as “Uncertified, Unaudited Health Plan HEDIS Rates” and may only be used for internal, quality improvement purposes (e.g., trend analysis). &#xA;&#xA;A rate from a HEDIS measure that has not been certified via NCQA’s Measure Certification Program, and is based on adjusted HEDIS specifications, may not be called an “Adjusted HEDIS rate” until it is audited and designated reportable by an NCQA-Certified HEDIS Compliance Auditor. Until such time, such measure rates shall be designated or referred to as “Adjusted, Uncertified, Unaudited HEDIS Rates” and may only be used for internal, quality improvement purposes (e.g., trend analysis).&#xA;&#xA;Limited proprietary coding is contained in the measure specifications for convenience. Users of the proprietary code sets should obtain all necessary licenses from the owners of these code sets. NCQA disclaims all liability for use or accuracy of any coding contained in the specifications. &#xA;&#xA;The American Medical Association holds a copyright to the CPT® codes contained in the measure specifications. &#xA;&#xA;The American Hospital Association holds a copyright to the Uniform Billing Codes (“UB”) contained in the measure specifications. The UB Codes in the HEDIS specifications are included with the permission of the AHA. The UB Codes contained in the HEDIS specifications may be used by health plans and other health care delivery organizations for the purpose of calculating and reporting HEDIS measure results or using HEDIS measure results for their internal quality improvement purposes. All other uses of the UB Codes require a license from the AHA. Anyone desiring to use the UB Codes in a commercial Product(s) to generate HEDIS results, or for any other commercial use, must obtain a commercial use license directly from the AHA. To inquire about licensing, contact ub04@aha.org.&#xA;&#xA;Some measure specifications contain coding from LOINC® (http://loinc.org). The LOINC table, LOINC codes, LOINC panels and form file, LOINC linguistic variants file, LOINC/RSNA Radiology Playbook, and LOINC/IEEE Medical Device Code Mapping Table are copyright © 1995–2020 Regenstrief Institute, Inc. and the Logical Observation Identifiers Names and Codes (LOINC) Committee and are available at no cost under the license at http://loinc.org/terms-of-use.&#xA;&#xA;“SNOMED” and “SNOMED CT” are registered trademarks of the International Health Terminology Standards Development Organisation (IHTSDO).&#xA;&#xA;“HL7” is the registered trademark of Health Level Seven International.&#xA;&#xA;© 2020 by the National Committee for Quality Assurance &#xA;1100 13th Street NW, Third Floor&#xA;Washington, DC 20005&#xA;NCQA Customer Support: 888-275-7585&#xA;NCQA Fax: 202-955-3599&#xA;NCQA Website: www.ncqa.org&#xA;Submit policy clarification support questions via My.NCQA (http://my.ncqa.org)"
                xsi:type="ED"/>
      </measureAttribute>
   </subjectOf>
   <subjectOf>
      <measureAttribute>
         <code code="DISC" codeSystem="2.16.840.1.113883.5.4">
            <displayName value="Disclaimer"/>
         </code>
         <value mediaType="text/plain" value="" xsi:type="ED"/>
      </measureAttribute>
   </subjectOf>
   <subjectOf>
      <measureAttribute>
         <code code="MSRSCORE" codeSystem="2.16.840.1.113883.5.4">
            <displayName value="Measure Scoring"/>
         </code>
         <value code="PROPOR" codeSystem="2.16.840.1.113883.5.1063" xsi:type="CD">
            <displayName value="Proportion"/>
         </value>
      </measureAttribute>
   </subjectOf>
   <subjectOf>
      <measureAttribute>
         <code code="MSRTYPE" codeSystem="2.16.840.1.113883.5.4">
            <displayName value="Measure Type"/>
         </code>
         <value code="PROCESS" codeSystem="2.16.840.1.113883.5.1063" xsi:type="CD">
            <displayName value="PROCESS"/>
         </value>
      </measureAttribute>
   </subjectOf>
   <subjectOf>
      <measureAttribute>
         <code code="STRAT" codeSystem="2.16.840.1.113883.5.4">
            <displayName value="Stratification"/>
         </code>
         <value mediaType="text/plain" value="" xsi:type="ED"/>
      </measureAttribute>
   </subjectOf>
   <subjectOf>
      <measureAttribute>
         <code code="MSRADJ" codeSystem="2.16.840.1.113883.5.4">
            <displayName value="Risk Adjustment"/>
         </code>
         <value mediaType="text/plain" value="" xsi:type="ED"/>
      </measureAttribute>
   </subjectOf>
   <subjectOf>
      <measureAttribute>
         <code code="MSRAGG" codeSystem="2.16.840.1.113883.5.4">
            <displayName value="Rate Aggregation"/>
         </code>
         <value mediaType="text/plain" value="" xsi:type="ED"/>
      </measureAttribute>
   </subjectOf>
   <subjectOf>
      <measureAttribute>
         <code code="RAT" codeSystem="2.16.840.1.113883.5.4">
            <displayName value="Rationale"/>
         </code>
         <value mediaType="text/plain" value="" xsi:type="ED"/>
      </measureAttribute>
   </subjectOf>
   <subjectOf>
      <measureAttribute>
         <code code="CRS" codeSystem="2.16.840.1.113883.5.4">
            <displayName value="Clinical Recommendation Statement"/>
         </code>
         <value mediaType="text/plain" value="" xsi:type="ED"/>
      </measureAttribute>
   </subjectOf>
   <subjectOf>
      <measureAttribute>
         <code code="IDUR" codeSystem="2.16.840.1.113883.5.4">
            <displayName value="Improvement Notation"/>
         </code>
         <value mediaType="text/plain" value="" xsi:type="ED"/>
      </measureAttribute>
   </subjectOf>
   <subjectOf>
      <measureAttribute>
         <code code="REF" codeSystem="2.16.840.1.113883.5.4">
            <displayName value="Reference"/>
         </code>
         <value mediaType="text/plain" xsi:type="ED"/>
      </measureAttribute>
   </subjectOf>
   <subjectOf>
      <measureAttribute>
         <code code="DEF" codeSystem="2.16.840.1.113883.5.4">
            <displayName value="Definition"/>
         </code>
         <value mediaType="text/plain" xsi:type="ED"/>
      </measureAttribute>
   </subjectOf>
   <subjectOf>
      <measureAttribute>
         <code code="GUIDE" codeSystem="2.16.840.1.113883.5.4">
            <displayName value="Guidance"/>
         </code>
         <value mediaType="text/plain" value="" xsi:type="ED"/>
      </measureAttribute>
   </subjectOf>
   <subjectOf>
      <measureAttribute>
         <code code="TRANF" codeSystem="2.16.840.1.113883.5.4">
            <displayName value="Transmission Format"/>
         </code>
         <value mediaType="text/plain" value="" xsi:type="ED"/>
      </measureAttribute>
   </subjectOf>
   <subjectOf>
      <measureAttribute>
         <code code="IPOP" codeSystem="2.16.840.1.113883.5.4">
            <displayName value="Initial Population"/>
         </code>
         <value mediaType="text/plain" value="" xsi:type="ED"/>
      </measureAttribute>
   </subjectOf>
   <subjectOf>
      <measureAttribute>
         <code code="DENOM" codeSystem="2.16.840.1.113883.5.4">
            <displayName value="Denominator"/>
         </code>
         <value mediaType="text/plain" value="" xsi:type="ED"/>
      </measureAttribute>
   </subjectOf>
   <subjectOf>
      <measureAttribute>
         <code code="DENEX" codeSystem="2.16.840.1.113883.5.4">
            <displayName value="Denominator Exclusions"/>
         </code>
         <value mediaType="text/plain" value="" xsi:type="ED"/>
      </measureAttribute>
   </subjectOf>
   <subjectOf>
      <measureAttribute>
         <code code="NUMER" codeSystem="2.16.840.1.113883.5.4">
            <displayName value="Numerator"/>
         </code>
         <value mediaType="text/plain" value="" xsi:type="ED"/>
      </measureAttribute>
   </subjectOf>
   <subjectOf>
      <measureAttribute>
         <code code="NUMEX" codeSystem="2.16.840.1.113883.5.4">
            <displayName value="Numerator Exclusions"/>
         </code>
         <value mediaType="text/plain" value="" xsi:type="ED"/>
      </measureAttribute>
   </subjectOf>
   <subjectOf>
      <measureAttribute>
         <code code="DENEXCEP" codeSystem="2.16.840.1.113883.5.4">
            <displayName value="Denominator Exceptions"/>
         </code>
         <value mediaType="text/plain" value="" xsi:type="ED"/>
      </measureAttribute>
   </subjectOf>
   <subjectOf>
      <measureAttribute>
         <code code="SDE" codeSystem="2.16.840.1.113883.5.4">
            <displayName value="Supplemental Data Elements"/>
         </code>
         <value mediaType="text/plain" value="" xsi:type="ED"/>
      </measureAttribute>
   </subjectOf>
   <componentOf>
      <qualityMeasureSet classCode="ACT">
         <id root=""/>
         <title value=""/>
      </qualityMeasureSet>
   </componentOf>
   <!--Data Criteria Section-->
   <component>
      <dataCriteriaSection>
         <templateId>
            <item extension="2019-05-01" root="2.16.840.1.113883.10.20.28.2.6"/>
         </templateId>
         <code code="57025-9" codeSystem="2.16.840.1.113883.6.1"/>
         <title value="Data Criteria Section"/>
         <text/>
         <entry typeCode="DRIV">
            <localVariableName value="HerpesZosterLiveImmunization_ImmunizationAdministered_5dpkP"/>
            <substanceAdministrationCriteria classCode="SBADM" moodCode="EVN">
               <templateId>
                  <item extension="2019-05-01" root="2.16.840.1.113883.10.20.28.4.112"/>
               </templateId>
               <id extension="HerpesZosterLiveImmunization_ImmunizationAdministered"
                   root="f3af66f1-6572-4595-9b94-40eca9ab7b88"/>
               <code code="416118004" codeSystem="2.16.840.1.113883.6.96">
                  <displayName value="Administration"/>
               </code>
               <title value="Immunization, Administered"/>
               <statusCode code="COMPLETED"/>
			            <participation typeCode="CSM">
                  <role classCode="MANU">
                     <playingManufacturedMaterial classCode="MMAT" determinerCode="KIND">
                        <code valueSet="2.16.840.1.113883.3.464.1004.1915"/>
                     </playingManufacturedMaterial>
                  </role>
               </participation>
		          </substanceAdministrationCriteria>
         </entry>
         <entry typeCode="DRIV">
            <localVariableName value="AdultInfluenzaImmunization_ImmunizationAdministered_vqBww"/>
            <substanceAdministrationCriteria classCode="SBADM" moodCode="EVN">
               <templateId>
                  <item extension="2019-05-01" root="2.16.840.1.113883.10.20.28.4.112"/>
               </templateId>
               <id extension="AdultInfluenzaImmunization_ImmunizationAdministered"
                   root="8cea7bf4-eca4-4b7b-aef9-d308dfe730af"/>
               <code code="416118004" codeSystem="2.16.840.1.113883.6.96">
                  <displayName value="Administration"/>
               </code>
               <title value="Immunization, Administered"/>
               <statusCode code="COMPLETED"/>
			            <participation typeCode="CSM">
                  <role classCode="MANU">
                     <playingManufacturedMaterial classCode="MMAT" determinerCode="KIND">
                        <code valueSet="2.16.840.1.113883.3.464.1004.1913"/>
                     </playingManufacturedMaterial>
                  </role>
               </participation>
		          </substanceAdministrationCriteria>
         </entry>
         <entry typeCode="DRIV">
            <localVariableName value="CochlearImplant_ProcedurePerformed_N3pib"/>
            <procedureCriteria classCode="PROC" moodCode="EVN">
               <templateId>
                  <item extension="2019-05-01" root="2.16.840.1.113883.10.20.28.4.67"/>
               </templateId>
               <id extension="CochlearImplant_ProcedurePerformed"
                   root="4d3c24de-7917-4430-901c-ac5e05849da5"/>
               <code valueSet="2.16.840.1.113883.3.464.1004.1447"/>
               <title value="Procedure, Performed"/>
               <statusCode code="COMPLETED"/>
            </procedureCriteria>
         </entry>
         <entry typeCode="DRIV">
            <localVariableName value="TdapVaccineProcedure_ProcedurePerformed_tJrBw"/>
            <procedureCriteria classCode="PROC" moodCode="EVN">
               <templateId>
                  <item extension="2019-05-01" root="2.16.840.1.113883.10.20.28.4.67"/>
               </templateId>
               <id extension="TdapVaccineProcedure_ProcedurePerformed"
                   root="e9ae696c-7cd3-4936-9102-1703b7137c22"/>
               <code valueSet="2.16.840.1.113883.3.464.1004.1792"/>
               <title value="Procedure, Performed"/>
               <statusCode code="COMPLETED"/>
            </procedureCriteria>
         </entry>
         <entry typeCode="DRIV">
            <localVariableName value="InfluenzaVirusLAIVImmunization_ImmunizationAdministered_kSiVB"/>
            <substanceAdministrationCriteria classCode="SBADM" moodCode="EVN">
               <templateId>
                  <item extension="2019-05-01" root="2.16.840.1.113883.10.20.28.4.112"/>
               </templateId>
               <id extension="InfluenzaVirusLAIVImmunization_ImmunizationAdministered"
                   root="4b2187f1-ca78-485c-8231-5ed43d805a54"/>
               <code code="416118004" codeSystem="2.16.840.1.113883.6.96">
                  <displayName value="Administration"/>
               </code>
               <title value="Immunization, Administered"/>
               <statusCode code="COMPLETED"/>
			            <participation typeCode="CSM">
                  <role classCode="MANU">
                     <playingManufacturedMaterial classCode="MMAT" determinerCode="KIND">
                        <code valueSet="2.16.840.1.113883.3.464.1004.1974"/>
                     </playingManufacturedMaterial>
                  </role>
               </participation>
		          </substanceAdministrationCriteria>
         </entry>
         <entry typeCode="DRIV">
            <localVariableName value="HospiceEncounter_EncounterPerformed_x4Cf4"/>
            <encounterCriteria classCode="ENC" moodCode="EVN">
               <templateId>
                  <item extension="2019-05-01" root="2.16.840.1.113883.10.20.28.4.5"/>
               </templateId>
               <id extension="HospiceEncounter_EncounterPerformed"
                   root="269e1b28-43a8-4671-8ee7-d0174b0d6bc3"/>
               <code valueSet="2.16.840.1.113883.3.464.1004.1761"/>
               <title value="Encounter, Performed"/>
               <statusCode code="COMPLETED"/>
            </encounterCriteria>
         </entry>
         <entry typeCode="DRIV">
            <localVariableName value="CochlearImplantDevice_DeviceApplied_tW9TG"/>
            <procedureCriteria classCode="PROC" moodCode="EVN">
               <templateId>
                  <item extension="2019-05-01" root="2.16.840.1.113883.10.20.28.4.13"/>
               </templateId>
               <id extension="CochlearImplantDevice_DeviceApplied"
                   root="e2fc7332-2a66-4101-a646-0565634fdd3f"/>
               <code code="360030002" codeSystem="2.16.840.1.113883.6.96">
                  <displayName value="Application of Device"/>
               </code>
               <title value="Device, Applied"/>
               <statusCode code="COMPLETED"/>
			            <participation typeCode="DEV">
                  <role classCode="MANU">
                     <playingDevice classCode="DEV" determinerCode="KIND">
                        <code valueSet="2.16.840.1.113883.3.464.1004.1521"/>
                     </playingDevice>
                  </role>
               </participation>
		          </procedureCriteria>
         </entry>
         <entry typeCode="DRIV">
            <localVariableName value="AdultInfluenzaVaccineProcedure_ProcedurePerformed_SdirZ"/>
            <procedureCriteria classCode="PROC" moodCode="EVN">
               <templateId>
                  <item extension="2019-05-01" root="2.16.840.1.113883.10.20.28.4.67"/>
               </templateId>
               <id extension="AdultInfluenzaVaccineProcedure_ProcedurePerformed"
                   root="525b6494-ac7e-42bf-b65e-684a3a345ea3"/>
               <code valueSet="2.16.840.1.113883.3.464.1004.1914"/>
               <title value="Procedure, Performed"/>
               <statusCode code="COMPLETED"/>
            </procedureCriteria>
         </entry>
         <entry typeCode="DRIV">
            <localVariableName value="PneumococcalPolysaccharide23VaccineProcedure_ProcedurePerformed_v9jt0"/>
            <procedureCriteria classCode="PROC" moodCode="EVN">
               <templateId>
                  <item extension="2019-05-01" root="2.16.840.1.113883.10.20.28.4.67"/>
               </templateId>
               <id extension="PneumococcalPolysaccharide23VaccineProcedure_ProcedurePerformed"
                   root="37f7fbc5-a60b-485c-91d9-c892b88a0494"/>
               <code valueSet="2.16.840.1.113883.3.464.1004.1922"/>
               <title value="Procedure, Performed"/>
               <statusCode code="COMPLETED"/>
            </procedureCriteria>
         </entry>
         <entry typeCode="DRIV">
            <localVariableName value="SickleCellAnemiaandHBSDisease_Diagnosis_GQsc6"/>
            <observationCriteria classCode="OBS" moodCode="EVN">
               <templateId>
                  <item extension="2019-05-01" root="2.16.840.1.113883.10.20.28.4.110"/>
               </templateId>
               <id extension="SickleCellAnemiaandHBSDisease_Diagnosis"
                   root="83861180-018f-4b38-aa73-1473b6c9a737"/>
               <code code="282291009" codeSystem="2.16.840.1.113883.6.96" codeSystemName="SNOMED CT">
                  <displayName value="Diagnosis"/>
               </code>
               <title value="Diagnosis"/>
               <statusCode code="COMPLETED"/>
               <value valueSet="2.16.840.1.113883.3.464.1004.1373" xsi:type="CD"/>
            </observationCriteria>
         </entry>
         <entry typeCode="DRIV">
            <localVariableName value="CerebrospinalFluidLeak_Diagnosis_L5YXD"/>
            <observationCriteria classCode="OBS" moodCode="EVN">
               <templateId>
                  <item extension="2019-05-01" root="2.16.840.1.113883.10.20.28.4.110"/>
               </templateId>
               <id extension="CerebrospinalFluidLeak_Diagnosis"
                   root="619ce2fc-8ee3-45de-80cb-e1a6ac48836a"/>
               <code code="282291009" codeSystem="2.16.840.1.113883.6.96" codeSystemName="SNOMED CT">
                  <displayName value="Diagnosis"/>
               </code>
               <title value="Diagnosis"/>
               <statusCode code="COMPLETED"/>
               <value valueSet="2.16.840.1.113883.3.464.1004.1448" xsi:type="CD"/>
            </observationCriteria>
         </entry>
         <entry typeCode="DRIV">
            <localVariableName value="TdapImmunization_ImmunizationAdministered_xhbxh"/>
            <substanceAdministrationCriteria classCode="SBADM" moodCode="EVN">
               <templateId>
                  <item extension="2019-05-01" root="2.16.840.1.113883.10.20.28.4.112"/>
               </templateId>
               <id extension="TdapImmunization_ImmunizationAdministered"
                   root="94fe249c-0aff-4a2c-9d9d-c0f97ce2eff0"/>
               <code code="416118004" codeSystem="2.16.840.1.113883.6.96">
                  <displayName value="Administration"/>
               </code>
               <title value="Immunization, Administered"/>
               <statusCode code="COMPLETED"/>
			            <participation typeCode="CSM">
                  <role classCode="MANU">
                     <playingManufacturedMaterial classCode="MMAT" determinerCode="KIND">
                        <code valueSet="2.16.840.1.113883.3.464.1004.1791"/>
                     </playingManufacturedMaterial>
                  </role>
               </participation>
		          </substanceAdministrationCriteria>
         </entry>
         <entry typeCode="DRIV">
            <localVariableName value="TdVaccineProcedure_ProcedurePerformed_DrX1e"/>
            <procedureCriteria classCode="PROC" moodCode="EVN">
               <templateId>
                  <item extension="2019-05-01" root="2.16.840.1.113883.10.20.28.4.67"/>
               </templateId>
               <id extension="TdVaccineProcedure_ProcedurePerformed"
                   root="5625de8e-d666-4927-a3ce-84cfe1e3b331"/>
               <code valueSet="2.16.840.1.113883.3.464.1004.1924"/>
               <title value="Procedure, Performed"/>
               <statusCode code="COMPLETED"/>
            </procedureCriteria>
         </entry>
         <entry typeCode="DRIV">
            <localVariableName value="CochlearImplantDiagnosis_Diagnosis_s0xSm"/>
            <observationCriteria classCode="OBS" moodCode="EVN">
               <templateId>
                  <item extension="2019-05-01" root="2.16.840.1.113883.10.20.28.4.110"/>
               </templateId>
               <id extension="CochlearImplantDiagnosis_Diagnosis"
                   root="4563db96-e520-459d-b3b5-19fdda423863"/>
               <code code="282291009" codeSystem="2.16.840.1.113883.6.96" codeSystemName="SNOMED CT">
                  <displayName value="Diagnosis"/>
               </code>
               <title value="Diagnosis"/>
               <statusCode code="COMPLETED"/>
               <value valueSet="2.16.840.1.113883.3.464.1004.1520" xsi:type="CD"/>
            </observationCriteria>
         </entry>
         <entry typeCode="DRIV">
            <localVariableName value="HospiceIntervention_InterventionPerformed_makT4"/>
            <actCriteria classCode="ACT" moodCode="EVN">
               <templateId>
                  <item extension="2019-05-01" root="2.16.840.1.113883.10.20.28.4.36"/>
               </templateId>
               <id extension="HospiceIntervention_InterventionPerformed"
                   root="7efb7d7a-fbdf-4327-bda0-1b7171ddd4dd"/>
               <code valueSet="2.16.840.1.113883.3.464.1004.1762"/>
               <title value="Intervention, Performed"/>
               <statusCode code="COMPLETED"/>
            </actCriteria>
         </entry>
         <entry typeCode="DRIV">
            <localVariableName value="BoneMarrowTransplant_ProcedurePerformed_EJzIL"/>
            <procedureCriteria classCode="PROC" moodCode="EVN">
               <templateId>
                  <item extension="2019-05-01" root="2.16.840.1.113883.10.20.28.4.67"/>
               </templateId>
               <id extension="BoneMarrowTransplant_ProcedurePerformed"
                   root="1885f9b2-8c27-4b45-a6ae-2947dfb2bd04"/>
               <code valueSet="2.16.840.1.113883.3.464.1004.1325"/>
               <title value="Procedure, Performed"/>
               <statusCode code="COMPLETED"/>
            </procedureCriteria>
         </entry>
         <entry typeCode="DRIV">
            <localVariableName value="InfluenzaVirusLAIVVaccineProcedure_ProcedurePerformed_knk8z"/>
            <procedureCriteria classCode="PROC" moodCode="EVN">
               <templateId>
                  <item extension="2019-05-01" root="2.16.840.1.113883.10.20.28.4.67"/>
               </templateId>
               <id extension="InfluenzaVirusLAIVVaccineProcedure_ProcedurePerformed"
                   root="02d5d646-8f1d-4a72-bc58-0ad02ae81e26"/>
               <code valueSet="2.16.840.1.113883.3.464.1004.1973"/>
               <title value="Procedure, Performed"/>
               <statusCode code="COMPLETED"/>
            </procedureCriteria>
         </entry>
         <entry typeCode="DRIV">
            <localVariableName value="TdImmunization_ImmunizationAdministered_fsE8j"/>
            <substanceAdministrationCriteria classCode="SBADM" moodCode="EVN">
               <templateId>
                  <item extension="2019-05-01" root="2.16.840.1.113883.10.20.28.4.112"/>
               </templateId>
               <id extension="TdImmunization_ImmunizationAdministered"
                   root="01bf640d-19e7-4df5-82b5-22859c857e56"/>
               <code code="416118004" codeSystem="2.16.840.1.113883.6.96">
                  <displayName value="Administration"/>
               </code>
               <title value="Immunization, Administered"/>
               <statusCode code="COMPLETED"/>
			            <participation typeCode="CSM">
                  <role classCode="MANU">
                     <playingManufacturedMaterial classCode="MMAT" determinerCode="KIND">
                        <code valueSet="2.16.840.1.113883.3.464.1004.1923"/>
                     </playingManufacturedMaterial>
                  </role>
               </participation>
		          </substanceAdministrationCriteria>
         </entry>
         <entry typeCode="DRIV">
            <localVariableName value="HerpesZosterRecombinantVaccineProcedure_ProcedurePerformed_br90z"/>
            <procedureCriteria classCode="PROC" moodCode="EVN">
               <templateId>
                  <item extension="2019-05-01" root="2.16.840.1.113883.10.20.28.4.67"/>
               </templateId>
               <id extension="HerpesZosterRecombinantVaccineProcedure_ProcedurePerformed"
                   root="9655778c-0eca-4003-a1da-f979a5e609b9"/>
               <code valueSet="2.16.840.1.113883.3.464.1004.1918"/>
               <title value="Procedure, Performed"/>
               <statusCode code="COMPLETED"/>
            </procedureCriteria>
         </entry>
         <entry typeCode="DRIV">
            <localVariableName value="ChemotherapyProcedure_ProcedurePerformed_6Id6w"/>
            <procedureCriteria classCode="PROC" moodCode="EVN">
               <templateId>
                  <item extension="2019-05-01" root="2.16.840.1.113883.10.20.28.4.67"/>
               </templateId>
               <id extension="ChemotherapyProcedure_ProcedurePerformed"
                   root="989edbca-f62b-487e-aba4-3cac2bc00b01"/>
               <code valueSet="2.16.840.1.113883.3.464.1004.1500"/>
               <title value="Procedure, Performed"/>
               <statusCode code="COMPLETED"/>
            </procedureCriteria>
         </entry>
         <entry typeCode="DRIV">
            <localVariableName value="ChemotherapyEncounter_EncounterPerformed_7Oait"/>
            <encounterCriteria classCode="ENC" moodCode="EVN">
               <templateId>
                  <item extension="2019-05-01" root="2.16.840.1.113883.10.20.28.4.5"/>
               </templateId>
               <id extension="ChemotherapyEncounter_EncounterPerformed"
                   root="9e7eed6c-0d88-489f-9253-c923c927f7ed"/>
               <code valueSet="2.16.840.1.113883.3.464.1004.1519"/>
               <title value="Encounter, Performed"/>
               <statusCode code="COMPLETED"/>
            </encounterCriteria>
         </entry>
         <entry typeCode="DRIV">
            <localVariableName value="AnatomicorFunctionalAsplenia_Diagnosis_skMDe"/>
            <observationCriteria classCode="OBS" moodCode="EVN">
               <templateId>
                  <item extension="2019-05-01" root="2.16.840.1.113883.10.20.28.4.110"/>
               </templateId>
               <id extension="AnatomicorFunctionalAsplenia_Diagnosis"
                   root="06c37b01-4904-463a-8828-8c7b5bca9dbb"/>
               <code code="282291009" codeSystem="2.16.840.1.113883.6.96" codeSystemName="SNOMED CT">
                  <displayName value="Diagnosis"/>
               </code>
               <title value="Diagnosis"/>
               <statusCode code="COMPLETED"/>
               <value valueSet="2.16.840.1.113883.3.464.1004.1477" xsi:type="CD"/>
            </observationCriteria>
         </entry>
         <entry typeCode="DRIV">
            <localVariableName value="HerpesZosterLiveVaccineProcedure_ProcedurePerformed_5i5vs"/>
            <procedureCriteria classCode="PROC" moodCode="EVN">
               <templateId>
                  <item extension="2019-05-01" root="2.16.840.1.113883.10.20.28.4.67"/>
               </templateId>
               <id extension="HerpesZosterLiveVaccineProcedure_ProcedurePerformed"
                   root="bdee561d-5062-4593-984d-9d5298f6e5b4"/>
               <code valueSet="2.16.840.1.113883.3.464.1004.1917"/>
               <title value="Procedure, Performed"/>
               <statusCode code="COMPLETED"/>
            </procedureCriteria>
         </entry>
         <entry typeCode="DRIV">
            <localVariableName value="HerpesZosterRecombinantImmunization_ImmunizationAdministered_jhLpw"/>
            <substanceAdministrationCriteria classCode="SBADM" moodCode="EVN">
               <templateId>
                  <item extension="2019-05-01" root="2.16.840.1.113883.10.20.28.4.112"/>
               </templateId>
               <id extension="HerpesZosterRecombinantImmunization_ImmunizationAdministered"
                   root="e0e34429-fa0c-4e76-91ff-b2c720317f03"/>
               <code code="416118004" codeSystem="2.16.840.1.113883.6.96">
                  <displayName value="Administration"/>
               </code>
               <title value="Immunization, Administered"/>
               <statusCode code="COMPLETED"/>
			            <participation typeCode="CSM">
                  <role classCode="MANU">
                     <playingManufacturedMaterial classCode="MMAT" determinerCode="KIND">
                        <code valueSet="2.16.840.1.113883.3.464.1004.1916"/>
                     </playingManufacturedMaterial>
                  </role>
               </participation>
		          </substanceAdministrationCriteria>
         </entry>
         <entry typeCode="DRIV">
            <localVariableName value="ImmunocompromisingConditions_Diagnosis_aivGP"/>
            <observationCriteria classCode="OBS" moodCode="EVN">
               <templateId>
                  <item extension="2019-05-01" root="2.16.840.1.113883.10.20.28.4.110"/>
               </templateId>
               <id extension="ImmunocompromisingConditions_Diagnosis"
                   root="f4fcfdc7-0042-45f4-b27d-ad3bbff248ce"/>
               <code code="282291009" codeSystem="2.16.840.1.113883.6.96" codeSystemName="SNOMED CT">
                  <displayName value="Diagnosis"/>
               </code>
               <title value="Diagnosis"/>
               <statusCode code="COMPLETED"/>
               <value valueSet="2.16.840.1.113883.3.464.1004.1502" xsi:type="CD"/>
            </observationCriteria>
         </entry>
         <entry typeCode="DRIV">
            <localVariableName value="PneumococcalPolysaccharide23Immunization_ImmunizationAdministered_v7EaO"/>
            <substanceAdministrationCriteria classCode="SBADM" moodCode="EVN">
               <templateId>
                  <item extension="2019-05-01" root="2.16.840.1.113883.10.20.28.4.112"/>
               </templateId>
               <id extension="PneumococcalPolysaccharide23Immunization_ImmunizationAdministered"
                   root="8b19ef98-babb-4742-b04c-4340ba6218a1"/>
               <code code="416118004" codeSystem="2.16.840.1.113883.6.96">
                  <displayName value="Administration"/>
               </code>
               <title value="Immunization, Administered"/>
               <statusCode code="COMPLETED"/>
			            <participation typeCode="CSM">
                  <role classCode="MANU">
                     <playingManufacturedMaterial classCode="MMAT" determinerCode="KIND">
                        <code valueSet="2.16.840.1.113883.3.464.1004.1921"/>
                     </playingManufacturedMaterial>
                  </role>
               </participation>
		          </substanceAdministrationCriteria>
         </entry>
         <entry typeCode="DRIV">
            <observationCriteria classCode="OBS" moodCode="EVN">
               <templateId>
                  <item extension="2019-05-01" root="2.16.840.1.113883.10.20.28.4.110"/>
               </templateId>
               <id extension="192710009_Diagnosis" root="AD0411FF-A9B7-43E2-85C7-9EBBDBAF9F7A"/>
               <code code="282291009" codeSystem="2.16.840.1.113883.6.96" codeSystemName="SNOMED CT">
                  <displayName value="Diagnosis"/>
               </code>
               <title value="Diagnosis"/>
               <statusCode code="COMPLETED"/>
               <value code="192710009" codeSystem="2.16.840.1.113883.6.96" codeSystemName="SNOMEDCT"
                      xsi:type="CD"/>
            </observationCriteria>
         </entry>
         <entry typeCode="DRIV">
            <observationCriteria classCode="OBS" moodCode="EVN">
               <templateId>
                  <item extension="2019-05-01" root="2.16.840.1.113883.10.20.28.4.110"/>
               </templateId>
               <id extension="192711008_Diagnosis" root="778058CE-EFCE-4CC3-9EB4-2BF73C8D12AD"/>
               <code code="282291009" codeSystem="2.16.840.1.113883.6.96" codeSystemName="SNOMED CT">
                  <displayName value="Diagnosis"/>
               </code>
               <title value="Diagnosis"/>
               <statusCode code="COMPLETED"/>
               <value code="192711008" codeSystem="2.16.840.1.113883.6.96" codeSystemName="SNOMEDCT"
                      xsi:type="CD"/>
            </observationCriteria>
         </entry>
         <entry typeCode="DRIV">
            <observationCriteria classCode="OBS" moodCode="EVN">
               <templateId>
                  <item extension="2019-05-01" root="2.16.840.1.113883.10.20.28.4.110"/>
               </templateId>
               <id extension="420113004_Diagnosis" root="492E4D01-0097-4601-92C3-C493095A09C1"/>
               <code code="282291009" codeSystem="2.16.840.1.113883.6.96" codeSystemName="SNOMED CT">
                  <displayName value="Diagnosis"/>
               </code>
               <title value="Diagnosis"/>
               <statusCode code="COMPLETED"/>
               <value code="420113004" codeSystem="2.16.840.1.113883.6.96" codeSystemName="SNOMEDCT"
                      xsi:type="CD"/>
            </observationCriteria>
         </entry>
         <entry typeCode="DRIV">
            <observationCriteria classCode="OBS" moodCode="EVN">
               <templateId>
                  <item extension="2019-05-01" root="2.16.840.1.113883.10.20.28.4.130"/>
               </templateId>
               <id extension="1_Participation" root="3C10247D-B894-4E05-B75C-9BCF6E80AAD3"/>
               <code code="ASSERTION" codeSystem="2.16.840.1.113883.5.4"/>
               <title value="Participation"/>
               <statusCode code="COMPLETED"/>
               <value code="1" codeSystem="2.16.840.1.113883.3.221.5" codeSystemName="SOP"
                      xsi:type="CD"/>
            </observationCriteria>
         </entry>
         <entry typeCode="DRIV">
            <observationCriteria classCode="OBS" moodCode="EVN">
               <templateId>
                  <item extension="2019-05-01" root="2.16.840.1.113883.10.20.28.4.130"/>
               </templateId>
               <id extension="5_Participation" root="05CB3F39-E4C0-4BD0-8C2A-C6387068393D"/>
               <code code="ASSERTION" codeSystem="2.16.840.1.113883.5.4"/>
               <title value="Participation"/>
               <statusCode code="COMPLETED"/>
               <value code="5" codeSystem="2.16.840.1.113883.3.221.5" codeSystemName="SOP"
                      xsi:type="CD"/>
            </observationCriteria>
         </entry>
         <entry typeCode="DRIV">
            <observationCriteria classCode="OBS" moodCode="EVN">
               <templateId>
                  <item extension="2019-05-01" root="2.16.840.1.113883.10.20.28.4.110"/>
               </templateId>
               <id extension="451291000124104_Diagnosis"
                   root="D5124531-F2A5-46D3-BA29-82FC55B57022"/>
               <code code="282291009" codeSystem="2.16.840.1.113883.6.96" codeSystemName="SNOMED CT">
                  <displayName value="Diagnosis"/>
               </code>
               <title value="Diagnosis"/>
               <statusCode code="COMPLETED"/>
               <value code="451291000124104" codeSystem="2.16.840.1.113883.6.96"
                      codeSystemName="SNOMEDCT"
                      codeSystemVersion="2016-09"
                      xsi:type="CD"/>
            </observationCriteria>
         </entry>
         <entry typeCode="DRIV">
            <observationCriteria classCode="OBS" moodCode="EVN">
               <templateId>
                  <item extension="2017-05-01" root="2.16.840.1.113883.10.20.28.4.54"/>
               </templateId>
               <id extension="21112-8_PatientCharacteristicBirthdate"
                   root="0E3D93E8-0ADB-429A-B445-33EEE118B4C7"/>
               <code code="21112-8" codeSystem="2.16.840.1.113883.6.1" codeSystemName="LOINC"/>
               <title value="Patient Characteristic Birthdate"/>
               <statusCode code="COMPLETED"/>
            </observationCriteria>
         </entry>
         <entry typeCode="DRIV">
            <observationCriteria classCode="OBS" moodCode="EVN">
               <templateId>
                  <item extension="2019-05-01" root="2.16.840.1.113883.10.20.28.4.110"/>
               </templateId>
               <id extension="428291000124105_Diagnosis"
                   root="B167D06E-74B7-4EE4-82F3-45E3ABE2FC29"/>
               <code code="282291009" codeSystem="2.16.840.1.113883.6.96" codeSystemName="SNOMED CT">
                  <displayName value="Diagnosis"/>
               </code>
               <title value="Diagnosis"/>
               <statusCode code="COMPLETED"/>
               <value code="428291000124105" codeSystem="2.16.840.1.113883.6.96"
                      codeSystemName="SNOMEDCT"
                      xsi:type="CD"/>
            </observationCriteria>
         </entry>
         <entry typeCode="DRIV">
            <observationCriteria classCode="OBS" moodCode="EVN">
               <templateId>
                  <item extension="2019-05-01" root="2.16.840.1.113883.10.20.28.4.130"/>
               </templateId>
               <id extension="2_Participation" root="0D75554A-6703-45D8-AB64-DD546A9C6006"/>
               <code code="ASSERTION" codeSystem="2.16.840.1.113883.5.4"/>
               <title value="Participation"/>
               <statusCode code="COMPLETED"/>
               <value code="2" codeSystem="2.16.840.1.113883.3.221.5" codeSystemName="SOP"
                      xsi:type="CD"/>
            </observationCriteria>
         </entry>
         <entry typeCode="DRIV">
            <observationCriteria classCode="OBS" moodCode="EVN">
               <templateId>
                  <item extension="2019-05-01" root="2.16.840.1.113883.10.20.28.4.110"/>
               </templateId>
               <id extension="293116002_Diagnosis" root="CE320F58-BE9C-4813-9C3D-6A2C39049573"/>
               <code code="282291009" codeSystem="2.16.840.1.113883.6.96" codeSystemName="SNOMED CT">
                  <displayName value="Diagnosis"/>
               </code>
               <title value="Diagnosis"/>
               <statusCode code="COMPLETED"/>
               <value code="293116002" codeSystem="2.16.840.1.113883.6.96" codeSystemName="SNOMEDCT"
                      xsi:type="CD"/>
            </observationCriteria>
         </entry>
         <entry typeCode="DRIV">
            <observationCriteria classCode="OBS" moodCode="EVN">
               <templateId>
                  <item extension="2019-05-01" root="2.16.840.1.113883.10.20.28.4.110"/>
               </templateId>
               <id extension="428281000124107_Diagnosis"
                   root="A23E1304-5032-480E-9E0A-5FC8AA7983D3"/>
               <code code="282291009" codeSystem="2.16.840.1.113883.6.96" codeSystemName="SNOMED CT">
                  <displayName value="Diagnosis"/>
               </code>
               <title value="Diagnosis"/>
               <statusCode code="COMPLETED"/>
               <value code="428281000124107" codeSystem="2.16.840.1.113883.6.96"
                      codeSystemName="SNOMEDCT"
                      xsi:type="CD"/>
            </observationCriteria>
         </entry>
         <entry typeCode="DRIV">
            <observationCriteria classCode="OBS" moodCode="EVN">
               <templateId>
                  <item extension="2019-05-01" root="2.16.840.1.113883.10.20.28.4.110"/>
               </templateId>
               <id extension="192712001_Diagnosis" root="8C21C69A-F6E5-49E9-A2AC-2C2505D3D7B3"/>
               <code code="282291009" codeSystem="2.16.840.1.113883.6.96" codeSystemName="SNOMED CT">
                  <displayName value="Diagnosis"/>
               </code>
               <title value="Diagnosis"/>
               <statusCode code="COMPLETED"/>
               <value code="192712001" codeSystem="2.16.840.1.113883.6.96" codeSystemName="SNOMEDCT"
                      xsi:type="CD"/>
            </observationCriteria>
         </entry>
      </dataCriteriaSection>
   </component>
   <component>
      <populationCriteriaSection>
         <templateId>
            <item extension="2017-08-01" root="2.16.840.1.113883.10.20.28.2.7"/>
         </templateId>
         <id extension="PopulationCriteria1" root="D546A6F2-4488-4F78-B92D-F2BFF830F080"/>
         <code code="57026-7" codeSystem="2.16.840.1.113883.6.1"/>
         <title value="Population Criteria Section"/>
         <text/>
         <component typeCode="COMP">
            <initialPopulationCriteria classCode="OBS" moodCode="EVN">
               <id extension="initialPopulation" root="332E1C61-6A49-4E10-A5A9-59BD09FFD83F"/>
               <code code="IPOP" codeSystem="2.16.840.1.113883.5.4" codeSystemName="Act Code"/>
               <precondition typeCode="PRCN">
                  <criteriaReference classCode="OBS" moodCode="EVN">
                     <id extension="AIS_HEDIS_2020.&quot;Initial Population 1&quot;"
                         root="81980717-7421-4FCC-A4B4-27D9B77EC75E"/>
                  </criteriaReference>
               </precondition>
            </initialPopulationCriteria>
         </component>
         <component typeCode="COMP">
            <denominatorCriteria classCode="OBS" moodCode="EVN">
               <id extension="denominator" root="A16B5A2B-9E28-4C7C-94D7-838EBE434319"/>
               <code code="DENOM" codeSystem="2.16.840.1.113883.5.4" codeSystemName="Act Code"/>
               <precondition typeCode="PRCN">
                  <criteriaReference classCode="OBS" moodCode="EVN">
                     <id extension="AIS_HEDIS_2020.&quot;Denominator 1&quot;"
                         root="81980717-7421-4FCC-A4B4-27D9B77EC75E"/>
                  </criteriaReference>
               </precondition>
            </denominatorCriteria>
         </component>
         <component typeCode="COMP">
            <denominatorExclusionCriteria classCode="OBS" moodCode="EVN">
               <id extension="denominatorExclusions" root="F5BCDB1B-EC56-40D7-BCBA-7BCB3AFEDE95"/>
               <code code="DENEX" codeSystem="2.16.840.1.113883.5.4" codeSystemName="Act Code"/>
               <precondition typeCode="PRCN">
                  <criteriaReference classCode="OBS" moodCode="EVN">
                     <id extension="AIS_HEDIS_2020.&quot;Exclusions 1&quot;"
                         root="81980717-7421-4FCC-A4B4-27D9B77EC75E"/>
                  </criteriaReference>
               </precondition>
            </denominatorExclusionCriteria>
         </component>
         <component typeCode="COMP">
            <numeratorCriteria classCode="OBS" moodCode="EVN">
               <id extension="numerator" root="B18A7572-E552-4F95-9BFD-1DAAA349B405"/>
               <code code="NUMER" codeSystem="2.16.840.1.113883.5.4" codeSystemName="Act Code"/>
               <precondition typeCode="PRCN">
                  <criteriaReference classCode="OBS" moodCode="EVN">
                     <id extension="AIS_HEDIS_2020.&quot;Numerator 1&quot;"
                         root="81980717-7421-4FCC-A4B4-27D9B77EC75E"/>
                  </criteriaReference>
               </precondition>
            </numeratorCriteria>
         </component>
         <component typeCode="COMP">
            <stratifierCriteria>
               <id extension="Stratifiers" root="39F4A4A8-F545-46A2-ACF7-0DB5FDC95B19"/>
               <code code="STRAT" codeSystem="2.16.840.1.113883.5.4" codeSystemName="Act Code"/>
               <precondition typeCode="PRCN">
                  <criteriaReference classCode="OBS" moodCode="EVN">
                     <id extension="AIS_HEDIS_2020.&quot;Stratification 1&quot;"
                         root="81980717-7421-4FCC-A4B4-27D9B77EC75E"/>
                  </criteriaReference>
               </precondition>
            </stratifierCriteria>
         </component>
         <component typeCode="COMP">
            <stratifierCriteria>
               <id extension="Stratifiers" root="9A27B008-D3B4-428E-B9BD-5FD9A4492374"/>
               <code code="STRAT" codeSystem="2.16.840.1.113883.5.4" codeSystemName="Act Code"/>
               <precondition typeCode="PRCN">
                  <criteriaReference classCode="OBS" moodCode="EVN">
                     <id extension="AIS_HEDIS_2020.&quot;Stratification 2&quot;"
                         root="81980717-7421-4FCC-A4B4-27D9B77EC75E"/>
                  </criteriaReference>
               </precondition>
            </stratifierCriteria>
         </component>
         <component typeCode="COMP">
            <stratifierCriteria>
               <id extension="Stratifiers" root="79735F82-26CE-4E3A-9C60-69704271632A"/>
               <code code="STRAT" codeSystem="2.16.840.1.113883.5.4" codeSystemName="Act Code"/>
               <precondition typeCode="PRCN">
                  <criteriaReference classCode="OBS" moodCode="EVN">
                     <id extension="AIS_HEDIS_2020.&quot;Stratification 3&quot;"
                         root="81980717-7421-4FCC-A4B4-27D9B77EC75E"/>
                  </criteriaReference>
               </precondition>
            </stratifierCriteria>
         </component>
      </populationCriteriaSection>
   </component>
   <component>
      <populationCriteriaSection>
         <templateId>
            <item extension="2017-08-01" root="2.16.840.1.113883.10.20.28.2.7"/>
         </templateId>
         <id extension="PopulationCriteria2" root="1C7F296E-941F-480B-B1BD-974EE22C867E"/>
         <code code="57026-7" codeSystem="2.16.840.1.113883.6.1"/>
         <title value="Population Criteria Section"/>
         <text/>
         <component typeCode="COMP">
            <initialPopulationCriteria classCode="OBS" moodCode="EVN">
               <id extension="initialPopulation" root="72052E79-9455-4FB0-951A-F870E7F472CC"/>
               <code code="IPOP" codeSystem="2.16.840.1.113883.5.4" codeSystemName="Act Code"/>
               <precondition typeCode="PRCN">
                  <criteriaReference classCode="OBS" moodCode="EVN">
                     <id extension="AIS_HEDIS_2020.&quot;Initial Population 1&quot;"
                         root="81980717-7421-4FCC-A4B4-27D9B77EC75E"/>
                  </criteriaReference>
               </precondition>
            </initialPopulationCriteria>
         </component>
         <component typeCode="COMP">
            <denominatorCriteria classCode="OBS" moodCode="EVN">
               <id extension="denominator" root="1E4A14E7-9C34-49A8-8DAA-EF53593369FD"/>
               <code code="DENOM" codeSystem="2.16.840.1.113883.5.4" codeSystemName="Act Code"/>
               <precondition typeCode="PRCN">
                  <criteriaReference classCode="OBS" moodCode="EVN">
                     <id extension="AIS_HEDIS_2020.&quot;Denominator 2&quot;"
                         root="81980717-7421-4FCC-A4B4-27D9B77EC75E"/>
                  </criteriaReference>
               </precondition>
            </denominatorCriteria>
         </component>
         <component typeCode="COMP">
            <denominatorExclusionCriteria classCode="OBS" moodCode="EVN">
               <id extension="denominatorExclusions" root="F75FED09-7901-4F65-A897-593893440969"/>
               <code code="DENEX" codeSystem="2.16.840.1.113883.5.4" codeSystemName="Act Code"/>
               <precondition typeCode="PRCN">
                  <criteriaReference classCode="OBS" moodCode="EVN">
                     <id extension="AIS_HEDIS_2020.&quot;Exclusions 2&quot;"
                         root="81980717-7421-4FCC-A4B4-27D9B77EC75E"/>
                  </criteriaReference>
               </precondition>
            </denominatorExclusionCriteria>
         </component>
         <component typeCode="COMP">
            <numeratorCriteria classCode="OBS" moodCode="EVN">
               <id extension="numerator" root="1968C44E-6E0D-4838-BCAF-7CE643A5B99F"/>
               <code code="NUMER" codeSystem="2.16.840.1.113883.5.4" codeSystemName="Act Code"/>
               <precondition typeCode="PRCN">
                  <criteriaReference classCode="OBS" moodCode="EVN">
                     <id extension="AIS_HEDIS_2020.&quot;Numerator 2&quot;"
                         root="81980717-7421-4FCC-A4B4-27D9B77EC75E"/>
                  </criteriaReference>
               </precondition>
            </numeratorCriteria>
         </component>
         <component typeCode="COMP">
            <stratifierCriteria>
               <id extension="Stratifiers" root="DE796550-E561-4252-B295-EE6AF2A260F7"/>
               <code code="STRAT" codeSystem="2.16.840.1.113883.5.4" codeSystemName="Act Code"/>
               <precondition typeCode="PRCN">
                  <criteriaReference classCode="OBS" moodCode="EVN">
                     <id extension="AIS_HEDIS_2020.&quot;Stratification 1&quot;"
                         root="81980717-7421-4FCC-A4B4-27D9B77EC75E"/>
                  </criteriaReference>
               </precondition>
            </stratifierCriteria>
         </component>
         <component typeCode="COMP">
            <stratifierCriteria>
               <id extension="Stratifiers" root="87F4B02A-4614-4C1D-B836-F74C64AD8246"/>
               <code code="STRAT" codeSystem="2.16.840.1.113883.5.4" codeSystemName="Act Code"/>
               <precondition typeCode="PRCN">
                  <criteriaReference classCode="OBS" moodCode="EVN">
                     <id extension="AIS_HEDIS_2020.&quot;Stratification 2&quot;"
                         root="81980717-7421-4FCC-A4B4-27D9B77EC75E"/>
                  </criteriaReference>
               </precondition>
            </stratifierCriteria>
         </component>
         <component typeCode="COMP">
            <stratifierCriteria>
               <id extension="Stratifiers" root="D9843C89-30B0-48D6-9FA6-7D70425748B6"/>
               <code code="STRAT" codeSystem="2.16.840.1.113883.5.4" codeSystemName="Act Code"/>
               <precondition typeCode="PRCN">
                  <criteriaReference classCode="OBS" moodCode="EVN">
                     <id extension="AIS_HEDIS_2020.&quot;Stratification 3&quot;"
                         root="81980717-7421-4FCC-A4B4-27D9B77EC75E"/>
                  </criteriaReference>
               </precondition>
            </stratifierCriteria>
         </component>
      </populationCriteriaSection>
   </component>
   <component>
      <populationCriteriaSection>
         <templateId>
            <item extension="2017-08-01" root="2.16.840.1.113883.10.20.28.2.7"/>
         </templateId>
         <id extension="PopulationCriteria3" root="16FE8C8E-8F59-4EF9-A3CD-69019DC6D656"/>
         <code code="57026-7" codeSystem="2.16.840.1.113883.6.1"/>
         <title value="Population Criteria Section"/>
         <text/>
         <component typeCode="COMP">
            <initialPopulationCriteria classCode="OBS" moodCode="EVN">
               <id extension="initialPopulation" root="80544C96-110A-4E46-B8B5-DC6F11C96D12"/>
               <code code="IPOP" codeSystem="2.16.840.1.113883.5.4" codeSystemName="Act Code"/>
               <precondition typeCode="PRCN">
                  <criteriaReference classCode="OBS" moodCode="EVN">
                     <id extension="AIS_HEDIS_2020.&quot;Initial Population 3&quot;"
                         root="81980717-7421-4FCC-A4B4-27D9B77EC75E"/>
                  </criteriaReference>
               </precondition>
            </initialPopulationCriteria>
         </component>
         <component typeCode="COMP">
            <denominatorCriteria classCode="OBS" moodCode="EVN">
               <id extension="denominator" root="18E4406C-EB16-4929-BB12-8D6EA422F5DC"/>
               <code code="DENOM" codeSystem="2.16.840.1.113883.5.4" codeSystemName="Act Code"/>
               <precondition typeCode="PRCN">
                  <criteriaReference classCode="OBS" moodCode="EVN">
                     <id extension="AIS_HEDIS_2020.&quot;Denominator 3&quot;"
                         root="81980717-7421-4FCC-A4B4-27D9B77EC75E"/>
                  </criteriaReference>
               </precondition>
            </denominatorCriteria>
         </component>
         <component typeCode="COMP">
            <denominatorExclusionCriteria classCode="OBS" moodCode="EVN">
               <id extension="denominatorExclusions" root="F8533BEB-B1FE-4332-807D-375425BB65A0"/>
               <code code="DENEX" codeSystem="2.16.840.1.113883.5.4" codeSystemName="Act Code"/>
               <precondition typeCode="PRCN">
                  <criteriaReference classCode="OBS" moodCode="EVN">
                     <id extension="AIS_HEDIS_2020.&quot;Exclusions 3&quot;"
                         root="81980717-7421-4FCC-A4B4-27D9B77EC75E"/>
                  </criteriaReference>
               </precondition>
            </denominatorExclusionCriteria>
         </component>
         <component typeCode="COMP">
            <numeratorCriteria classCode="OBS" moodCode="EVN">
               <id extension="numerator" root="26CDD5F7-2C7B-49BB-930A-B3B62723C0D9"/>
               <code code="NUMER" codeSystem="2.16.840.1.113883.5.4" codeSystemName="Act Code"/>
               <precondition typeCode="PRCN">
                  <criteriaReference classCode="OBS" moodCode="EVN">
                     <id extension="AIS_HEDIS_2020.&quot;Numerator 3&quot;"
                         root="81980717-7421-4FCC-A4B4-27D9B77EC75E"/>
                  </criteriaReference>
               </precondition>
            </numeratorCriteria>
         </component>
         <component typeCode="COMP">
            <stratifierCriteria>
               <id extension="Stratifiers" root="1D93409B-86F6-46C2-BA91-58DE5C275432"/>
               <code code="STRAT" codeSystem="2.16.840.1.113883.5.4" codeSystemName="Act Code"/>
               <precondition typeCode="PRCN">
                  <criteriaReference classCode="OBS" moodCode="EVN">
                     <id extension="AIS_HEDIS_2020.&quot;Stratification 1&quot;"
                         root="81980717-7421-4FCC-A4B4-27D9B77EC75E"/>
                  </criteriaReference>
               </precondition>
            </stratifierCriteria>
         </component>
         <component typeCode="COMP">
            <stratifierCriteria>
               <id extension="Stratifiers" root="4D8EFC05-798B-4BC2-9D7C-7B00507198E2"/>
               <code code="STRAT" codeSystem="2.16.840.1.113883.5.4" codeSystemName="Act Code"/>
               <precondition typeCode="PRCN">
                  <criteriaReference classCode="OBS" moodCode="EVN">
                     <id extension="AIS_HEDIS_2020.&quot;Stratification 2&quot;"
                         root="81980717-7421-4FCC-A4B4-27D9B77EC75E"/>
                  </criteriaReference>
               </precondition>
            </stratifierCriteria>
         </component>
         <component typeCode="COMP">
            <stratifierCriteria>
               <id extension="Stratifiers" root="364904CA-7960-4148-A9A4-786F731E336B"/>
               <code code="STRAT" codeSystem="2.16.840.1.113883.5.4" codeSystemName="Act Code"/>
               <precondition typeCode="PRCN">
                  <criteriaReference classCode="OBS" moodCode="EVN">
                     <id extension="AIS_HEDIS_2020.&quot;Stratification 3&quot;"
                         root="81980717-7421-4FCC-A4B4-27D9B77EC75E"/>
                  </criteriaReference>
               </precondition>
            </stratifierCriteria>
         </component>
      </populationCriteriaSection>
   </component>
   <component>
      <populationCriteriaSection>
         <templateId>
            <item extension="2017-08-01" root="2.16.840.1.113883.10.20.28.2.7"/>
         </templateId>
         <id extension="PopulationCriteria4" root="5DB661B6-7476-40E0-A08B-9A47A06E9CD8"/>
         <code code="57026-7" codeSystem="2.16.840.1.113883.6.1"/>
         <title value="Population Criteria Section"/>
         <text/>
         <component typeCode="COMP">
            <initialPopulationCriteria classCode="OBS" moodCode="EVN">
               <id extension="initialPopulation" root="9BE72949-716B-42C1-BCD2-CE2743BFCE86"/>
               <code code="IPOP" codeSystem="2.16.840.1.113883.5.4" codeSystemName="Act Code"/>
               <precondition typeCode="PRCN">
                  <criteriaReference classCode="OBS" moodCode="EVN">
                     <id extension="AIS_HEDIS_2020.&quot;Initial Population 4&quot;"
                         root="81980717-7421-4FCC-A4B4-27D9B77EC75E"/>
                  </criteriaReference>
               </precondition>
            </initialPopulationCriteria>
         </component>
         <component typeCode="COMP">
            <denominatorCriteria classCode="OBS" moodCode="EVN">
               <id extension="denominator" root="A6A20AA9-7C96-49EE-A93C-34696CD7A715"/>
               <code code="DENOM" codeSystem="2.16.840.1.113883.5.4" codeSystemName="Act Code"/>
               <precondition typeCode="PRCN">
                  <criteriaReference classCode="OBS" moodCode="EVN">
                     <id extension="AIS_HEDIS_2020.&quot;Denominator 4&quot;"
                         root="81980717-7421-4FCC-A4B4-27D9B77EC75E"/>
                  </criteriaReference>
               </precondition>
            </denominatorCriteria>
         </component>
         <component typeCode="COMP">
            <denominatorExclusionCriteria classCode="OBS" moodCode="EVN">
               <id extension="denominatorExclusions" root="D8E11660-4CBA-4EA9-B248-D972D8F3B03E"/>
               <code code="DENEX" codeSystem="2.16.840.1.113883.5.4" codeSystemName="Act Code"/>
               <precondition typeCode="PRCN">
                  <criteriaReference classCode="OBS" moodCode="EVN">
                     <id extension="AIS_HEDIS_2020.&quot;Exclusions 4&quot;"
                         root="81980717-7421-4FCC-A4B4-27D9B77EC75E"/>
                  </criteriaReference>
               </precondition>
            </denominatorExclusionCriteria>
         </component>
         <component typeCode="COMP">
            <numeratorCriteria classCode="OBS" moodCode="EVN">
               <id extension="numerator" root="6B039CF3-3465-48F9-AD82-94DE49720D41"/>
               <code code="NUMER" codeSystem="2.16.840.1.113883.5.4" codeSystemName="Act Code"/>
               <precondition typeCode="PRCN">
                  <criteriaReference classCode="OBS" moodCode="EVN">
                     <id extension="AIS_HEDIS_2020.&quot;Numerator 4&quot;"
                         root="81980717-7421-4FCC-A4B4-27D9B77EC75E"/>
                  </criteriaReference>
               </precondition>
            </numeratorCriteria>
         </component>
         <component typeCode="COMP">
            <stratifierCriteria>
               <id extension="Stratifiers" root="8544115D-E608-42F4-8647-E50FAD509729"/>
               <code code="STRAT" codeSystem="2.16.840.1.113883.5.4" codeSystemName="Act Code"/>
               <precondition typeCode="PRCN">
                  <criteriaReference classCode="OBS" moodCode="EVN">
                     <id extension="AIS_HEDIS_2020.&quot;Stratification 1&quot;"
                         root="81980717-7421-4FCC-A4B4-27D9B77EC75E"/>
                  </criteriaReference>
               </precondition>
            </stratifierCriteria>
         </component>
         <component typeCode="COMP">
            <stratifierCriteria>
               <id extension="Stratifiers" root="905C3CCD-436B-482F-8893-5A1FC78E244F"/>
               <code code="STRAT" codeSystem="2.16.840.1.113883.5.4" codeSystemName="Act Code"/>
               <precondition typeCode="PRCN">
                  <criteriaReference classCode="OBS" moodCode="EVN">
                     <id extension="AIS_HEDIS_2020.&quot;Stratification 2&quot;"
                         root="81980717-7421-4FCC-A4B4-27D9B77EC75E"/>
                  </criteriaReference>
               </precondition>
            </stratifierCriteria>
         </component>
         <component typeCode="COMP">
            <stratifierCriteria>
               <id extension="Stratifiers" root="44C72D5D-70F9-4F36-83C7-B0196165A699"/>
               <code code="STRAT" codeSystem="2.16.840.1.113883.5.4" codeSystemName="Act Code"/>
               <precondition typeCode="PRCN">
                  <criteriaReference classCode="OBS" moodCode="EVN">
                     <id extension="AIS_HEDIS_2020.&quot;Stratification 3&quot;"
                         root="81980717-7421-4FCC-A4B4-27D9B77EC75E"/>
                  </criteriaReference>
               </precondition>
            </stratifierCriteria>
         </component>
      </populationCriteriaSection>
   </component>
</QualityMeasureDocument>