<?xml version="1.0" encoding="UTF-8"?>
<library xmlns="urn:hl7-org:elm:r1" xmlns:t="urn:hl7-org:elm-types:r1" xmlns:xsi="http://www.w3.org/2001/XMLSchema-instance" xmlns:xsd="http://www.w3.org/2001/XMLSchema" xmlns:fhir="http://hl7.org/fhir" xmlns:qdm43="urn:healthit-gov:qdm:v4_3" xmlns:qdm53="urn:healthit-gov:qdm:v5_3" xmlns:a="urn:hl7-org:cql-annotations:r1">
   <identifier id="MedicationReconciliationPostDischarge10" version="0.0.009"/>
   <schemaIdentifier id="urn:hl7-org:elm" version="r1"/>
   <usings>
      <def localIdentifier="System" uri="urn:hl7-org:elm-types:r1"/>
      <def localId="1" locator="3:1-3:23" localIdentifier="QDM" uri="urn:healthit-gov:qdm:v5_4" version="5.4"/>
   </usings>
   <includes>
      <def localId="2" locator="5:1-5:51" localIdentifier="Common" path="NCQA_Common" version="5.0.000"/>
   </includes>
   <parameters>
      <def localId="11" locator="15:1-15:49" name="Measurement Period" accessLevel="Public">
         <parameterTypeSpecifier localId="10" locator="15:32-15:49" xsi:type="IntervalTypeSpecifier">
            <pointType localId="9" locator="15:41-15:48" name="t:DateTime" xsi:type="NamedTypeSpecifier"/>
         </parameterTypeSpecifier>
      </def>
   </parameters>
   <codeSystems>
      <def localId="3" locator="7:1-7:51" name="LOINC" id="urn:oid:2.16.840.1.113883.6.1" accessLevel="Public"/>
   </codeSystems>
   <valueSets>
      <def localId="4" locator="9:1-9:70" name="Inpatient Stay" id="urn:oid:2.16.840.1.113883.3.464.1004.1395" accessLevel="Public"/>
      <def localId="5" locator="10:1-10:91" name="Medication Reconciliation Encounter" id="urn:oid:2.16.840.1.113883.3.464.1004.1528" accessLevel="Public"/>
      <def localId="6" locator="11:1-11:94" name="Medication Reconciliation Intervention" id="urn:oid:2.16.840.1.113883.3.464.1004.1529" accessLevel="Public"/>
   </valueSets>
   <codes>
      <def localId="8" locator="13:1-13:62" name="Birth date" id="21112-8" display="Birth date" accessLevel="Public">
         <codeSystem localId="7" locator="13:35-13:41" name="LOINC"/>
      </def>
   </codes>
   <statements>
      <def locator="17:1-17:15" name="Patient" context="Patient">
         <expression xsi:type="SingletonFrom">
            <operand locator="17:1-17:15" xmlns:ns0="urn:healthit-gov:qdm:v5_4" dataType="ns0:Patient" templateId="Patient" xsi:type="Retrieve"/>
         </expression>
      </def>
      <def localId="25" locator="26:1-29:42" name="Acute or Nonacute Inpatient Discharges" context="Patient" accessLevel="Public">
         <annotation xsi:type="a:Annotation">
            <a:s r="25">
               <a:s>define &quot;Acute or Nonacute Inpatient Discharges&quot;:
  </a:s>
               <a:s r="24">
                  <a:s>
                     <a:s r="13">
                        <a:s r="12">
                           <a:s r="12">
                              <a:s>[&quot;Encounter, Performed&quot;: </a:s>
                              <a:s>
                                 <a:s>&quot;Inpatient Stay&quot;</a:s>
                              </a:s>
                              <a:s>]</a:s>
                           </a:s>
                        </a:s>
                        <a:s> InpatientStays</a:s>
                     </a:s>
                  </a:s>
                  <a:s>
    </a:s>
                  <a:s r="23">
                     <a:s>where </a:s>
                     <a:s r="23">
                        <a:s r="15">
                           <a:s r="14">
                              <a:s>InpatientStays</a:s>
                           </a:s>
                           <a:s>.</a:s>
                           <a:s r="15">
                              <a:s>relevantPeriod</a:s>
                           </a:s>
                        </a:s>
                        <a:s r="23"> during </a:s>
                        <a:s r="22">
                           <a:s>Interval[</a:s>
                           <a:s r="17">
                              <a:s>start of </a:s>
                              <a:s r="16">
                                 <a:s>&quot;Measurement Period&quot;</a:s>
                              </a:s>
                           </a:s>
                           <a:s>, 
    </a:s>
                           <a:s r="21">
                              <a:s r="19">
                                 <a:s>end of </a:s>
                                 <a:s r="18">
                                    <a:s>&quot;Measurement Period&quot;</a:s>
                                 </a:s>
                              </a:s>
                              <a:s> - </a:s>
                              <a:s r="20">
                                 <a:s>30 days</a:s>
                              </a:s>
                           </a:s>
                           <a:s>]</a:s>
                        </a:s>
                     </a:s>
                  </a:s>
               </a:s>
            </a:s>
         </annotation>
         <expression localId="24" locator="27:3-29:42" xsi:type="Query">
            <source localId="13" locator="27:3-27:59" alias="InpatientStays">
               <expression localId="12" locator="27:3-27:44" xmlns:ns1="urn:healthit-gov:qdm:v5_4" dataType="ns1:PositiveEncounterPerformed" templateId="PositiveEncounterPerformed" codeProperty="code" xsi:type="Retrieve">
                  <codes name="Inpatient Stay" xsi:type="ValueSetRef"/>
               </expression>
            </source>
            <where localId="23" locator="28:5-29:42" xsi:type="IncludedIn">
               <operand localId="15" locator="28:11-28:39" path="relevantPeriod" scope="InpatientStays" xsi:type="Property"/>
               <operand localId="22" locator="28:48-29:42" lowClosed="true" highClosed="true" xsi:type="Interval">
                  <low localId="17" locator="28:57-28:85" xsi:type="Start">
                     <operand localId="16" locator="28:66-28:85" name="Measurement Period" xsi:type="ParameterRef"/>
                  </low>
                  <high localId="21" locator="29:5-29:41" xsi:type="Subtract">
                     <operand localId="19" locator="29:5-29:31" xsi:type="End">
                        <operand localId="18" locator="29:12-29:31" name="Measurement Period" xsi:type="ParameterRef"/>
                     </operand>
                     <operand localId="20" locator="29:35-29:41" value="30" unit="days" xsi:type="Quantity"/>
                  </high>
               </operand>
            </where>
         </expression>
      </def>
      <def localId="40" locator="50:1-55:12" name="Initial Population" context="Patient" accessLevel="Public">
         <annotation xsi:type="a:Annotation">
            <a:s r="40">
               <a:s>define &quot;Initial Population&quot;:
  </a:s>
               <a:s r="39">
                  <a:s>
                     <a:s r="27">
                        <a:s r="26">
                           <a:s>
                              <a:s>&quot;Acute or Nonacute Inpatient Discharges&quot;</a:s>
                           </a:s>
                        </a:s>
                        <a:s> Discharges</a:s>
                     </a:s>
                  </a:s>
                  <a:s>
    </a:s>
                  <a:s r="38">
                     <a:s>with </a:s>
                     <a:s r="29">
                        <a:s r="28">
                           <a:s r="28">
                              <a:s>[&quot;Patient Characteristic Birthdate&quot;: </a:s>
                              <a:s>
                                 <a:s>&quot;Birth date&quot;</a:s>
                              </a:s>
                              <a:s>]</a:s>
                           </a:s>
                        </a:s>
                        <a:s> BirthDate</a:s>
                     </a:s>
                     <a:s>
      such that </a:s>
                     <a:s r="37">
                        <a:s r="35">
                           <a:s r="30">
                              <a:s>Common</a:s>
                           </a:s>
                           <a:s>.</a:s>
                           <a:s r="35">
                              <a:s>&quot;CalendarAgeInYearsAt&quot;(</a:s>
                              <a:s r="32">
                                 <a:s r="31">
                                    <a:s>BirthDate</a:s>
                                 </a:s>
                                 <a:s>.</a:s>
                                 <a:s r="32">
                                    <a:s>birthDatetime</a:s>
                                 </a:s>
                              </a:s>
                              <a:s>, 
        </a:s>
                              <a:s r="34">
                                 <a:s>end of </a:s>
                                 <a:s r="33">
                                    <a:s>&quot;Measurement Period&quot;</a:s>
                                 </a:s>
                              </a:s>
                              <a:s>
      )</a:s>
                           </a:s>
                        </a:s>
                        <a:s r="36">>= 18</a:s>
                     </a:s>
                  </a:s>
               </a:s>
            </a:s>
         </annotation>
         <expression localId="39" locator="51:3-55:12" xsi:type="Query">
            <source localId="27" locator="51:3-51:53" alias="Discharges">
               <expression localId="26" locator="51:3-51:42" name="Acute or Nonacute Inpatient Discharges" xsi:type="ExpressionRef"/>
            </source>
            <relationship localId="38" locator="52:5-55:12" alias="BirthDate" xsi:type="With">
               <expression localId="28" locator="52:10-52:59" xmlns:ns2="urn:healthit-gov:qdm:v5_4" dataType="ns2:PatientCharacteristicBirthdate" codeProperty="code" xsi:type="Retrieve">
                  <codes xsi:type="ToList">
                     <operand name="Birth date" xsi:type="CodeRef"/>
                  </codes>
               </expression>
               <suchThat localId="37" locator="53:17-55:12" xsi:type="GreaterOrEqual">
                  <operand localId="35" locator="53:17-55:7" name="CalendarAgeInYearsAt" libraryName="Common" xsi:type="FunctionRef">
                     <operand localId="32" locator="53:47-53:69" path="birthDatetime" scope="BirthDate" xsi:type="Property"/>
                     <operand localId="34" locator="54:9-54:35" xsi:type="End">
                        <operand localId="33" locator="54:16-54:35" name="Measurement Period" xsi:type="ParameterRef"/>
                     </operand>
                  </operand>
                  <operand localId="36" locator="55:11-55:12" valueType="t:Integer" value="18" xsi:type="Literal"/>
               </suchThat>
            </relationship>
         </expression>
      </def>
      <def localId="42" locator="19:1-20:22" name="Denominator" context="Patient" accessLevel="Public">
         <annotation xsi:type="a:Annotation">
            <a:s r="42">
               <a:s>define &quot;Denominator&quot;:
  </a:s>
               <a:s r="41">
                  <a:s>&quot;Initial Population&quot;</a:s>
               </a:s>
            </a:s>
         </annotation>
         <expression localId="41" locator="20:3-20:22" name="Initial Population" xsi:type="ExpressionRef"/>
      </def>
      <def localId="49" locator="22:1-24:59" name="Acute or Nonacute Inpatient Discharges with Hospice Intervention or Encounter" context="Patient" accessLevel="Public">
         <annotation xsi:type="a:Annotation">
            <a:s r="49">
               <a:s>define &quot;Acute or Nonacute Inpatient Discharges with Hospice Intervention or Encounter&quot;:
  </a:s>
               <a:s r="48">
                  <a:s>
                     <a:s r="44">
                        <a:s r="43">
                           <a:s>
                              <a:s>&quot;Acute or Nonacute Inpatient Discharges&quot;</a:s>
                           </a:s>
                        </a:s>
                        <a:s> Discharges</a:s>
                     </a:s>
                  </a:s>
                  <a:s>
    </a:s>
                  <a:s r="47">
                     <a:s>where </a:s>
                     <a:s r="47">
                        <a:s>exists </a:s>
                        <a:s r="46">
                           <a:s r="45">
                              <a:s>Common</a:s>
                           </a:s>
                           <a:s>.</a:s>
                           <a:s r="46">
                              <a:s>&quot;Hospice Intervention or Encounter&quot;</a:s>
                           </a:s>
                        </a:s>
                     </a:s>
                  </a:s>
               </a:s>
            </a:s>
         </annotation>
         <expression localId="48" locator="23:3-24:59" xsi:type="Query">
            <source localId="44" locator="23:3-23:53" alias="Discharges">
               <expression localId="43" locator="23:3-23:42" name="Acute or Nonacute Inpatient Discharges" xsi:type="ExpressionRef"/>
            </source>
            <where localId="47" locator="24:5-24:59" xsi:type="Exists">
               <operand localId="46" locator="24:18-24:59" name="Hospice Intervention or Encounter" libraryName="Common" xsi:type="ExpressionRef"/>
            </where>
         </expression>
      </def>
      <def localId="63" locator="31:1-35:38" name="Readmission within 30 days and during Measurement Period" context="Patient" accessLevel="Public">
         <annotation xsi:type="a:Annotation">
            <a:s r="63">
               <a:s>define &quot;Readmission within 30 days and during Measurement Period&quot;:
  </a:s>
               <a:s r="62">
                  <a:s>
                     <a:s r="51">
                        <a:s r="50">
                           <a:s r="50">
                              <a:s>[&quot;Encounter, Performed&quot;: </a:s>
                              <a:s>
                                 <a:s>&quot;Inpatient Stay&quot;</a:s>
                              </a:s>
                              <a:s>]</a:s>
                           </a:s>
                        </a:s>
                        <a:s> InpatientStays</a:s>
                     </a:s>
                  </a:s>
                  <a:s>
    </a:s>
                  <a:s r="61">
                     <a:s>with </a:s>
                     <a:s r="53">
                        <a:s r="52">
                           <a:s>
                              <a:s>&quot;Acute or Nonacute Inpatient Discharges&quot;</a:s>
                           </a:s>
                        </a:s>
                        <a:s> Discharges</a:s>
                     </a:s>
                     <a:s>
      such that </a:s>
                     <a:s r="60">
                        <a:s r="55">
                           <a:s r="54">
                              <a:s>InpatientStays</a:s>
                           </a:s>
                           <a:s>.</a:s>
                           <a:s r="55">
                              <a:s>relevantPeriod</a:s>
                           </a:s>
                        </a:s>
                        <a:s> </a:s>
                        <a:s r="60">
                           <a:s>starts </a:s>
                           <a:s r="59">
                              <a:s>30 days</a:s>
                           </a:s>
                           <a:s> or less after</a:s>
                        </a:s>
                        <a:s> 
      </a:s>
                        <a:s r="58">
                           <a:s>end of </a:s>
                           <a:s r="57">
                              <a:s r="56">
                                 <a:s>Discharges</a:s>
                              </a:s>
                              <a:s>.</a:s>
                              <a:s r="57">
                                 <a:s>relevantPeriod</a:s>
                              </a:s>
                           </a:s>
                        </a:s>
                     </a:s>
                  </a:s>
               </a:s>
            </a:s>
         </annotation>
         <expression localId="62" locator="32:3-35:38" xsi:type="Query">
            <source localId="51" locator="32:3-32:59" alias="InpatientStays">
               <expression localId="50" locator="32:3-32:44" xmlns:ns3="urn:healthit-gov:qdm:v5_4" dataType="ns3:PositiveEncounterPerformed" templateId="PositiveEncounterPerformed" codeProperty="code" xsi:type="Retrieve">
                  <codes name="Inpatient Stay" xsi:type="ValueSetRef"/>
               </expression>
            </source>
            <relationship localId="61" locator="33:5-35:38" alias="Discharges" xsi:type="With">
               <expression localId="52" locator="33:10-33:49" name="Acute or Nonacute Inpatient Discharges" xsi:type="ExpressionRef"/>
               <suchThat localId="60" locator="34:17-35:38" xsi:type="In">
                  <operand locator="34:47-34:52" xsi:type="Start">
                     <operand localId="55" locator="34:17-34:45" path="relevantPeriod" scope="InpatientStays" xsi:type="Property"/>
                  </operand>
                  <operand locator="34:54-34:68" lowClosed="false" highClosed="true" xsi:type="Interval">
                     <low localId="58" locator="35:7-35:38" xsi:type="End">
                        <operand localId="57" locator="35:14-35:38" path="relevantPeriod" scope="Discharges" xsi:type="Property"/>
                     </low>
                     <high locator="35:7-35:38" xsi:type="Add">
                        <operand localId="58" locator="35:7-35:38" xsi:type="End">
                           <operand localId="57" locator="35:14-35:38" path="relevantPeriod" scope="Discharges" xsi:type="Property"/>
                        </operand>
                        <operand localId="59" locator="34:54-34:60" value="30" unit="days" xsi:type="Quantity"/>
                     </high>
                  </operand>
               </suchThat>
            </relationship>
         </expression>
      </def>
      <def localId="83" locator="37:1-44:21" name="Numerator" context="Patient" accessLevel="Public">
         <annotation xsi:type="a:Annotation">
            <a:s r="83">
               <a:s>define &quot;Numerator&quot;:
  </a:s>
               <a:s r="82">
                  <a:s>
                     <a:s r="65">
                        <a:s r="64">
                           <a:s>
                              <a:s>&quot;Acute or Nonacute Inpatient Discharges&quot;</a:s>
                           </a:s>
                        </a:s>
                        <a:s> Discharges</a:s>
                     </a:s>
                  </a:s>
                  <a:s>
    </a:s>
                  <a:s r="79">
                     <a:s>with </a:s>
                     <a:s r="71">
                        <a:s r="70">
                           <a:s>( </a:s>
                           <a:s r="70">
                              <a:s r="68">
                                 <a:s r="66">
                                    <a:s>[&quot;Encounter, Performed&quot;: </a:s>
                                    <a:s>
                                       <a:s>&quot;Medication Reconciliation Encounter&quot;</a:s>
                                    </a:s>
                                    <a:s>]</a:s>
                                 </a:s>
                                 <a:s>
      union </a:s>
                                 <a:s r="67">
                                    <a:s>[&quot;Intervention, Order&quot;: </a:s>
                                    <a:s>
                                       <a:s>&quot;Medication Reconciliation Intervention&quot;</a:s>
                                    </a:s>
                                    <a:s>]</a:s>
                                 </a:s>
                              </a:s>
                              <a:s>
      union </a:s>
                              <a:s r="69">
                                 <a:s>[&quot;Intervention, Performed&quot;: </a:s>
                                 <a:s>
                                    <a:s>&quot;Medication Reconciliation Intervention&quot;</a:s>
                                 </a:s>
                                 <a:s>]</a:s>
                              </a:s>
                           </a:s>
                           <a:s> )</a:s>
                        </a:s>
                        <a:s> Medrec</a:s>
                     </a:s>
                     <a:s>
      such that </a:s>
                     <a:s r="78">
                        <a:s r="73">
                           <a:s r="72">
                              <a:s>Medrec</a:s>
                           </a:s>
                           <a:s>.</a:s>
                           <a:s r="73">
                              <a:s>relevantPeriod</a:s>
                           </a:s>
                        </a:s>
                        <a:s> </a:s>
                        <a:s r="78">
                           <a:s>starts </a:s>
                           <a:s r="77">
                              <a:s>30 days</a:s>
                           </a:s>
                           <a:s> or less on or after</a:s>
                        </a:s>
                        <a:s> 
      </a:s>
                        <a:s r="76">
                           <a:s>end of </a:s>
                           <a:s r="75">
                              <a:s r="74">
                                 <a:s>Discharges</a:s>
                              </a:s>
                              <a:s>.</a:s>
                              <a:s r="75">
                                 <a:s>relevantPeriod</a:s>
                              </a:s>
                           </a:s>
                        </a:s>
                     </a:s>
                  </a:s>
                  <a:s>
    </a:s>
                  <a:s r="81">
                     <a:s>return </a:s>
                     <a:s r="80">
                        <a:s>Discharges</a:s>
                     </a:s>
                  </a:s>
               </a:s>
            </a:s>
         </annotation>
         <expression localId="82" locator="38:3-44:21" xsi:type="Query">
            <source localId="65" locator="38:3-38:53" alias="Discharges">
               <expression localId="64" locator="38:3-38:42" name="Acute or Nonacute Inpatient Discharges" xsi:type="ExpressionRef"/>
            </source>
            <relationship localId="79" locator="39:5-43:38" alias="Medrec" xsi:type="With">
               <expression localId="70" locator="39:10-41:83" xsi:type="Union">
                  <operand xsi:type="As">
                     <operand localId="68" locator="39:12-40:77" xsi:type="Union">
                        <operand xsi:type="As">
                           <operand localId="66" locator="39:12-39:74" xmlns:ns4="urn:healthit-gov:qdm:v5_4" dataType="ns4:PositiveEncounterPerformed" templateId="PositiveEncounterPerformed" codeProperty="code" xsi:type="Retrieve">
                              <codes name="Medication Reconciliation Encounter" xsi:type="ValueSetRef"/>
                           </operand>
                           <asTypeSpecifier xsi:type="ListTypeSpecifier">
                              <elementType xsi:type="ChoiceTypeSpecifier">
                                 <choice xmlns:ns5="urn:healthit-gov:qdm:v5_4" name="ns5:PositiveEncounterPerformed" xsi:type="NamedTypeSpecifier"/>
                                 <choice xmlns:ns6="urn:healthit-gov:qdm:v5_4" name="ns6:PositiveInterventionOrder" xsi:type="NamedTypeSpecifier"/>
                              </elementType>
                           </asTypeSpecifier>
                        </operand>
                        <operand xsi:type="As">
                           <operand localId="67" locator="40:13-40:77" xmlns:ns7="urn:healthit-gov:qdm:v5_4" dataType="ns7:PositiveInterventionOrder" templateId="PositiveInterventionOrder" codeProperty="code" xsi:type="Retrieve">
                              <codes name="Medication Reconciliation Intervention" xsi:type="ValueSetRef"/>
                           </operand>
                           <asTypeSpecifier xsi:type="ListTypeSpecifier">
                              <elementType xsi:type="ChoiceTypeSpecifier">
                                 <choice xmlns:ns8="urn:healthit-gov:qdm:v5_4" name="ns8:PositiveEncounterPerformed" xsi:type="NamedTypeSpecifier"/>
                                 <choice xmlns:ns9="urn:healthit-gov:qdm:v5_4" name="ns9:PositiveInterventionOrder" xsi:type="NamedTypeSpecifier"/>
                              </elementType>
                           </asTypeSpecifier>
                        </operand>
                     </operand>
                     <asTypeSpecifier xsi:type="ListTypeSpecifier">
                        <elementType xsi:type="ChoiceTypeSpecifier">
                           <choice xmlns:ns10="urn:healthit-gov:qdm:v5_4" name="ns10:PositiveEncounterPerformed" xsi:type="NamedTypeSpecifier"/>
                           <choice xmlns:ns11="urn:healthit-gov:qdm:v5_4" name="ns11:PositiveInterventionPerformed" xsi:type="NamedTypeSpecifier"/>
                           <choice xmlns:ns12="urn:healthit-gov:qdm:v5_4" name="ns12:PositiveInterventionOrder" xsi:type="NamedTypeSpecifier"/>
                        </elementType>
                     </asTypeSpecifier>
                  </operand>
                  <operand xsi:type="As">
                     <operand localId="69" locator="41:13-41:81" xmlns:ns13="urn:healthit-gov:qdm:v5_4" dataType="ns13:PositiveInterventionPerformed" templateId="PositiveInterventionPerformed" codeProperty="code" xsi:type="Retrieve">
                        <codes name="Medication Reconciliation Intervention" xsi:type="ValueSetRef"/>
                     </operand>
                     <asTypeSpecifier xsi:type="ListTypeSpecifier">
                        <elementType xsi:type="ChoiceTypeSpecifier">
                           <choice xmlns:ns14="urn:healthit-gov:qdm:v5_4" name="ns14:PositiveEncounterPerformed" xsi:type="NamedTypeSpecifier"/>
                           <choice xmlns:ns15="urn:healthit-gov:qdm:v5_4" name="ns15:PositiveInterventionPerformed" xsi:type="NamedTypeSpecifier"/>
                           <choice xmlns:ns16="urn:healthit-gov:qdm:v5_4" name="ns16:PositiveInterventionOrder" xsi:type="NamedTypeSpecifier"/>
                        </elementType>
                     </asTypeSpecifier>
                  </operand>
               </expression>
               <suchThat localId="78" locator="42:17-43:38" xsi:type="In">
                  <operand locator="42:39-42:44" xsi:type="Start">
                     <operand localId="73" locator="42:17-42:37" path="relevantPeriod" scope="Medrec" xsi:type="Property"/>
                  </operand>
                  <operand locator="42:46-42:60" lowClosed="true" highClosed="true" xsi:type="Interval">
                     <low localId="76" locator="43:7-43:38" xsi:type="End">
                        <operand localId="75" locator="43:14-43:38" path="relevantPeriod" scope="Discharges" xsi:type="Property"/>
                     </low>
                     <high locator="43:7-43:38" xsi:type="Add">
                        <operand localId="76" locator="43:7-43:38" xsi:type="End">
                           <operand localId="75" locator="43:14-43:38" path="relevantPeriod" scope="Discharges" xsi:type="Property"/>
                        </operand>
                        <operand localId="77" locator="42:46-42:52" value="30" unit="days" xsi:type="Quantity"/>
                     </high>
                  </operand>
               </suchThat>
            </relationship>
            <return localId="81" locator="44:5-44:21">
               <expression localId="80" locator="44:12-44:21" name="Discharges" xsi:type="AliasRef"/>
            </return>
         </expression>
      </def>
      <def localId="87" locator="46:1-48:89" name="Exclusions" context="Patient" accessLevel="Public">
         <annotation xsi:type="a:Annotation">
            <a:s r="87">
               <a:s>define &quot;Exclusions&quot;:
  </a:s>
               <a:s r="86">
                  <a:s r="84">
                     <a:s>&quot;Readmission within 30 days and during Measurement Period&quot;</a:s>
                  </a:s>
                  <a:s>
    union </a:s>
                  <a:s r="85">
                     <a:s>&quot;Acute or Nonacute Inpatient Discharges with Hospice Intervention or Encounter&quot;</a:s>
                  </a:s>
               </a:s>
            </a:s>
         </annotation>
         <expression localId="86" locator="47:3-48:89" xsi:type="Union">
            <operand localId="84" locator="47:3-47:60" name="Readmission within 30 days and during Measurement Period" xsi:type="ExpressionRef"/>
            <operand localId="85" locator="48:11-48:89" name="Acute or Nonacute Inpatient Discharges with Hospice Intervention or Encounter" xsi:type="ExpressionRef"/>
         </expression>
      </def>
   </statements>
</library>
