{
   "library" : {
      "identifier" : {
         "id" : "MedicationReconciliationPostDischarge10",
         "version" : "0.0.009"
      },
      "schemaIdentifier" : {
         "id" : "urn:hl7-org:elm",
         "version" : "r1"
      },
      "usings" : {
         "def" : [ {
            "localIdentifier" : "System",
            "uri" : "urn:hl7-org:elm-types:r1"
         }, {
            "localId" : "1",
            "locator" : "3:1-3:23",
            "localIdentifier" : "QDM",
            "uri" : "urn:healthit-gov:qdm:v5_4",
            "version" : "5.4"
         } ]
      },
      "includes" : {
         "def" : [ {
            "localId" : "2",
            "locator" : "5:1-5:51",
            "localIdentifier" : "Common",
            "path" : "NCQA_Common",
            "version" : "5.0.000"
         } ]
      },
      "parameters" : {
         "def" : [ {
            "localId" : "11",
            "locator" : "15:1-15:49",
            "name" : "Measurement Period",
            "accessLevel" : "Public",
            "parameterTypeSpecifier" : {
               "localId" : "10",
               "locator" : "15:32-15:49",
               "type" : "IntervalTypeSpecifier",
               "pointType" : {
                  "localId" : "9",
                  "locator" : "15:41-15:48",
                  "name" : "{urn:hl7-org:elm-types:r1}DateTime",
                  "type" : "NamedTypeSpecifier"
               }
            }
         } ]
      },
      "codeSystems" : {
         "def" : [ {
            "localId" : "3",
            "locator" : "7:1-7:51",
            "name" : "LOINC",
            "id" : "urn:oid:2.16.840.1.113883.6.1",
            "accessLevel" : "Public"
         } ]
      },
      "valueSets" : {
         "def" : [ {
            "localId" : "4",
            "locator" : "9:1-9:70",
            "name" : "Inpatient Stay",
            "id" : "urn:oid:2.16.840.1.113883.3.464.1004.1395",
            "accessLevel" : "Public"
         }, {
            "localId" : "5",
            "locator" : "10:1-10:91",
            "name" : "Medication Reconciliation Encounter",
            "id" : "urn:oid:2.16.840.1.113883.3.464.1004.1528",
            "accessLevel" : "Public"
         }, {
            "localId" : "6",
            "locator" : "11:1-11:94",
            "name" : "Medication Reconciliation Intervention",
            "id" : "urn:oid:2.16.840.1.113883.3.464.1004.1529",
            "accessLevel" : "Public"
         } ]
      },
      "codes" : {
         "def" : [ {
            "localId" : "8",
            "locator" : "13:1-13:62",
            "name" : "Birth date",
            "id" : "21112-8",
            "display" : "Birth date",
            "accessLevel" : "Public",
            "codeSystem" : {
               "localId" : "7",
               "locator" : "13:35-13:41",
               "name" : "LOINC"
            }
         } ]
      },
      "statements" : {
         "def" : [ {
            "locator" : "17:1-17:15",
            "name" : "Patient",
            "context" : "Patient",
            "expression" : {
               "type" : "SingletonFrom",
               "operand" : {
                  "locator" : "17:1-17:15",
                  "dataType" : "{urn:healthit-gov:qdm:v5_4}Patient",
                  "templateId" : "Patient",
                  "type" : "Retrieve"
               }
            }
         }, {
            "localId" : "25",
            "locator" : "26:1-29:42",
            "name" : "Acute or Nonacute Inpatient Discharges",
            "context" : "Patient",
            "accessLevel" : "Public",
            "annotation" : [ {
               "type" : "Annotation",
               "s" : {
                  "r" : "25",
                  "s" : [ {
                     "value" : [ "define ","\"Acute or Nonacute Inpatient Discharges\"",":\n  " ]
                  }, {
                     "r" : "24",
                     "s" : [ {
                        "s" : [ {
                           "r" : "13",
                           "s" : [ {
                              "r" : "12",
                              "s" : [ {
                                 "r" : "12",
                                 "s" : [ {
                                    "value" : [ "[","\"Encounter, Performed\"",": " ]
                                 }, {
                                    "s" : [ {
                                       "value" : [ "\"Inpatient Stay\"" ]
                                    } ]
                                 }, {
                                    "value" : [ "]" ]
                                 } ]
                              } ]
                           }, {
                              "value" : [ " ","InpatientStays" ]
                           } ]
                        } ]
                     }, {
                        "value" : [ "\n    " ]
                     }, {
                        "r" : "23",
                        "s" : [ {
                           "value" : [ "where " ]
                        }, {
                           "r" : "23",
                           "s" : [ {
                              "r" : "15",
                              "s" : [ {
                                 "r" : "14",
                                 "s" : [ {
                                    "value" : [ "InpatientStays" ]
                                 } ]
                              }, {
                                 "value" : [ "." ]
                              }, {
                                 "r" : "15",
                                 "s" : [ {
                                    "value" : [ "relevantPeriod" ]
                                 } ]
                              } ]
                           }, {
                              "r" : "23",
                              "value" : [ " ","during"," " ]
                           }, {
                              "r" : "22",
                              "s" : [ {
                                 "value" : [ "Interval[" ]
                              }, {
                                 "r" : "17",
                                 "s" : [ {
                                    "value" : [ "start of " ]
                                 }, {
                                    "r" : "16",
                                    "s" : [ {
                                       "value" : [ "\"Measurement Period\"" ]
                                    } ]
                                 } ]
                              }, {
                                 "value" : [ ", \n    " ]
                              }, {
                                 "r" : "21",
                                 "s" : [ {
                                    "r" : "19",
                                    "s" : [ {
                                       "value" : [ "end of " ]
                                    }, {
                                       "r" : "18",
                                       "s" : [ {
                                          "value" : [ "\"Measurement Period\"" ]
                                       } ]
                                    } ]
                                 }, {
                                    "value" : [ " - " ]
                                 }, {
                                    "r" : "20",
                                    "s" : [ {
                                       "value" : [ "30 ","days" ]
                                    } ]
                                 } ]
                              }, {
                                 "value" : [ "]" ]
                              } ]
                           } ]
                        } ]
                     } ]
                  } ]
               }
            } ],
            "expression" : {
               "localId" : "24",
               "locator" : "27:3-29:42",
               "type" : "Query",
               "source" : [ {
                  "localId" : "13",
                  "locator" : "27:3-27:59",
                  "alias" : "InpatientStays",
                  "expression" : {
                     "localId" : "12",
                     "locator" : "27:3-27:44",
                     "dataType" : "{urn:healthit-gov:qdm:v5_4}PositiveEncounterPerformed",
                     "templateId" : "PositiveEncounterPerformed",
                     "codeProperty" : "code",
                     "type" : "Retrieve",
                     "codes" : {
                        "name" : "Inpatient Stay",
                        "type" : "ValueSetRef"
                     }
                  }
               } ],
               "relationship" : [ ],
               "where" : {
                  "localId" : "23",
                  "locator" : "28:5-29:42",
                  "type" : "IncludedIn",
                  "operand" : [ {
                     "localId" : "15",
                     "locator" : "28:11-28:39",
                     "path" : "relevantPeriod",
                     "scope" : "InpatientStays",
                     "type" : "Property"
                  }, {
                     "localId" : "22",
                     "locator" : "28:48-29:42",
                     "lowClosed" : true,
                     "highClosed" : true,
                     "type" : "Interval",
                     "low" : {
                        "localId" : "17",
                        "locator" : "28:57-28:85",
                        "type" : "Start",
                        "operand" : {
                           "localId" : "16",
                           "locator" : "28:66-28:85",
                           "name" : "Measurement Period",
                           "type" : "ParameterRef"
                        }
                     },
                     "high" : {
                        "localId" : "21",
                        "locator" : "29:5-29:41",
                        "type" : "Subtract",
                        "operand" : [ {
                           "localId" : "19",
                           "locator" : "29:5-29:31",
                           "type" : "End",
                           "operand" : {
                              "localId" : "18",
                              "locator" : "29:12-29:31",
                              "name" : "Measurement Period",
                              "type" : "ParameterRef"
                           }
                        }, {
                           "localId" : "20",
                           "locator" : "29:35-29:41",
                           "value" : 30,
                           "unit" : "days",
                           "type" : "Quantity"
                        } ]
                     }
                  } ]
               }
            }
         }, {
            "localId" : "40",
            "locator" : "50:1-55:12",
            "name" : "Initial Population",
            "context" : "Patient",
            "accessLevel" : "Public",
            "annotation" : [ {
               "type" : "Annotation",
               "s" : {
                  "r" : "40",
                  "s" : [ {
                     "value" : [ "define ","\"Initial Population\"",":\n  " ]
                  }, {
                     "r" : "39",
                     "s" : [ {
                        "s" : [ {
                           "r" : "27",
                           "s" : [ {
                              "r" : "26",
                              "s" : [ {
                                 "s" : [ {
                                    "value" : [ "\"Acute or Nonacute Inpatient Discharges\"" ]
                                 } ]
                              } ]
                           }, {
                              "value" : [ " ","Discharges" ]
                           } ]
                        } ]
                     }, {
                        "value" : [ "\n    " ]
                     }, {
                        "r" : "38",
                        "s" : [ {
                           "value" : [ "with " ]
                        }, {
                           "r" : "29",
                           "s" : [ {
                              "r" : "28",
                              "s" : [ {
                                 "r" : "28",
                                 "s" : [ {
                                    "value" : [ "[","\"Patient Characteristic Birthdate\"",": " ]
                                 }, {
                                    "s" : [ {
                                       "value" : [ "\"Birth date\"" ]
                                    } ]
                                 }, {
                                    "value" : [ "]" ]
                                 } ]
                              } ]
                           }, {
                              "value" : [ " ","BirthDate" ]
                           } ]
                        }, {
                           "value" : [ "\n      such that " ]
                        }, {
                           "r" : "37",
                           "s" : [ {
                              "r" : "35",
                              "s" : [ {
                                 "r" : "30",
                                 "s" : [ {
                                    "value" : [ "Common" ]
                                 } ]
                              }, {
                                 "value" : [ "." ]
                              }, {
                                 "r" : "35",
                                 "s" : [ {
                                    "value" : [ "\"CalendarAgeInYearsAt\"","(" ]
                                 }, {
                                    "r" : "32",
                                    "s" : [ {
                                       "r" : "31",
                                       "s" : [ {
                                          "value" : [ "BirthDate" ]
                                       } ]
                                    }, {
                                       "value" : [ "." ]
                                    }, {
                                       "r" : "32",
                                       "s" : [ {
                                          "value" : [ "birthDatetime" ]
                                       } ]
                                    } ]
                                 }, {
                                    "value" : [ ", \n        " ]
                                 }, {
                                    "r" : "34",
                                    "s" : [ {
                                       "value" : [ "end of " ]
                                    }, {
                                       "r" : "33",
                                       "s" : [ {
                                          "value" : [ "\"Measurement Period\"" ]
                                       } ]
                                    } ]
                                 }, {
                                    "value" : [ "\n      )" ]
                                 } ]
                              } ]
                           }, {
                              "r" : "36",
                              "value" : [ ">="," ","18" ]
                           } ]
                        } ]
                     } ]
                  } ]
               }
            } ],
            "expression" : {
               "localId" : "39",
               "locator" : "51:3-55:12",
               "type" : "Query",
               "source" : [ {
                  "localId" : "27",
                  "locator" : "51:3-51:53",
                  "alias" : "Discharges",
                  "expression" : {
                     "localId" : "26",
                     "locator" : "51:3-51:42",
                     "name" : "Acute or Nonacute Inpatient Discharges",
                     "type" : "ExpressionRef"
                  }
               } ],
               "relationship" : [ {
                  "localId" : "38",
                  "locator" : "52:5-55:12",
                  "alias" : "BirthDate",
                  "type" : "With",
                  "expression" : {
                     "localId" : "28",
                     "locator" : "52:10-52:59",
                     "dataType" : "{urn:healthit-gov:qdm:v5_4}PatientCharacteristicBirthdate",
                     "codeProperty" : "code",
                     "type" : "Retrieve",
                     "codes" : {
                        "type" : "ToList",
                        "operand" : {
                           "name" : "Birth date",
                           "type" : "CodeRef"
                        }
                     }
                  },
                  "suchThat" : {
                     "localId" : "37",
                     "locator" : "53:17-55:12",
                     "type" : "GreaterOrEqual",
                     "operand" : [ {
                        "localId" : "35",
                        "locator" : "53:17-55:7",
                        "name" : "CalendarAgeInYearsAt",
                        "libraryName" : "Common",
                        "type" : "FunctionRef",
                        "operand" : [ {
                           "localId" : "32",
                           "locator" : "53:47-53:69",
                           "path" : "birthDatetime",
                           "scope" : "BirthDate",
                           "type" : "Property"
                        }, {
                           "localId" : "34",
                           "locator" : "54:9-54:35",
                           "type" : "End",
                           "operand" : {
                              "localId" : "33",
                              "locator" : "54:16-54:35",
                              "name" : "Measurement Period",
                              "type" : "ParameterRef"
                           }
                        } ]
                     }, {
                        "localId" : "36",
                        "locator" : "55:11-55:12",
                        "valueType" : "{urn:hl7-org:elm-types:r1}Integer",
                        "value" : "18",
                        "type" : "Literal"
                     } ]
                  }
               } ]
            }
         }, {
            "localId" : "42",
            "locator" : "19:1-20:22",
            "name" : "Denominator",
            "context" : "Patient",
            "accessLevel" : "Public",
            "annotation" : [ {
               "type" : "Annotation",
               "s" : {
                  "r" : "42",
                  "s" : [ {
                     "value" : [ "define ","\"Denominator\"",":\n  " ]
                  }, {
                     "r" : "41",
                     "s" : [ {
                        "value" : [ "\"Initial Population\"" ]
                     } ]
                  } ]
               }
            } ],
            "expression" : {
               "localId" : "41",
               "locator" : "20:3-20:22",
               "name" : "Initial Population",
               "type" : "ExpressionRef"
            }
         }, {
            "localId" : "49",
            "locator" : "22:1-24:59",
            "name" : "Acute or Nonacute Inpatient Discharges with Hospice Intervention or Encounter",
            "context" : "Patient",
            "accessLevel" : "Public",
            "annotation" : [ {
               "type" : "Annotation",
               "s" : {
                  "r" : "49",
                  "s" : [ {
                     "value" : [ "define ","\"Acute or Nonacute Inpatient Discharges with Hospice Intervention or Encounter\"",":\n  " ]
                  }, {
                     "r" : "48",
                     "s" : [ {
                        "s" : [ {
                           "r" : "44",
                           "s" : [ {
                              "r" : "43",
                              "s" : [ {
                                 "s" : [ {
                                    "value" : [ "\"Acute or Nonacute Inpatient Discharges\"" ]
                                 } ]
                              } ]
                           }, {
                              "value" : [ " ","Discharges" ]
                           } ]
                        } ]
                     }, {
                        "value" : [ "\n    " ]
                     }, {
                        "r" : "47",
                        "s" : [ {
                           "value" : [ "where " ]
                        }, {
                           "r" : "47",
                           "s" : [ {
                              "value" : [ "exists " ]
                           }, {
                              "r" : "46",
                              "s" : [ {
                                 "r" : "45",
                                 "s" : [ {
                                    "value" : [ "Common" ]
                                 } ]
                              }, {
                                 "value" : [ "." ]
                              }, {
                                 "r" : "46",
                                 "s" : [ {
                                    "value" : [ "\"Hospice Intervention or Encounter\"" ]
                                 } ]
                              } ]
                           } ]
                        } ]
                     } ]
                  } ]
               }
            } ],
            "expression" : {
               "localId" : "48",
               "locator" : "23:3-24:59",
               "type" : "Query",
               "source" : [ {
                  "localId" : "44",
                  "locator" : "23:3-23:53",
                  "alias" : "Discharges",
                  "expression" : {
                     "localId" : "43",
                     "locator" : "23:3-23:42",
                     "name" : "Acute or Nonacute Inpatient Discharges",
                     "type" : "ExpressionRef"
                  }
               } ],
               "relationship" : [ ],
               "where" : {
                  "localId" : "47",
                  "locator" : "24:5-24:59",
                  "type" : "Exists",
                  "operand" : {
                     "localId" : "46",
                     "locator" : "24:18-24:59",
                     "name" : "Hospice Intervention or Encounter",
                     "libraryName" : "Common",
                     "type" : "ExpressionRef"
                  }
               }
            }
         }, {
            "localId" : "63",
            "locator" : "31:1-35:38",
            "name" : "Readmission within 30 days and during Measurement Period",
            "context" : "Patient",
            "accessLevel" : "Public",
            "annotation" : [ {
               "type" : "Annotation",
               "s" : {
                  "r" : "63",
                  "s" : [ {
                     "value" : [ "define ","\"Readmission within 30 days and during Measurement Period\"",":\n  " ]
                  }, {
                     "r" : "62",
                     "s" : [ {
                        "s" : [ {
                           "r" : "51",
                           "s" : [ {
                              "r" : "50",
                              "s" : [ {
                                 "r" : "50",
                                 "s" : [ {
                                    "value" : [ "[","\"Encounter, Performed\"",": " ]
                                 }, {
                                    "s" : [ {
                                       "value" : [ "\"Inpatient Stay\"" ]
                                    } ]
                                 }, {
                                    "value" : [ "]" ]
                                 } ]
                              } ]
                           }, {
                              "value" : [ " ","InpatientStays" ]
                           } ]
                        } ]
                     }, {
                        "value" : [ "\n    " ]
                     }, {
                        "r" : "61",
                        "s" : [ {
                           "value" : [ "with " ]
                        }, {
                           "r" : "53",
                           "s" : [ {
                              "r" : "52",
                              "s" : [ {
                                 "s" : [ {
                                    "value" : [ "\"Acute or Nonacute Inpatient Discharges\"" ]
                                 } ]
                              } ]
                           }, {
                              "value" : [ " ","Discharges" ]
                           } ]
                        }, {
                           "value" : [ "\n      such that " ]
                        }, {
                           "r" : "60",
                           "s" : [ {
                              "r" : "55",
                              "s" : [ {
                                 "r" : "54",
                                 "s" : [ {
                                    "value" : [ "InpatientStays" ]
                                 } ]
                              }, {
                                 "value" : [ "." ]
                              }, {
                                 "r" : "55",
                                 "s" : [ {
                                    "value" : [ "relevantPeriod" ]
                                 } ]
                              } ]
                           }, {
                              "value" : [ " " ]
                           }, {
                              "r" : "60",
                              "s" : [ {
                                 "value" : [ "starts " ]
                              }, {
                                 "r" : "59",
                                 "s" : [ {
                                    "value" : [ "30 ","days" ]
                                 } ]
                              }, {
                                 "value" : [ " or less after" ]
                              } ]
                           }, {
                              "value" : [ " \n      " ]
                           }, {
                              "r" : "58",
                              "s" : [ {
                                 "value" : [ "end of " ]
                              }, {
                                 "r" : "57",
                                 "s" : [ {
                                    "r" : "56",
                                    "s" : [ {
                                       "value" : [ "Discharges" ]
                                    } ]
                                 }, {
                                    "value" : [ "." ]
                                 }, {
                                    "r" : "57",
                                    "s" : [ {
                                       "value" : [ "relevantPeriod" ]
                                    } ]
                                 } ]
                              } ]
                           } ]
                        } ]
                     } ]
                  } ]
               }
            } ],
            "expression" : {
               "localId" : "62",
               "locator" : "32:3-35:38",
               "type" : "Query",
               "source" : [ {
                  "localId" : "51",
                  "locator" : "32:3-32:59",
                  "alias" : "InpatientStays",
                  "expression" : {
                     "localId" : "50",
                     "locator" : "32:3-32:44",
                     "dataType" : "{urn:healthit-gov:qdm:v5_4}PositiveEncounterPerformed",
                     "templateId" : "PositiveEncounterPerformed",
                     "codeProperty" : "code",
                     "type" : "Retrieve",
                     "codes" : {
                        "name" : "Inpatient Stay",
                        "type" : "ValueSetRef"
                     }
                  }
               } ],
               "relationship" : [ {
                  "localId" : "61",
                  "locator" : "33:5-35:38",
                  "alias" : "Discharges",
                  "type" : "With",
                  "expression" : {
                     "localId" : "52",
                     "locator" : "33:10-33:49",
                     "name" : "Acute or Nonacute Inpatient Discharges",
                     "type" : "ExpressionRef"
                  },
                  "suchThat" : {
                     "localId" : "60",
                     "locator" : "34:17-35:38",
                     "type" : "In",
                     "operand" : [ {
                        "locator" : "34:47-34:52",
                        "type" : "Start",
                        "operand" : {
                           "localId" : "55",
                           "locator" : "34:17-34:45",
                           "path" : "relevantPeriod",
                           "scope" : "InpatientStays",
                           "type" : "Property"
                        }
                     }, {
                        "locator" : "34:54-34:68",
                        "lowClosed" : false,
                        "highClosed" : true,
                        "type" : "Interval",
                        "low" : {
                           "localId" : "58",
                           "locator" : "35:7-35:38",
                           "type" : "End",
                           "operand" : {
                              "localId" : "57",
                              "locator" : "35:14-35:38",
                              "path" : "relevantPeriod",
                              "scope" : "Discharges",
                              "type" : "Property"
                           }
                        },
                        "high" : {
                           "locator" : "35:7-35:38",
                           "type" : "Add",
                           "operand" : [ {
                              "localId" : "58",
                              "locator" : "35:7-35:38",
                              "type" : "End",
                              "operand" : {
                                 "localId" : "57",
                                 "locator" : "35:14-35:38",
                                 "path" : "relevantPeriod",
                                 "scope" : "Discharges",
                                 "type" : "Property"
                              }
                           }, {
                              "localId" : "59",
                              "locator" : "34:54-34:60",
                              "value" : 30,
                              "unit" : "days",
                              "type" : "Quantity"
                           } ]
                        }
                     } ]
                  }
               } ]
            }
         }, {
            "localId" : "83",
            "locator" : "37:1-44:21",
            "name" : "Numerator",
            "context" : "Patient",
            "accessLevel" : "Public",
            "annotation" : [ {
               "type" : "Annotation",
               "s" : {
                  "r" : "83",
                  "s" : [ {
                     "value" : [ "define ","\"Numerator\"",":\n  " ]
                  }, {
                     "r" : "82",
                     "s" : [ {
                        "s" : [ {
                           "r" : "65",
                           "s" : [ {
                              "r" : "64",
                              "s" : [ {
                                 "s" : [ {
                                    "value" : [ "\"Acute or Nonacute Inpatient Discharges\"" ]
                                 } ]
                              } ]
                           }, {
                              "value" : [ " ","Discharges" ]
                           } ]
                        } ]
                     }, {
                        "value" : [ "\n    " ]
                     }, {
                        "r" : "79",
                        "s" : [ {
                           "value" : [ "with " ]
                        }, {
                           "r" : "71",
                           "s" : [ {
                              "r" : "70",
                              "s" : [ {
                                 "value" : [ "( " ]
                              }, {
                                 "r" : "70",
                                 "s" : [ {
                                    "r" : "68",
                                    "s" : [ {
                                       "r" : "66",
                                       "s" : [ {
                                          "value" : [ "[","\"Encounter, Performed\"",": " ]
                                       }, {
                                          "s" : [ {
                                             "value" : [ "\"Medication Reconciliation Encounter\"" ]
                                          } ]
                                       }, {
                                          "value" : [ "]" ]
                                       } ]
                                    }, {
                                       "value" : [ "\n      union " ]
                                    }, {
                                       "r" : "67",
                                       "s" : [ {
                                          "value" : [ "[","\"Intervention, Order\"",": " ]
                                       }, {
                                          "s" : [ {
                                             "value" : [ "\"Medication Reconciliation Intervention\"" ]
                                          } ]
                                       }, {
                                          "value" : [ "]" ]
                                       } ]
                                    } ]
                                 }, {
                                    "value" : [ "\n      union " ]
                                 }, {
                                    "r" : "69",
                                    "s" : [ {
                                       "value" : [ "[","\"Intervention, Performed\"",": " ]
                                    }, {
                                       "s" : [ {
                                          "value" : [ "\"Medication Reconciliation Intervention\"" ]
                                       } ]
                                    }, {
                                       "value" : [ "]" ]
                                    } ]
                                 } ]
                              }, {
                                 "value" : [ " )" ]
                              } ]
                           }, {
                              "value" : [ " ","Medrec" ]
                           } ]
                        }, {
                           "value" : [ "\n      such that " ]
                        }, {
                           "r" : "78",
                           "s" : [ {
                              "r" : "73",
                              "s" : [ {
                                 "r" : "72",
                                 "s" : [ {
                                    "value" : [ "Medrec" ]
                                 } ]
                              }, {
                                 "value" : [ "." ]
                              }, {
                                 "r" : "73",
                                 "s" : [ {
                                    "value" : [ "relevantPeriod" ]
                                 } ]
                              } ]
                           }, {
                              "value" : [ " " ]
                           }, {
                              "r" : "78",
                              "s" : [ {
                                 "value" : [ "starts " ]
                              }, {
                                 "r" : "77",
                                 "s" : [ {
                                    "value" : [ "30 ","days" ]
                                 } ]
                              }, {
                                 "value" : [ " or less on or after" ]
                              } ]
                           }, {
                              "value" : [ " \n      " ]
                           }, {
                              "r" : "76",
                              "s" : [ {
                                 "value" : [ "end of " ]
                              }, {
                                 "r" : "75",
                                 "s" : [ {
                                    "r" : "74",
                                    "s" : [ {
                                       "value" : [ "Discharges" ]
                                    } ]
                                 }, {
                                    "value" : [ "." ]
                                 }, {
                                    "r" : "75",
                                    "s" : [ {
                                       "value" : [ "relevantPeriod" ]
                                    } ]
                                 } ]
                              } ]
                           } ]
                        } ]
                     }, {
                        "value" : [ "\n    " ]
                     }, {
                        "r" : "81",
                        "s" : [ {
                           "value" : [ "return " ]
                        }, {
                           "r" : "80",
                           "s" : [ {
                              "value" : [ "Discharges" ]
                           } ]
                        } ]
                     } ]
                  } ]
               }
            } ],
            "expression" : {
               "localId" : "82",
               "locator" : "38:3-44:21",
               "type" : "Query",
               "source" : [ {
                  "localId" : "65",
                  "locator" : "38:3-38:53",
                  "alias" : "Discharges",
                  "expression" : {
                     "localId" : "64",
                     "locator" : "38:3-38:42",
                     "name" : "Acute or Nonacute Inpatient Discharges",
                     "type" : "ExpressionRef"
                  }
               } ],
               "relationship" : [ {
                  "localId" : "79",
                  "locator" : "39:5-43:38",
                  "alias" : "Medrec",
                  "type" : "With",
                  "expression" : {
                     "localId" : "70",
                     "locator" : "39:10-41:83",
                     "type" : "Union",
                     "operand" : [ {
                        "type" : "As",
                        "operand" : {
                           "localId" : "68",
                           "locator" : "39:12-40:77",
                           "type" : "Union",
                           "operand" : [ {
                              "type" : "As",
                              "operand" : {
                                 "localId" : "66",
                                 "locator" : "39:12-39:74",
                                 "dataType" : "{urn:healthit-gov:qdm:v5_4}PositiveEncounterPerformed",
                                 "templateId" : "PositiveEncounterPerformed",
                                 "codeProperty" : "code",
                                 "type" : "Retrieve",
                                 "codes" : {
                                    "name" : "Medication Reconciliation Encounter",
                                    "type" : "ValueSetRef"
                                 }
                              },
                              "asTypeSpecifier" : {
                                 "type" : "ListTypeSpecifier",
                                 "elementType" : {
                                    "type" : "ChoiceTypeSpecifier",
                                    "choice" : [ {
                                       "name" : "{urn:healthit-gov:qdm:v5_4}PositiveEncounterPerformed",
                                       "type" : "NamedTypeSpecifier"
                                    }, {
                                       "name" : "{urn:healthit-gov:qdm:v5_4}PositiveInterventionOrder",
                                       "type" : "NamedTypeSpecifier"
                                    } ]
                                 }
                              }
                           }, {
                              "type" : "As",
                              "operand" : {
                                 "localId" : "67",
                                 "locator" : "40:13-40:77",
                                 "dataType" : "{urn:healthit-gov:qdm:v5_4}PositiveInterventionOrder",
                                 "templateId" : "PositiveInterventionOrder",
                                 "codeProperty" : "code",
                                 "type" : "Retrieve",
                                 "codes" : {
                                    "name" : "Medication Reconciliation Intervention",
                                    "type" : "ValueSetRef"
                                 }
                              },
                              "asTypeSpecifier" : {
                                 "type" : "ListTypeSpecifier",
                                 "elementType" : {
                                    "type" : "ChoiceTypeSpecifier",
                                    "choice" : [ {
                                       "name" : "{urn:healthit-gov:qdm:v5_4}PositiveEncounterPerformed",
                                       "type" : "NamedTypeSpecifier"
                                    }, {
                                       "name" : "{urn:healthit-gov:qdm:v5_4}PositiveInterventionOrder",
                                       "type" : "NamedTypeSpecifier"
                                    } ]
                                 }
                              }
                           } ]
                        },
                        "asTypeSpecifier" : {
                           "type" : "ListTypeSpecifier",
                           "elementType" : {
                              "type" : "ChoiceTypeSpecifier",
                              "choice" : [ {
                                 "name" : "{urn:healthit-gov:qdm:v5_4}PositiveEncounterPerformed",
                                 "type" : "NamedTypeSpecifier"
                              }, {
                                 "name" : "{urn:healthit-gov:qdm:v5_4}PositiveInterventionPerformed",
                                 "type" : "NamedTypeSpecifier"
                              }, {
                                 "name" : "{urn:healthit-gov:qdm:v5_4}PositiveInterventionOrder",
                                 "type" : "NamedTypeSpecifier"
                              } ]
                           }
                        }
                     }, {
                        "type" : "As",
                        "operand" : {
                           "localId" : "69",
                           "locator" : "41:13-41:81",
                           "dataType" : "{urn:healthit-gov:qdm:v5_4}PositiveInterventionPerformed",
                           "templateId" : "PositiveInterventionPerformed",
                           "codeProperty" : "code",
                           "type" : "Retrieve",
                           "codes" : {
                              "name" : "Medication Reconciliation Intervention",
                              "type" : "ValueSetRef"
                           }
                        },
                        "asTypeSpecifier" : {
                           "type" : "ListTypeSpecifier",
                           "elementType" : {
                              "type" : "ChoiceTypeSpecifier",
                              "choice" : [ {
                                 "name" : "{urn:healthit-gov:qdm:v5_4}PositiveEncounterPerformed",
                                 "type" : "NamedTypeSpecifier"
                              }, {
                                 "name" : "{urn:healthit-gov:qdm:v5_4}PositiveInterventionPerformed",
                                 "type" : "NamedTypeSpecifier"
                              }, {
                                 "name" : "{urn:healthit-gov:qdm:v5_4}PositiveInterventionOrder",
                                 "type" : "NamedTypeSpecifier"
                              } ]
                           }
                        }
                     } ]
                  },
                  "suchThat" : {
                     "localId" : "78",
                     "locator" : "42:17-43:38",
                     "type" : "In",
                     "operand" : [ {
                        "locator" : "42:39-42:44",
                        "type" : "Start",
                        "operand" : {
                           "localId" : "73",
                           "locator" : "42:17-42:37",
                           "path" : "relevantPeriod",
                           "scope" : "Medrec",
                           "type" : "Property"
                        }
                     }, {
                        "locator" : "42:46-42:60",
                        "lowClosed" : true,
                        "highClosed" : true,
                        "type" : "Interval",
                        "low" : {
                           "localId" : "76",
                           "locator" : "43:7-43:38",
                           "type" : "End",
                           "operand" : {
                              "localId" : "75",
                              "locator" : "43:14-43:38",
                              "path" : "relevantPeriod",
                              "scope" : "Discharges",
                              "type" : "Property"
                           }
                        },
                        "high" : {
                           "locator" : "43:7-43:38",
                           "type" : "Add",
                           "operand" : [ {
                              "localId" : "76",
                              "locator" : "43:7-43:38",
                              "type" : "End",
                              "operand" : {
                                 "localId" : "75",
                                 "locator" : "43:14-43:38",
                                 "path" : "relevantPeriod",
                                 "scope" : "Discharges",
                                 "type" : "Property"
                              }
                           }, {
                              "localId" : "77",
                              "locator" : "42:46-42:52",
                              "value" : 30,
                              "unit" : "days",
                              "type" : "Quantity"
                           } ]
                        }
                     } ]
                  }
               } ],
               "return" : {
                  "localId" : "81",
                  "locator" : "44:5-44:21",
                  "expression" : {
                     "localId" : "80",
                     "locator" : "44:12-44:21",
                     "name" : "Discharges",
                     "type" : "AliasRef"
                  }
               }
            }
         }, {
            "localId" : "87",
            "locator" : "46:1-48:89",
            "name" : "Exclusions",
            "context" : "Patient",
            "accessLevel" : "Public",
            "annotation" : [ {
               "type" : "Annotation",
               "s" : {
                  "r" : "87",
                  "s" : [ {
                     "value" : [ "define ","\"Exclusions\"",":\n  " ]
                  }, {
                     "r" : "86",
                     "s" : [ {
                        "r" : "84",
                        "s" : [ {
                           "value" : [ "\"Readmission within 30 days and during Measurement Period\"" ]
                        } ]
                     }, {
                        "value" : [ "\n    union " ]
                     }, {
                        "r" : "85",
                        "s" : [ {
                           "value" : [ "\"Acute or Nonacute Inpatient Discharges with Hospice Intervention or Encounter\"" ]
                        } ]
                     } ]
                  } ]
               }
            } ],
            "expression" : {
               "localId" : "86",
               "locator" : "47:3-48:89",
               "type" : "Union",
               "operand" : [ {
                  "localId" : "84",
                  "locator" : "47:3-47:60",
                  "name" : "Readmission within 30 days and during Measurement Period",
                  "type" : "ExpressionRef"
               }, {
                  "localId" : "85",
                  "locator" : "48:11-48:89",
                  "name" : "Acute or Nonacute Inpatient Discharges with Hospice Intervention or Encounter",
                  "type" : "ExpressionRef"
               } ]
            }
         } ]
      }
   }
}