<?xml version="1.0" encoding="UTF-8" standalone="yes"?>
<QualityMeasureDocument xmlns="urn:hl7-org:v3" xmlns:cql-ext="urn:hhs-cql:hqmf-n1-extensions:v1"
                        xmlns:xsi="http://www.w3.org/2001/XMLSchema-instance">
         
      <!--
			**************************************************************
			Measure Details Section
			**************************************************************
		-->
         
      <typeId extension="POQM_HD000001UV02" root="2.16.840.1.113883.1.3"/>
   <templateId>
      <item extension="2018-05-01" root="2.16.840.1.113883.10.20.28.1.2"/>
   </templateId>
   <id root="40280382-667f-ecc3-0167-8bb11d5c5bf3"/>
   <code code="57024-2" codeSystem="2.16.840.1.113883.6.1">
      <displayName value="Health Quality Measure Document"/>
   </code>
   <title value="2020 Medication Reconciliation Post-Discharge 1.0"/>
   <text
         value="The percentage of discharges from January 1–December 1 of the measurement year for members 18 years of age and older for whom medications were reconciled the date of discharge through 30 days after discharge (31 total days)."/>
   <statusCode code="COMPLETED"/>
   <setId root="46edf500-48ca-4115-9b2b-35d0edd3c579"/>
   <versionNumber value="0.0.009"/>
   <author>
      <responsibleParty classCode="ASSIGNED">
         <representedResponsibleOrganization classCode="ORG" determinerCode="INSTANCE">
            <id>
               <item root="2.16.840.1.113883.3.464"/>
            </id>
            <name>
               <item>
                  <part value="National Committee for Quality Assurance"/>
               </item>
            </name>
         </representedResponsibleOrganization>
      </responsibleParty>
   </author>
   <custodian>
      <responsibleParty classCode="ASSIGNED">
         <representedResponsibleOrganization classCode="ORG" determinerCode="INSTANCE">
            <id>
               <item root="2.16.840.1.113883.3.464"/>
            </id>
            <name>
               <item>
                  <part value="National Committee for Quality Assurance"/>
               </item>
            </name>
         </representedResponsibleOrganization>
      </responsibleParty>
   </custodian>
   <!--Hospice Intervention-->
     	 <definition>
      <valueSet classCode="OBS" moodCode="DEF">
         <id root="2.16.840.1.113883.3.464.1004.1762"/>
         <title value="Hospice Intervention"/>
      </valueSet>
   </definition>
   <!--Medication Reconciliation Intervention-->
     	 <definition>
      <valueSet classCode="OBS" moodCode="DEF">
         <id root="2.16.840.1.113883.3.464.1004.1529"/>
         <title value="Medication Reconciliation Intervention"/>
      </valueSet>
   </definition>
   <!--Hospice Encounter-->
     	 <definition>
      <valueSet classCode="OBS" moodCode="DEF">
         <id root="2.16.840.1.113883.3.464.1004.1761"/>
         <title value="Hospice Encounter"/>
      </valueSet>
   </definition>
   <!--Medication Reconciliation Encounter-->
     	 <definition>
      <valueSet classCode="OBS" moodCode="DEF">
         <id root="2.16.840.1.113883.3.464.1004.1528"/>
         <title value="Medication Reconciliation Encounter"/>
      </valueSet>
   </definition>
   <!--Inpatient Stay-->
     	 <definition>
      <valueSet classCode="OBS" moodCode="DEF">
         <id root="2.16.840.1.113883.3.464.1004.1395"/>
         <title value="Inpatient Stay"/>
      </valueSet>
   </definition>
   <!--Birth date-CODE:/CodeSystem/LOINC/Version/2.65/Code/21112-8/Info-->
      <definition>
      <cql-ext:code code="21112-8" codeSystem="2.16.840.1.113883.6.1" codeSystemName="LOINC">
         <displayName value="Birth date"/>
      </cql-ext:code>
   </definition>
   <relatedDocument typeCode="COMP">
      <expressionDocument>
         <id root="927B673C-795C-4386-89BC-AAC1A00EE057"/>
         <text mediaType="text/cql">
            <reference value="https://emeasuretool.cms.gov/libraries/46edf500-48ca-4115-9b2b-35d0edd3c579/MedicationReconciliationPostDischarge10-0.0.009.cql"/>
            <translation mediaType="application/elm+xml">
               <reference value="https://emeasuretool.cms.gov/libraries/46edf500-48ca-4115-9b2b-35d0edd3c579/MedicationReconciliationPostDischarge10-0.0.009.xml"/>
            </translation>
            <translation mediaType="application/elm+json">
               <reference value="https://emeasuretool.cms.gov/libraries/46edf500-48ca-4115-9b2b-35d0edd3c579/MedicationReconciliationPostDischarge10-0.0.009.json"/>
            </translation>
         </text>
         <setId extension="46edf500-48ca-4115-9b2b-35d0edd3c579"
                identifierName="MedicationReconciliationPostDischarge10"
                root="https://emeasuretool.cms.gov/libraries"/>
         <versionNumber value="0.0.009"/>
      </expressionDocument>
   </relatedDocument>
   <relatedDocument typeCode="COMP">
      <expressionDocument>
         <id root="402803826adcd9dc016b0f2863d111df"/>
         <text mediaType="text/cql">
            <reference value="https://emeasuretool.cms.gov/libraries/ce4355ea-cf91-4cc2-befd-2ebf44921e03/NCQA_Common-5.0.000.cql"/>
            <translation mediaType="application/elm+xml">
               <reference value="https://emeasuretool.cms.gov/libraries/ce4355ea-cf91-4cc2-befd-2ebf44921e03/NCQA_Common-5.0.000.xml"/>
            </translation>
            <translation mediaType="application/elm+json">
               <reference value="https://emeasuretool.cms.gov/libraries/ce4355ea-cf91-4cc2-befd-2ebf44921e03/NCQA_Common-5.0.000.json"/>
            </translation>
         </text>
         <setId extension="ce4355ea-cf91-4cc2-befd-2ebf44921e03" identifierName="NCQA_Common"
                root="https://emeasuretool.cms.gov/libraries"/>
         <versionNumber value="5.0.000"/>
      </expressionDocument>
   </relatedDocument>
   <controlVariable>
      <measurePeriod>
         <id extension="measureperiod" root="e6435763-b172-41f6-936b-3d32d95cdfeb"/>
         <code code="MSRTP" codeSystem="2.16.840.1.113883.5.4">
            <originalText value="Measurement Period"/>
         </code>
         <value xsi:type="PIVL_TS">
            <phase highClosed="true" lowClosed="true">
               <low value="20190101"/>
               <width unit="a" value="1" xsi:type="PQ"/>
            </phase>
            <period unit="a" value="1"/>
         </value>
      </measurePeriod>
   </controlVariable>
   <subjectOf>
      <measureAttribute>
         <code nullFlavor="OTH">
            <originalText value="eCQM Identifier (Measure Authoring Tool)"/>
         </code>
         <value mediaType="text/plain" value="" xsi:type="ED"/>
      </measureAttribute>
   </subjectOf>
   <subjectOf>
      <measureAttribute>
         <code nullFlavor="OTH">
            <originalText value="NQF Number"/>
         </code>
         <value mediaType="text/plain" value="Not Applicable" xsi:type="ED"/>
      </measureAttribute>
   </subjectOf>
   <subjectOf>
      <measureAttribute>
         <code code="COPY" codeSystem="2.16.840.1.113883.5.4">
            <displayName value="Copyright"/>
         </code>
         <value mediaType="text/plain"
                value="HEDIS® is a registered trademark of the National Committee for Quality Assurance (“NCQA”). The HEDIS measures and specifications were developed by and are owned by NCQA. NCQA holds a copyright in these materials and may rescind or alter these materials at any time. Users of the HEDIS measures and specifications shall not have the right to alter, enhance or otherwise modify the HEDIS measures and specifications, and shall not disassemble, recompile or reverse engineer the HEDIS measures and specifications. Use of the Rules for Allowable Adjustments of HEDIS to make permitted adjustments of the materials does not constitute a modification. Anyone desiring to use or reproduce the materials without modification for an internal, quality improvement non-commercial purpose may do so without obtaining any approval from NCQA. All other uses, including a commercial use and/or external reproduction, distribution and publication must be approved by NCQA and are subject to a license at the discretion of NCQA.  &#xA;HEDIS measures and specifications are not clinical guidelines, do not establish a standard of medical care and have not been tested for all potential applications. The measures and specifications are provided “as is” without warranty of any kind. NCQA makes no representations, warranties or endorsements about the quality of any product, test or protocol identified as numerator compliant or otherwise identified as meeting the requirements of a HEDIS measure or specification. NCQA also makes no representations, warranties or endorsements about the quality of any organization or clinician who uses or reports performance measures. NCQA has no liability to anyone who relies on HEDIS measures and specifications or data reflective of performance under such measures and specifications. &#xA;Calculated measure results, based on unadjusted HEDIS specifications, may not be termed “Health Plan HEDIS rates” until they are audited and designated reportable by an NCQA-Certified Auditor. Such results should be referred to as “Unaudited Health Plan HEDIS Rates.” Additionally, calculated measure results, based on adjusted HEDIS specifications, may be called only “Uncertified, Unaudited HEDIS rates.” In this publication, “Heath Plan HEDIS rate” refers to and assumes a result from unadjusted HEDIS specification that has been audited by an NCQA-Certified HEDIS Auditor. Limited proprietary coding is contained in the measure specifications for convenience. Users of the proprietary code sets should obtain all necessary licenses from the owners of these code sets. NCQA disclaims all liability for use or accuracy of any coding contained in the specifications. &#xA;The American Medical Association holds a copyright to the CPT® codes contained in the measures specifications. &#xA;The American Hospital Association holds a copyright to the Uniform Bill Codes (“UB”) contained in the measure specifications. The UB Codes in the HEDIS specifications are included with the permission of the AHA. The UB Codes contained in the HEDIS specifications may be used by health plans and other health care delivery organizations for the purpose of calculating and reporting HEDIS measure results or using HEDIS measure results for their internal quality improvement purposes. All other uses of the UB Codes require a license from the AHA. Anyone desiring to use the UB Codes in a commercial Product(s) to generate HEDIS results, or for any other commercial use, must obtain a commercial use license directly from the AHA. To inquire about licensing, contact ub04@healthforum.com.&#xA;Some measure specifications contain coding from LOINC® (http://loinc.org). The LOINC table, LOINC codes, LOINC panels and form file, LOINC linguistic variants file, LOINC/RSNA Radiology Playbook, and LOINC/IEEE Medical Device Code Mapping Table are copyright © 1995–2019, Regenstrief Institute, Inc. and the Logical Observation Identifiers Names and Codes (LOINC) Committee and is available at no cost under the license at http://loinc.org/terms-of-use.&#xA; “SNOMED” and “SNOMED CT” are registered trademarks of the International Health Terminology Standards Development Organisation (IHTSDO).&#xA;“HL7” is the registered trademark of Health Level Seven International.&#xA;© 2019 by the National Committee for Quality Assurance &#xA;1100 13th Street, NW, Third Floor&#xA;Washington, DC 20005&#xA;NCQA Customer Support: 888-275-7585&#xA;NCQA Fax: 202-955-3599&#xA;NCQA Website: www.ncqa.org&#xA;NCQA Policy Clarification Support at: http://my.ncqa.org"
                xsi:type="ED"/>
      </measureAttribute>
   </subjectOf>
   <subjectOf>
      <measureAttribute>
         <code code="DISC" codeSystem="2.16.840.1.113883.5.4">
            <displayName value="Disclaimer"/>
         </code>
         <value mediaType="text/plain" value="" xsi:type="ED"/>
      </measureAttribute>
   </subjectOf>
   <subjectOf>
      <measureAttribute>
         <code code="MSRSCORE" codeSystem="2.16.840.1.113883.5.4">
            <displayName value="Measure Scoring"/>
         </code>
         <value code="PROPOR" codeSystem="2.16.840.1.113883.5.1063" xsi:type="CD">
            <displayName value="Proportion"/>
         </value>
      </measureAttribute>
   </subjectOf>
   <subjectOf>
      <measureAttribute>
         <code code="MSRTYPE" codeSystem="2.16.840.1.113883.5.4">
            <displayName value="Measure Type"/>
         </code>
         <value code="PROCESS" codeSystem="2.16.840.1.113883.5.1063" xsi:type="CD">
            <displayName value="PROCESS"/>
         </value>
      </measureAttribute>
   </subjectOf>
   <subjectOf>
      <measureAttribute>
         <code code="STRAT" codeSystem="2.16.840.1.113883.5.4">
            <displayName value="Stratification"/>
         </code>
         <value mediaType="text/plain" value="None." xsi:type="ED"/>
      </measureAttribute>
   </subjectOf>
   <subjectOf>
      <measureAttribute>
         <code code="MSRADJ" codeSystem="2.16.840.1.113883.5.4">
            <displayName value="Risk Adjustment"/>
         </code>
         <value mediaType="text/plain" value="None." xsi:type="ED"/>
      </measureAttribute>
   </subjectOf>
   <subjectOf>
      <measureAttribute>
         <code code="MSRAGG" codeSystem="2.16.840.1.113883.5.4">
            <displayName value="Rate Aggregation"/>
         </code>
         <value mediaType="text/plain" value="" xsi:type="ED"/>
      </measureAttribute>
   </subjectOf>
   <subjectOf>
      <measureAttribute>
         <code code="RAT" codeSystem="2.16.840.1.113883.5.4">
            <displayName value="Rationale"/>
         </code>
         <value mediaType="text/plain" value="" xsi:type="ED"/>
      </measureAttribute>
   </subjectOf>
   <subjectOf>
      <measureAttribute>
         <code code="CRS" codeSystem="2.16.840.1.113883.5.4">
            <displayName value="Clinical Recommendation Statement"/>
         </code>
         <value mediaType="text/plain"
                value="Medication reconciliation is a critical piece of care coordination for all individuals who use prescription medications. Eighty-two percent of all adults in the United States take at least one medication (prescription or nonprescription, vitamin/mineral, herbal/natural supplement); 29 percent take five or more. The high prevalence of prescription medication use can result in potentially negative consequences for patients if medications are not used and monitored appropriately. Medication reconciliation is an important element of patient safety. It can reduce the occurrence of adverse drug events, especially for people with multiple prescription medications."
                xsi:type="ED"/>
      </measureAttribute>
   </subjectOf>
   <subjectOf>
      <measureAttribute>
         <code code="IDUR" codeSystem="2.16.840.1.113883.5.4">
            <displayName value="Improvement Notation"/>
         </code>
         <value mediaType="text/plain" value="A higher score indicates better performance."
                xsi:type="ED"/>
      </measureAttribute>
   </subjectOf>
   <subjectOf>
      <measureAttribute>
         <code code="REF" codeSystem="2.16.840.1.113883.5.4">
            <displayName value="Reference"/>
         </code>
         <value mediaType="text/plain"
                value="Kantor, E.D., C.D. Rehm, J.S. Haas, A.T. Chan, and E.L. Giovannucci. 2015. “Trends in prescription drug use among adults in the United States from 1999-2012.” JAMA 314(17): 1818–30.&#xA;Pronovost, P., B. Weast, M. Schwarz, et al. 2003. “Medication Reconciliation: A Practical Tool to Reduce the risk of Medication Errors.” J Crit. Care 18(4): 201–5."
                xsi:type="ED"/>
      </measureAttribute>
   </subjectOf>
   <subjectOf>
      <measureAttribute>
         <code code="DEF" codeSystem="2.16.840.1.113883.5.4">
            <displayName value="Definition"/>
         </code>
         <value mediaType="text/plain"
                value="Participation: The identifiers and descriptors for each organization’s coverage used to define members’ eligibility for measure reporting. Allocation for reporting is based on eligibility during the participation period.&#xA;&#xA;Allocation for eCQM reporting is based on the specific program requirements for which the eCQMs are submitted, usually based on encounters or other patient interactions occurring during the Measurement Period. &#xA;Participation Period&#x9;Date of discharge through 30 days after discharge. &#xA;&#xA;Medication Reconciliation: A type of review in which the discharge medications are reconciled with the most recent medication list in the outpatient medical record.&#xA;&#xA;Initial Population:&#xA;&#x9;Ages: 18 years and older as of December 31 of the Measurement Period.&#xA;&#x9;Event/ diagnosis: An acute or nonacute inpatient discharge on or between January 1 and December 1 of the measurement year. &#xA;Exclusions&#x9;Readmission or direct transfer&#x9;Exclude discharges that are followed by a readmission or direct transfer to an acute or nonacute inpatient care setting on the date of discharge through 30 days after discharge (31 total days).&#xA;&#x9;Hospice &#xA;&#x9;Exclude members who were in hospice or using hospice services during the Measurement Period.&#xA;Medication Reconciliation Post-Discharge&#x9;Denominator 1 &#x9;The initial population, minus exclusions. &#xA;&#x9;Numerator 1 &#x9;Medication reconciliation conducted by a prescribing practitioner, clinical pharmacist or registered nurse on the date of discharge through 30 days after discharge (31 total days)."
                xsi:type="ED"/>
      </measureAttribute>
   </subjectOf>
   <subjectOf>
      <measureAttribute>
         <code code="GUIDE" codeSystem="2.16.840.1.113883.5.4">
            <displayName value="Guidance"/>
         </code>
         <value mediaType="text/plain"
                value="Allocation:&#xA;The member was continuously enrolled with a medical benefit throughout the participation period. Refer to ECDS General Guideline 5: Member Allocation to HEDIS ECDS Measures. &#xA;&#xA;Requirements:&#xA;The denominator for this measure is based on discharges, not on members. If members have more than one discharge, include all discharges on or between January 1 and December 1 of the measurement period."
                xsi:type="ED"/>
      </measureAttribute>
   </subjectOf>
   <subjectOf>
      <measureAttribute>
         <code code="TRANF" codeSystem="2.16.840.1.113883.5.4">
            <displayName value="Transmission Format"/>
         </code>
         <value mediaType="text/plain" value="" xsi:type="ED"/>
      </measureAttribute>
   </subjectOf>
   <subjectOf>
      <measureAttribute>
         <code code="IPOP" codeSystem="2.16.840.1.113883.5.4">
            <displayName value="Initial Population"/>
         </code>
         <value mediaType="text/plain"
                value="Ages: 18 years and older as of December 31 of the Measurement Period.&#xA;Event/ diagnosis: An acute or nonacute inpatient discharge on or between January 1 and December 1 of the measurement year."
                xsi:type="ED"/>
      </measureAttribute>
   </subjectOf>
   <subjectOf>
      <measureAttribute>
         <code code="DENOM" codeSystem="2.16.840.1.113883.5.4">
            <displayName value="Denominator"/>
         </code>
         <value mediaType="text/plain" value="The initial population, minus exclusions."
                xsi:type="ED"/>
      </measureAttribute>
   </subjectOf>
   <subjectOf>
      <measureAttribute>
         <code code="DENEX" codeSystem="2.16.840.1.113883.5.4">
            <displayName value="Denominator Exclusions"/>
         </code>
         <value mediaType="text/plain"
                value="Readmission or direct transfer: Exclude discharges that are followed by a readmission or direct transfer to an acute or nonacute inpatient care setting on the date of discharge through 30 days after discharge (31 total days).&#xA;&#xA;Hospice: Exclude members who were in hospice or using hospice services during the Measurement Period."
                xsi:type="ED"/>
      </measureAttribute>
   </subjectOf>
   <subjectOf>
      <measureAttribute>
         <code code="NUMER" codeSystem="2.16.840.1.113883.5.4">
            <displayName value="Numerator"/>
         </code>
         <value mediaType="text/plain"
                value="Medication reconciliation conducted by a prescribing practitioner, clinical pharmacist or registered nurse on the date of discharge through 30 days after discharge (31 total days)."
                xsi:type="ED"/>
      </measureAttribute>
   </subjectOf>
   <subjectOf>
      <measureAttribute>
         <code code="NUMEX" codeSystem="2.16.840.1.113883.5.4">
            <displayName value="Numerator Exclusions"/>
         </code>
         <value mediaType="text/plain" value="" xsi:type="ED"/>
      </measureAttribute>
   </subjectOf>
   <subjectOf>
      <measureAttribute>
         <code code="DENEXCEP" codeSystem="2.16.840.1.113883.5.4">
            <displayName value="Denominator Exceptions"/>
         </code>
         <value mediaType="text/plain" value="" xsi:type="ED"/>
      </measureAttribute>
   </subjectOf>
   <subjectOf>
      <measureAttribute>
         <code code="SDE" codeSystem="2.16.840.1.113883.5.4">
            <displayName value="Supplemental Data Elements"/>
         </code>
         <value mediaType="text/plain" value="" xsi:type="ED"/>
      </measureAttribute>
   </subjectOf>
   <componentOf>
      <qualityMeasureSet classCode="ACT">
         <id root=""/>
         <title value=""/>
      </qualityMeasureSet>
   </componentOf>
   <!--Data Criteria Section-->
   <component>
      <dataCriteriaSection>
         <templateId>
            <item extension="2018-05-01" root="2.16.840.1.113883.10.20.28.2.6"/>
         </templateId>
         <code code="57025-9" codeSystem="2.16.840.1.113883.6.1"/>
         <title value="Data Criteria Section"/>
         <text/>
         <entry typeCode="DRIV">
            <localVariableName value="HospiceIntervention_InterventionOrder_5lJgX"/>
            <actCriteria classCode="ACT" moodCode="RQO">
               <templateId>
                  <item extension="2017-05-01" root="2.16.840.1.113883.10.20.28.4.35"/>
               </templateId>
               <id extension="HospiceIntervention_InterventionOrder"
                   root="7efb7d7a-fbdf-4327-bda0-1b7171ddd4dd"/>
               <code valueSet="2.16.840.1.113883.3.464.1004.1762"/>
               <title value="Intervention, Order"/>
               <statusCode code="ACTIVE"/>
            </actCriteria>
         </entry>
         <entry typeCode="DRIV">
            <localVariableName value="HospiceIntervention_InterventionPerformed_7nJER"/>
            <actCriteria classCode="ACT" moodCode="EVN">
               <templateId>
                  <item extension="2017-08-01" root="2.16.840.1.113883.10.20.28.4.36"/>
               </templateId>
               <id extension="HospiceIntervention_InterventionPerformed"
                   root="7efb7d7a-fbdf-4327-bda0-1b7171ddd4dd"/>
               <code valueSet="2.16.840.1.113883.3.464.1004.1762"/>
               <title value="Intervention, Performed"/>
               <statusCode code="COMPLETED"/>
            </actCriteria>
         </entry>
         <entry typeCode="DRIV">
            <localVariableName value="MedicationReconciliationIntervention_InterventionOrder_XRYgh"/>
            <actCriteria classCode="ACT" moodCode="RQO">
               <templateId>
                  <item extension="2017-05-01" root="2.16.840.1.113883.10.20.28.4.35"/>
               </templateId>
               <id extension="MedicationReconciliationIntervention_InterventionOrder"
                   root="d87f7f0d-69af-447c-8669-f50a73de4bd4"/>
               <code valueSet="2.16.840.1.113883.3.464.1004.1529"/>
               <title value="Intervention, Order"/>
               <statusCode code="ACTIVE"/>
            </actCriteria>
         </entry>
         <entry typeCode="DRIV">
            <localVariableName value="MedicationReconciliationIntervention_InterventionPerformed_ORqyQ"/>
            <actCriteria classCode="ACT" moodCode="EVN">
               <templateId>
                  <item extension="2017-08-01" root="2.16.840.1.113883.10.20.28.4.36"/>
               </templateId>
               <id extension="MedicationReconciliationIntervention_InterventionPerformed"
                   root="d87f7f0d-69af-447c-8669-f50a73de4bd4"/>
               <code valueSet="2.16.840.1.113883.3.464.1004.1529"/>
               <title value="Intervention, Performed"/>
               <statusCode code="COMPLETED"/>
            </actCriteria>
         </entry>
         <entry typeCode="DRIV">
            <localVariableName value="HospiceEncounter_EncounterPerformed_neVMk"/>
            <encounterCriteria classCode="ENC" moodCode="EVN">
               <templateId>
                  <item extension="2017-08-01" root="2.16.840.1.113883.10.20.28.4.5"/>
               </templateId>
               <id extension="HospiceEncounter_EncounterPerformed"
                   root="269e1b28-43a8-4671-8ee7-d0174b0d6bc3"/>
               <code valueSet="2.16.840.1.113883.3.464.1004.1761"/>
               <title value="Encounter, Performed"/>
               <statusCode code="COMPLETED"/>
            </encounterCriteria>
         </entry>
         <entry typeCode="DRIV">
            <localVariableName value="MedicationReconciliationEncounter_EncounterPerformed_yQXuB"/>
            <encounterCriteria classCode="ENC" moodCode="EVN">
               <templateId>
                  <item extension="2017-08-01" root="2.16.840.1.113883.10.20.28.4.5"/>
               </templateId>
               <id extension="MedicationReconciliationEncounter_EncounterPerformed"
                   root="551c3395-e34e-47a9-92dd-ff4411e0745a"/>
               <code valueSet="2.16.840.1.113883.3.464.1004.1528"/>
               <title value="Encounter, Performed"/>
               <statusCode code="COMPLETED"/>
            </encounterCriteria>
         </entry>
         <entry typeCode="DRIV">
            <localVariableName value="InpatientStay_EncounterPerformed_174pi"/>
            <encounterCriteria classCode="ENC" moodCode="EVN">
               <templateId>
                  <item extension="2017-08-01" root="2.16.840.1.113883.10.20.28.4.5"/>
               </templateId>
               <id extension="InpatientStay_EncounterPerformed"
                   root="34203174-c241-4f31-b1e2-88215ac048a2"/>
               <code valueSet="2.16.840.1.113883.3.464.1004.1395"/>
               <title value="Encounter, Performed"/>
               <statusCode code="COMPLETED"/>
            </encounterCriteria>
         </entry>
         <entry typeCode="DRIV">
            <observationCriteria classCode="OBS" moodCode="EVN">
               <templateId>
                  <item extension="2017-05-01" root="2.16.840.1.113883.10.20.28.4.54"/>
               </templateId>
               <id extension="21112-8_PatientCharacteristicBirthdate"
                   root="9C551631-ABBB-4BB0-BDEE-67D8E98616F6"/>
               <code code="21112-8" codeSystem="2.16.840.1.113883.6.1" codeSystemName="LOINC"/>
               <title value="Patient Characteristic Birthdate"/>
               <statusCode code="COMPLETED"/>
            </observationCriteria>
         </entry>
      </dataCriteriaSection>
   </component>
   <component>
      <populationCriteriaSection>
         <templateId>
            <item extension="2017-08-01" root="2.16.840.1.113883.10.20.28.2.7"/>
         </templateId>
         <id extension="PopulationCriteria1" root="00F1BDE4-9CD4-487C-AE5A-3BBBC40706D4"/>
         <code code="57026-7" codeSystem="2.16.840.1.113883.6.1"/>
         <title value="Population Criteria Section"/>
         <text/>
         <component typeCode="COMP">
            <initialPopulationCriteria classCode="OBS" moodCode="EVN">
               <id extension="initialPopulation" root="093AE178-1648-4AC6-A614-B493D041F65F"/>
               <code code="IPOP" codeSystem="2.16.840.1.113883.5.4" codeSystemName="Act Code"/>
               <precondition typeCode="PRCN">
                  <criteriaReference classCode="OBS" moodCode="EVN">
                     <id extension="MedicationReconciliationPostDischarge10.&quot;Initial Population&quot;"
                         root="927B673C-795C-4386-89BC-AAC1A00EE057"/>
                  </criteriaReference>
               </precondition>
            </initialPopulationCriteria>
         </component>
         <component typeCode="COMP">
            <denominatorCriteria classCode="OBS" moodCode="EVN">
               <id extension="denominator" root="63802674-6F92-4B8B-8CC7-6CAE8EAFE238"/>
               <code code="DENOM" codeSystem="2.16.840.1.113883.5.4" codeSystemName="Act Code"/>
               <precondition typeCode="PRCN">
                  <criteriaReference classCode="OBS" moodCode="EVN">
                     <id extension="MedicationReconciliationPostDischarge10.&quot;Denominator&quot;"
                         root="927B673C-795C-4386-89BC-AAC1A00EE057"/>
                  </criteriaReference>
               </precondition>
            </denominatorCriteria>
         </component>
         <component typeCode="COMP">
            <denominatorExclusionCriteria classCode="OBS" moodCode="EVN">
               <id extension="denominatorExclusions" root="A8347376-CC24-474F-9827-C091D055711D"/>
               <code code="DENEX" codeSystem="2.16.840.1.113883.5.4" codeSystemName="Act Code"/>
               <precondition typeCode="PRCN">
                  <criteriaReference classCode="OBS" moodCode="EVN">
                     <id extension="MedicationReconciliationPostDischarge10.&quot;Exclusions&quot;"
                         root="927B673C-795C-4386-89BC-AAC1A00EE057"/>
                  </criteriaReference>
               </precondition>
            </denominatorExclusionCriteria>
         </component>
         <component typeCode="COMP">
            <numeratorCriteria classCode="OBS" moodCode="EVN">
               <id extension="numerator" root="02882E93-23D1-4644-BB99-161CA3DAC567"/>
               <code code="NUMER" codeSystem="2.16.840.1.113883.5.4" codeSystemName="Act Code"/>
               <precondition typeCode="PRCN">
                  <criteriaReference classCode="OBS" moodCode="EVN">
                     <id extension="MedicationReconciliationPostDischarge10.&quot;Numerator&quot;"
                         root="927B673C-795C-4386-89BC-AAC1A00EE057"/>
                  </criteriaReference>
               </precondition>
            </numeratorCriteria>
         </component>
      </populationCriteriaSection>
   </component>
</QualityMeasureDocument>