{
   "library" : {
      "identifier" : {
         "id" : "AdultMajorDepressiveDisorderMDDSuicideRiskAssessment",
         "version" : "10.0.000"
      },
      "schemaIdentifier" : {
         "id" : "urn:hl7-org:elm",
         "version" : "r1"
      },
      "usings" : {
         "def" : [ {
            "localIdentifier" : "System",
            "uri" : "urn:hl7-org:elm-types:r1"
         }, {
            "localId" : "1",
            "locator" : "3:1-3:23",
            "localIdentifier" : "QDM",
            "uri" : "urn:healthit-gov:qdm:v5_5",
            "version" : "5.5"
         } ]
      },
      "includes" : {
         "def" : [ {
            "localId" : "2",
            "locator" : "5:1-5:64",
            "localIdentifier" : "Global",
            "path" : "MATGlobalCommonFunctions",
            "version" : "6.2.000"
         } ]
      },
      "parameters" : {
         "def" : [ {
            "localId" : "23",
            "locator" : "26:1-26:49",
            "name" : "Measurement Period",
            "accessLevel" : "Public",
            "parameterTypeSpecifier" : {
               "localId" : "22",
               "locator" : "26:32-26:49",
               "type" : "IntervalTypeSpecifier",
               "pointType" : {
                  "localId" : "21",
                  "locator" : "26:41-26:48",
                  "name" : "{urn:hl7-org:elm-types:r1}DateTime",
                  "type" : "NamedTypeSpecifier"
               }
            }
         } ]
      },
      "codeSystems" : {
         "def" : [ {
            "localId" : "3",
            "locator" : "7:1-7:51",
            "name" : "LOINC",
            "id" : "urn:oid:2.16.840.1.113883.6.1",
            "accessLevel" : "Public"
         }, {
            "localId" : "4",
            "locator" : "8:1-8:55",
            "name" : "SNOMEDCT",
            "id" : "urn:oid:2.16.840.1.113883.6.96",
            "accessLevel" : "Public"
         } ]
      },
      "valueSets" : {
         "def" : [ {
            "localId" : "5",
            "locator" : "10:1-10:89",
            "name" : "Emergency Department Visit",
            "id" : "urn:oid:2.16.840.1.113883.3.464.1003.101.12.1010",
            "accessLevel" : "Public"
         }, {
            "localId" : "6",
            "locator" : "11:1-11:58",
            "name" : "Ethnicity",
            "id" : "urn:oid:2.16.840.1.114222.4.11.837",
            "accessLevel" : "Public"
         }, {
            "localId" : "7",
            "locator" : "12:1-12:85",
            "name" : "Major Depressive Disorder-Active",
            "id" : "urn:oid:2.16.840.1.113883.3.526.3.1491",
            "accessLevel" : "Public"
         }, {
            "localId" : "8",
            "locator" : "13:1-13:75",
            "name" : "Office Visit",
            "id" : "urn:oid:2.16.840.1.113883.3.464.1003.101.12.1001",
            "accessLevel" : "Public"
         }, {
            "localId" : "9",
            "locator" : "14:1-14:68",
            "name" : "ONC Administrative Sex",
            "id" : "urn:oid:2.16.840.1.113762.1.4.1",
            "accessLevel" : "Public"
         }, {
            "localId" : "10",
            "locator" : "15:1-15:86",
            "name" : "Outpatient Consultation",
            "id" : "urn:oid:2.16.840.1.113883.3.464.1003.101.12.1008",
            "accessLevel" : "Public"
         }, {
            "localId" : "11",
            "locator" : "16:1-16:55",
            "name" : "Payer",
            "id" : "urn:oid:2.16.840.1.114222.4.11.3591",
            "accessLevel" : "Public"
         }, {
            "localId" : "12",
            "locator" : "17:1-17:88",
            "name" : "Psych Visit - Diagnostic Evaluation",
            "id" : "urn:oid:2.16.840.1.113883.3.526.3.1492",
            "accessLevel" : "Public"
         }, {
            "localId" : "13",
            "locator" : "18:1-18:80",
            "name" : "Psych Visit - Psychotherapy",
            "id" : "urn:oid:2.16.840.1.113883.3.526.3.1496",
            "accessLevel" : "Public"
         }, {
            "localId" : "14",
            "locator" : "19:1-19:67",
            "name" : "Psychoanalysis",
            "id" : "urn:oid:2.16.840.1.113883.3.526.3.1141",
            "accessLevel" : "Public"
         }, {
            "localId" : "15",
            "locator" : "20:1-20:53",
            "name" : "Race",
            "id" : "urn:oid:2.16.840.1.114222.4.11.836",
            "accessLevel" : "Public"
         }, {
            "localId" : "16",
            "locator" : "21:1-21:82",
            "name" : "Telehealth Services",
            "id" : "urn:oid:2.16.840.1.113883.3.464.1003.101.12.1031",
            "accessLevel" : "Public"
         } ]
      },
      "codes" : {
         "def" : [ {
            "localId" : "18",
            "locator" : "23:1-23:62",
            "name" : "Birth date",
            "id" : "21112-8",
            "display" : "Birth date",
            "accessLevel" : "Public",
            "codeSystem" : {
               "localId" : "17",
               "locator" : "23:35-23:41",
               "name" : "LOINC"
            }
         }, {
            "localId" : "20",
            "locator" : "24:1-24:117",
            "name" : "Suicide risk assessment (procedure)",
            "id" : "225337009",
            "display" : "Suicide risk assessment (procedure)",
            "accessLevel" : "Public",
            "codeSystem" : {
               "localId" : "19",
               "locator" : "24:62-24:71",
               "name" : "SNOMEDCT"
            }
         } ]
      },
      "statements" : {
         "def" : [ {
            "locator" : "28:1-28:15",
            "name" : "Patient",
            "context" : "Patient",
            "expression" : {
               "type" : "SingletonFrom",
               "operand" : {
                  "locator" : "28:1-28:15",
                  "dataType" : "{urn:healthit-gov:qdm:v5_5}Patient",
                  "templateId" : "Patient",
                  "type" : "Retrieve"
               }
            }
         }, {
            "localId" : "25",
            "locator" : "30:1-31:51",
            "name" : "SDE Ethnicity",
            "context" : "Patient",
            "accessLevel" : "Public",
            "annotation" : [ {
               "type" : "Annotation",
               "s" : {
                  "r" : "25",
                  "s" : [ {
                     "value" : [ "define ","\"SDE Ethnicity\"",":\n  " ]
                  }, {
                     "r" : "24",
                     "s" : [ {
                        "value" : [ "[","\"Patient Characteristic Ethnicity\"",": " ]
                     }, {
                        "s" : [ {
                           "value" : [ "\"Ethnicity\"" ]
                        } ]
                     }, {
                        "value" : [ "]" ]
                     } ]
                  } ]
               }
            } ],
            "expression" : {
               "localId" : "24",
               "locator" : "31:3-31:51",
               "dataType" : "{urn:healthit-gov:qdm:v5_5}PatientCharacteristicEthnicity",
               "codeProperty" : "code",
               "type" : "Retrieve",
               "codes" : {
                  "locator" : "31:40-31:50",
                  "name" : "Ethnicity",
                  "type" : "ValueSetRef"
               }
            }
         }, {
            "localId" : "27",
            "locator" : "33:1-34:43",
            "name" : "SDE Payer",
            "context" : "Patient",
            "accessLevel" : "Public",
            "annotation" : [ {
               "type" : "Annotation",
               "s" : {
                  "r" : "27",
                  "s" : [ {
                     "value" : [ "define ","\"SDE Payer\"",":\n  " ]
                  }, {
                     "r" : "26",
                     "s" : [ {
                        "value" : [ "[","\"Patient Characteristic Payer\"",": " ]
                     }, {
                        "s" : [ {
                           "value" : [ "\"Payer\"" ]
                        } ]
                     }, {
                        "value" : [ "]" ]
                     } ]
                  } ]
               }
            } ],
            "expression" : {
               "localId" : "26",
               "locator" : "34:3-34:43",
               "dataType" : "{urn:healthit-gov:qdm:v5_5}PatientCharacteristicPayer",
               "codeProperty" : "code",
               "type" : "Retrieve",
               "codes" : {
                  "locator" : "34:36-34:42",
                  "name" : "Payer",
                  "type" : "ValueSetRef"
               }
            }
         }, {
            "localId" : "29",
            "locator" : "36:1-37:41",
            "name" : "SDE Race",
            "context" : "Patient",
            "accessLevel" : "Public",
            "annotation" : [ {
               "type" : "Annotation",
               "s" : {
                  "r" : "29",
                  "s" : [ {
                     "value" : [ "define ","\"SDE Race\"",":\n  " ]
                  }, {
                     "r" : "28",
                     "s" : [ {
                        "value" : [ "[","\"Patient Characteristic Race\"",": " ]
                     }, {
                        "s" : [ {
                           "value" : [ "\"Race\"" ]
                        } ]
                     }, {
                        "value" : [ "]" ]
                     } ]
                  } ]
               }
            } ],
            "expression" : {
               "localId" : "28",
               "locator" : "37:3-37:41",
               "dataType" : "{urn:healthit-gov:qdm:v5_5}PatientCharacteristicRace",
               "codeProperty" : "code",
               "type" : "Retrieve",
               "codes" : {
                  "locator" : "37:35-37:40",
                  "name" : "Race",
                  "type" : "ValueSetRef"
               }
            }
         }, {
            "localId" : "31",
            "locator" : "39:1-40:58",
            "name" : "SDE Sex",
            "context" : "Patient",
            "accessLevel" : "Public",
            "annotation" : [ {
               "type" : "Annotation",
               "s" : {
                  "r" : "31",
                  "s" : [ {
                     "value" : [ "define ","\"SDE Sex\"",":\n  " ]
                  }, {
                     "r" : "30",
                     "s" : [ {
                        "value" : [ "[","\"Patient Characteristic Sex\"",": " ]
                     }, {
                        "s" : [ {
                           "value" : [ "\"ONC Administrative Sex\"" ]
                        } ]
                     }, {
                        "value" : [ "]" ]
                     } ]
                  } ]
               }
            } ],
            "expression" : {
               "localId" : "30",
               "locator" : "40:3-40:58",
               "dataType" : "{urn:healthit-gov:qdm:v5_5}PatientCharacteristicSex",
               "codeProperty" : "code",
               "type" : "Retrieve",
               "codes" : {
                  "locator" : "40:34-40:57",
                  "name" : "ONC Administrative Sex",
                  "type" : "ValueSetRef"
               }
            }
         }, {
            "localId" : "55",
            "locator" : "45:1-55:5",
            "name" : "Major Depressive Disorder Encounter",
            "context" : "Patient",
            "accessLevel" : "Public",
            "annotation" : [ {
               "type" : "Annotation",
               "s" : {
                  "r" : "55",
                  "s" : [ {
                     "value" : [ "define ","\"Major Depressive Disorder Encounter\"",":\n  " ]
                  }, {
                     "r" : "54",
                     "s" : [ {
                        "s" : [ {
                           "r" : "45",
                           "s" : [ {
                              "r" : "44",
                              "s" : [ {
                                 "value" : [ "( " ]
                              }, {
                                 "r" : "44",
                                 "s" : [ {
                                    "r" : "42",
                                    "s" : [ {
                                       "r" : "40",
                                       "s" : [ {
                                          "r" : "38",
                                          "s" : [ {
                                             "r" : "36",
                                             "s" : [ {
                                                "r" : "34",
                                                "s" : [ {
                                                   "r" : "32",
                                                   "s" : [ {
                                                      "value" : [ "[","\"Encounter, Performed\"",": " ]
                                                   }, {
                                                      "s" : [ {
                                                         "value" : [ "\"Psych Visit - Diagnostic Evaluation\"" ]
                                                      } ]
                                                   }, {
                                                      "value" : [ "]" ]
                                                   } ]
                                                }, {
                                                   "value" : [ "\n    union " ]
                                                }, {
                                                   "r" : "33",
                                                   "s" : [ {
                                                      "value" : [ "[","\"Encounter, Performed\"",": " ]
                                                   }, {
                                                      "s" : [ {
                                                         "value" : [ "\"Emergency Department Visit\"" ]
                                                      } ]
                                                   }, {
                                                      "value" : [ "]" ]
                                                   } ]
                                                } ]
                                             }, {
                                                "value" : [ "\n    union " ]
                                             }, {
                                                "r" : "35",
                                                "s" : [ {
                                                   "value" : [ "[","\"Encounter, Performed\"",": " ]
                                                }, {
                                                   "s" : [ {
                                                      "value" : [ "\"Office Visit\"" ]
                                                   } ]
                                                }, {
                                                   "value" : [ "]" ]
                                                } ]
                                             } ]
                                          }, {
                                             "value" : [ "\n    union " ]
                                          }, {
                                             "r" : "37",
                                             "s" : [ {
                                                "value" : [ "[","\"Encounter, Performed\"",": " ]
                                             }, {
                                                "s" : [ {
                                                   "value" : [ "\"Outpatient Consultation\"" ]
                                                } ]
                                             }, {
                                                "value" : [ "]" ]
                                             } ]
                                          } ]
                                       }, {
                                          "value" : [ "\n    union " ]
                                       }, {
                                          "r" : "39",
                                          "s" : [ {
                                             "value" : [ "[","\"Encounter, Performed\"",": " ]
                                          }, {
                                             "s" : [ {
                                                "value" : [ "\"Psych Visit - Psychotherapy\"" ]
                                             } ]
                                          }, {
                                             "value" : [ "]" ]
                                          } ]
                                       } ]
                                    }, {
                                       "value" : [ "\n    union " ]
                                    }, {
                                       "r" : "41",
                                       "s" : [ {
                                          "value" : [ "[","\"Encounter, Performed\"",": " ]
                                       }, {
                                          "s" : [ {
                                             "value" : [ "\"Psychoanalysis\"" ]
                                          } ]
                                       }, {
                                          "value" : [ "]" ]
                                       } ]
                                    } ]
                                 }, {
                                    "value" : [ "\n    union " ]
                                 }, {
                                    "r" : "43",
                                    "s" : [ {
                                       "value" : [ "[","\"Encounter, Performed\"",": " ]
                                    }, {
                                       "s" : [ {
                                          "value" : [ "\"Telehealth Services\"" ]
                                       } ]
                                    }, {
                                       "value" : [ "]" ]
                                    } ]
                                 } ]
                              }, {
                                 "value" : [ " )" ]
                              } ]
                           }, {
                              "value" : [ " ","ValidEncounter" ]
                           } ]
                        } ]
                     }, {
                        "value" : [ "\n    " ]
                     }, {
                        "r" : "53",
                        "s" : [ {
                           "value" : [ "where " ]
                        }, {
                           "r" : "53",
                           "s" : [ {
                              "value" : [ "exists " ]
                           }, {
                              "r" : "52",
                              "s" : [ {
                                 "value" : [ "( " ]
                              }, {
                                 "r" : "52",
                                 "s" : [ {
                                    "s" : [ {
                                       "r" : "47",
                                       "s" : [ {
                                          "r" : "46",
                                          "s" : [ {
                                             "s" : [ {
                                                "value" : [ "ValidEncounter",".","diagnoses" ]
                                             } ]
                                          } ]
                                       }, {
                                          "value" : [ " ","EncounterDiagnosis" ]
                                       } ]
                                    } ]
                                 }, {
                                    "value" : [ "\n        " ]
                                 }, {
                                    "r" : "51",
                                    "s" : [ {
                                       "value" : [ "where " ]
                                    }, {
                                       "r" : "51",
                                       "s" : [ {
                                          "r" : "49",
                                          "s" : [ {
                                             "r" : "48",
                                             "s" : [ {
                                                "value" : [ "EncounterDiagnosis" ]
                                             } ]
                                          }, {
                                             "value" : [ "." ]
                                          }, {
                                             "r" : "49",
                                             "s" : [ {
                                                "value" : [ "code" ]
                                             } ]
                                          } ]
                                       }, {
                                          "value" : [ " in " ]
                                       }, {
                                          "r" : "50",
                                          "s" : [ {
                                             "value" : [ "\"Major Depressive Disorder-Active\"" ]
                                          } ]
                                       } ]
                                    } ]
                                 } ]
                              }, {
                                 "value" : [ "\n    )" ]
                              } ]
                           } ]
                        } ]
                     } ]
                  } ]
               }
            } ],
            "expression" : {
               "localId" : "54",
               "locator" : "46:3-55:5",
               "type" : "Query",
               "source" : [ {
                  "localId" : "45",
                  "locator" : "46:3-52:74",
                  "alias" : "ValidEncounter",
                  "expression" : {
                     "localId" : "44",
                     "locator" : "46:3-52:59",
                     "type" : "Union",
                     "operand" : [ {
                        "localId" : "42",
                        "locator" : "46:5-51:52",
                        "type" : "Union",
                        "operand" : [ {
                           "localId" : "38",
                           "locator" : "46:5-49:61",
                           "type" : "Union",
                           "operand" : [ {
                              "localId" : "34",
                              "locator" : "46:5-47:64",
                              "type" : "Union",
                              "operand" : [ {
                                 "localId" : "32",
                                 "locator" : "46:5-46:67",
                                 "dataType" : "{urn:healthit-gov:qdm:v5_5}PositiveEncounterPerformed",
                                 "templateId" : "PositiveEncounterPerformed",
                                 "codeProperty" : "code",
                                 "type" : "Retrieve",
                                 "codes" : {
                                    "locator" : "46:30-46:66",
                                    "name" : "Psych Visit - Diagnostic Evaluation",
                                    "type" : "ValueSetRef"
                                 }
                              }, {
                                 "localId" : "33",
                                 "locator" : "47:11-47:64",
                                 "dataType" : "{urn:healthit-gov:qdm:v5_5}PositiveEncounterPerformed",
                                 "templateId" : "PositiveEncounterPerformed",
                                 "codeProperty" : "code",
                                 "type" : "Retrieve",
                                 "codes" : {
                                    "locator" : "47:36-47:63",
                                    "name" : "Emergency Department Visit",
                                    "type" : "ValueSetRef"
                                 }
                              } ]
                           }, {
                              "type" : "Union",
                              "operand" : [ {
                                 "localId" : "35",
                                 "locator" : "48:11-48:50",
                                 "dataType" : "{urn:healthit-gov:qdm:v5_5}PositiveEncounterPerformed",
                                 "templateId" : "PositiveEncounterPerformed",
                                 "codeProperty" : "code",
                                 "type" : "Retrieve",
                                 "codes" : {
                                    "locator" : "48:36-48:49",
                                    "name" : "Office Visit",
                                    "type" : "ValueSetRef"
                                 }
                              }, {
                                 "localId" : "37",
                                 "locator" : "49:11-49:61",
                                 "dataType" : "{urn:healthit-gov:qdm:v5_5}PositiveEncounterPerformed",
                                 "templateId" : "PositiveEncounterPerformed",
                                 "codeProperty" : "code",
                                 "type" : "Retrieve",
                                 "codes" : {
                                    "locator" : "49:36-49:60",
                                    "name" : "Outpatient Consultation",
                                    "type" : "ValueSetRef"
                                 }
                              } ]
                           } ]
                        }, {
                           "type" : "Union",
                           "operand" : [ {
                              "localId" : "39",
                              "locator" : "50:11-50:65",
                              "dataType" : "{urn:healthit-gov:qdm:v5_5}PositiveEncounterPerformed",
                              "templateId" : "PositiveEncounterPerformed",
                              "codeProperty" : "code",
                              "type" : "Retrieve",
                              "codes" : {
                                 "locator" : "50:36-50:64",
                                 "name" : "Psych Visit - Psychotherapy",
                                 "type" : "ValueSetRef"
                              }
                           }, {
                              "localId" : "41",
                              "locator" : "51:11-51:52",
                              "dataType" : "{urn:healthit-gov:qdm:v5_5}PositiveEncounterPerformed",
                              "templateId" : "PositiveEncounterPerformed",
                              "codeProperty" : "code",
                              "type" : "Retrieve",
                              "codes" : {
                                 "locator" : "51:36-51:51",
                                 "name" : "Psychoanalysis",
                                 "type" : "ValueSetRef"
                              }
                           } ]
                        } ]
                     }, {
                        "localId" : "43",
                        "locator" : "52:11-52:57",
                        "dataType" : "{urn:healthit-gov:qdm:v5_5}PositiveEncounterPerformed",
                        "templateId" : "PositiveEncounterPerformed",
                        "codeProperty" : "code",
                        "type" : "Retrieve",
                        "codes" : {
                           "locator" : "52:36-52:56",
                           "name" : "Telehealth Services",
                           "type" : "ValueSetRef"
                        }
                     } ]
                  }
               } ],
               "relationship" : [ ],
               "where" : {
                  "localId" : "53",
                  "locator" : "53:5-55:5",
                  "type" : "Exists",
                  "operand" : {
                     "localId" : "52",
                     "locator" : "53:18-55:5",
                     "type" : "Query",
                     "source" : [ {
                        "localId" : "47",
                        "locator" : "53:20-53:62",
                        "alias" : "EncounterDiagnosis",
                        "expression" : {
                           "localId" : "46",
                           "locator" : "53:20-53:43",
                           "path" : "diagnoses",
                           "scope" : "ValidEncounter",
                           "type" : "Property"
                        }
                     } ],
                     "relationship" : [ ],
                     "where" : {
                        "localId" : "51",
                        "locator" : "54:9-54:75",
                        "type" : "InValueSet",
                        "code" : {
                           "localId" : "49",
                           "locator" : "54:15-54:37",
                           "path" : "code",
                           "scope" : "EncounterDiagnosis",
                           "type" : "Property"
                        },
                        "valueset" : {
                           "localId" : "50",
                           "locator" : "54:42-54:75",
                           "name" : "Major Depressive Disorder-Active"
                        }
                     }
                  }
               }
            }
         }, {
            "localId" : "77",
            "locator" : "57:1-62:79",
            "name" : "New or Recurrent Major Depressive Disorder Encounter",
            "context" : "Patient",
            "accessLevel" : "Public",
            "annotation" : [ {
               "type" : "Annotation",
               "s" : {
                  "r" : "77",
                  "s" : [ {
                     "value" : [ "define ","\"New or Recurrent Major Depressive Disorder Encounter\"",":\n  " ]
                  }, {
                     "r" : "76",
                     "s" : [ {
                        "s" : [ {
                           "r" : "57",
                           "s" : [ {
                              "r" : "56",
                              "s" : [ {
                                 "s" : [ {
                                    "value" : [ "\"Major Depressive Disorder Encounter\"" ]
                                 } ]
                              } ]
                           }, {
                              "value" : [ " ","NewOrRecurrentMDDEncounter" ]
                           } ]
                        } ]
                     }, {
                        "value" : [ "\n    " ]
                     }, {
                        "r" : "71",
                        "s" : [ {
                           "value" : [ "without " ]
                        }, {
                           "r" : "59",
                           "s" : [ {
                              "r" : "58",
                              "s" : [ {
                                 "s" : [ {
                                    "value" : [ "\"Major Depressive Disorder Encounter\"" ]
                                 } ]
                              } ]
                           }, {
                              "value" : [ " ","PriorMDDEpisodeEncounter" ]
                           } ]
                        }, {
                           "value" : [ "\n      such that " ]
                        }, {
                           "r" : "70",
                           "s" : [ {
                              "r" : "62",
                              "s" : [ {
                                 "r" : "60",
                                 "s" : [ {
                                    "value" : [ "PriorMDDEpisodeEncounter" ]
                                 } ]
                              }, {
                                 "value" : [ " ","!~"," " ]
                              }, {
                                 "r" : "61",
                                 "s" : [ {
                                    "value" : [ "NewOrRecurrentMDDEncounter" ]
                                 } ]
                              } ]
                           }, {
                              "value" : [ "\n        and " ]
                           }, {
                              "r" : "69",
                              "s" : [ {
                                 "r" : "64",
                                 "s" : [ {
                                    "r" : "63",
                                    "s" : [ {
                                       "value" : [ "PriorMDDEpisodeEncounter" ]
                                    } ]
                                 }, {
                                    "value" : [ "." ]
                                 }, {
                                    "r" : "64",
                                    "s" : [ {
                                       "value" : [ "relevantPeriod" ]
                                    } ]
                                 } ]
                              }, {
                                 "value" : [ " " ]
                              }, {
                                 "r" : "69",
                                 "s" : [ {
                                    "value" : [ "ends " ]
                                 }, {
                                    "r" : "68",
                                    "s" : [ {
                                       "value" : [ "104 ","days" ]
                                    } ]
                                 }, {
                                    "value" : [ " or less before day of" ]
                                 } ]
                              }, {
                                 "value" : [ " " ]
                              }, {
                                 "r" : "67",
                                 "s" : [ {
                                    "value" : [ "start of " ]
                                 }, {
                                    "r" : "66",
                                    "s" : [ {
                                       "r" : "65",
                                       "s" : [ {
                                          "value" : [ "NewOrRecurrentMDDEncounter" ]
                                       } ]
                                    }, {
                                       "value" : [ "." ]
                                    }, {
                                       "r" : "66",
                                       "s" : [ {
                                          "value" : [ "relevantPeriod" ]
                                       } ]
                                    } ]
                                 } ]
                              } ]
                           } ]
                        } ]
                     }, {
                        "value" : [ "\n    " ]
                     }, {
                        "r" : "75",
                        "s" : [ {
                           "value" : [ "where " ]
                        }, {
                           "r" : "75",
                           "s" : [ {
                              "r" : "73",
                              "s" : [ {
                                 "r" : "72",
                                 "s" : [ {
                                    "value" : [ "NewOrRecurrentMDDEncounter" ]
                                 } ]
                              }, {
                                 "value" : [ "." ]
                              }, {
                                 "r" : "73",
                                 "s" : [ {
                                    "value" : [ "relevantPeriod" ]
                                 } ]
                              } ]
                           }, {
                              "r" : "75",
                              "value" : [ " ","during"," " ]
                           }, {
                              "r" : "74",
                              "s" : [ {
                                 "value" : [ "\"Measurement Period\"" ]
                              } ]
                           } ]
                        } ]
                     } ]
                  } ]
               }
            } ],
            "expression" : {
               "localId" : "76",
               "locator" : "58:3-62:79",
               "type" : "Query",
               "source" : [ {
                  "localId" : "57",
                  "locator" : "58:3-58:66",
                  "alias" : "NewOrRecurrentMDDEncounter",
                  "expression" : {
                     "localId" : "56",
                     "locator" : "58:3-58:39",
                     "name" : "Major Depressive Disorder Encounter",
                     "type" : "ExpressionRef"
                  }
               } ],
               "relationship" : [ {
                  "localId" : "71",
                  "locator" : "59:5-61:138",
                  "alias" : "PriorMDDEpisodeEncounter",
                  "type" : "Without",
                  "expression" : {
                     "localId" : "58",
                     "locator" : "59:13-59:49",
                     "name" : "Major Depressive Disorder Encounter",
                     "type" : "ExpressionRef"
                  },
                  "suchThat" : {
                     "localId" : "70",
                     "locator" : "60:17-61:138",
                     "type" : "And",
                     "operand" : [ {
                        "localId" : "62",
                        "locator" : "60:17-60:70",
                        "type" : "Not",
                        "operand" : {
                           "locator" : "60:17-60:70",
                           "type" : "Equivalent",
                           "operand" : [ {
                              "localId" : "60",
                              "locator" : "60:17-60:40",
                              "name" : "PriorMDDEpisodeEncounter",
                              "type" : "AliasRef"
                           }, {
                              "localId" : "61",
                              "locator" : "60:45-60:70",
                              "name" : "NewOrRecurrentMDDEncounter",
                              "type" : "AliasRef"
                           } ]
                        }
                     }, {
                        "localId" : "69",
                        "locator" : "61:13-61:138",
                        "type" : "And",
                        "operand" : [ {
                           "locator" : "61:58-61:73",
                           "precision" : "Day",
                           "type" : "In",
                           "operand" : [ {
                              "locator" : "61:53-61:56",
                              "type" : "End",
                              "operand" : {
                                 "localId" : "64",
                                 "locator" : "61:13-61:51",
                                 "path" : "relevantPeriod",
                                 "scope" : "PriorMDDEpisodeEncounter",
                                 "type" : "Property"
                              }
                           }, {
                              "locator" : "61:58-61:73",
                              "lowClosed" : true,
                              "highClosed" : false,
                              "type" : "Interval",
                              "low" : {
                                 "locator" : "61:89-61:138",
                                 "type" : "Subtract",
                                 "operand" : [ {
                                    "localId" : "67",
                                    "locator" : "61:89-61:138",
                                    "type" : "Start",
                                    "operand" : {
                                       "localId" : "66",
                                       "locator" : "61:98-61:138",
                                       "path" : "relevantPeriod",
                                       "scope" : "NewOrRecurrentMDDEncounter",
                                       "type" : "Property"
                                    }
                                 }, {
                                    "localId" : "68",
                                    "locator" : "61:58-61:65",
                                    "value" : 104,
                                    "unit" : "days",
                                    "type" : "Quantity"
                                 } ]
                              },
                              "high" : {
                                 "localId" : "67",
                                 "locator" : "61:89-61:138",
                                 "type" : "Start",
                                 "operand" : {
                                    "localId" : "66",
                                    "locator" : "61:98-61:138",
                                    "path" : "relevantPeriod",
                                    "scope" : "NewOrRecurrentMDDEncounter",
                                    "type" : "Property"
                                 }
                              }
                           } ]
                        }, {
                           "locator" : "61:58-61:73",
                           "type" : "Not",
                           "operand" : {
                              "locator" : "61:58-61:73",
                              "type" : "IsNull",
                              "operand" : {
                                 "localId" : "67",
                                 "locator" : "61:89-61:138",
                                 "type" : "Start",
                                 "operand" : {
                                    "localId" : "66",
                                    "locator" : "61:98-61:138",
                                    "path" : "relevantPeriod",
                                    "scope" : "NewOrRecurrentMDDEncounter",
                                    "type" : "Property"
                                 }
                              }
                           }
                        } ]
                     } ]
                  }
               } ],
               "where" : {
                  "localId" : "75",
                  "locator" : "62:5-62:79",
                  "type" : "IncludedIn",
                  "operand" : [ {
                     "localId" : "73",
                     "locator" : "62:11-62:51",
                     "path" : "relevantPeriod",
                     "scope" : "NewOrRecurrentMDDEncounter",
                     "type" : "Property"
                  }, {
                     "localId" : "74",
                     "locator" : "62:60-62:79",
                     "name" : "Measurement Period",
                     "type" : "ParameterRef"
                  } ]
               }
            }
         }, {
            "localId" : "92",
            "locator" : "64:1-67:110",
            "name" : "Initial Population",
            "context" : "Patient",
            "accessLevel" : "Public",
            "annotation" : [ {
               "type" : "Annotation",
               "s" : {
                  "r" : "92",
                  "s" : [ {
                     "value" : [ "define ","\"Initial Population\"",":\n  " ]
                  }, {
                     "r" : "91",
                     "s" : [ {
                        "s" : [ {
                           "r" : "79",
                           "s" : [ {
                              "r" : "78",
                              "s" : [ {
                                 "s" : [ {
                                    "value" : [ "\"New or Recurrent Major Depressive Disorder Encounter\"" ]
                                 } ]
                              } ]
                           }, {
                              "value" : [ " ","NewOrRecurrentMDDEncounter" ]
                           } ]
                        } ]
                     }, {
                        "value" : [ "\n    " ]
                     }, {
                        "r" : "90",
                        "s" : [ {
                           "value" : [ "with " ]
                        }, {
                           "r" : "81",
                           "s" : [ {
                              "r" : "80",
                              "s" : [ {
                                 "r" : "80",
                                 "s" : [ {
                                    "value" : [ "[","\"Patient Characteristic Birthdate\"",": " ]
                                 }, {
                                    "s" : [ {
                                       "value" : [ "\"Birth date\"" ]
                                    } ]
                                 }, {
                                    "value" : [ "]" ]
                                 } ]
                              } ]
                           }, {
                              "value" : [ " ","BirthDate" ]
                           } ]
                        }, {
                           "value" : [ "\n      such that " ]
                        }, {
                           "r" : "89",
                           "s" : [ {
                              "r" : "87",
                              "s" : [ {
                                 "r" : "82",
                                 "s" : [ {
                                    "value" : [ "Global" ]
                                 } ]
                              }, {
                                 "value" : [ "." ]
                              }, {
                                 "r" : "87",
                                 "s" : [ {
                                    "value" : [ "\"CalendarAgeInYearsAt\""," ( " ]
                                 }, {
                                    "r" : "84",
                                    "s" : [ {
                                       "r" : "83",
                                       "s" : [ {
                                          "value" : [ "BirthDate" ]
                                       } ]
                                    }, {
                                       "value" : [ "." ]
                                    }, {
                                       "r" : "84",
                                       "s" : [ {
                                          "value" : [ "birthDatetime" ]
                                       } ]
                                    } ]
                                 }, {
                                    "value" : [ ", " ]
                                 }, {
                                    "r" : "86",
                                    "s" : [ {
                                       "value" : [ "start of " ]
                                    }, {
                                       "r" : "85",
                                       "s" : [ {
                                          "value" : [ "\"Measurement Period\"" ]
                                       } ]
                                    } ]
                                 }, {
                                    "value" : [ " )" ]
                                 } ]
                              } ]
                           }, {
                              "r" : "88",
                              "value" : [ " ",">="," ","17" ]
                           } ]
                        } ]
                     } ]
                  } ]
               }
            } ],
            "expression" : {
               "localId" : "91",
               "locator" : "65:3-67:110",
               "type" : "Query",
               "source" : [ {
                  "localId" : "79",
                  "locator" : "65:3-65:83",
                  "alias" : "NewOrRecurrentMDDEncounter",
                  "expression" : {
                     "localId" : "78",
                     "locator" : "65:3-65:56",
                     "name" : "New or Recurrent Major Depressive Disorder Encounter",
                     "type" : "ExpressionRef"
                  }
               } ],
               "relationship" : [ {
                  "localId" : "90",
                  "locator" : "66:5-67:110",
                  "alias" : "BirthDate",
                  "type" : "With",
                  "expression" : {
                     "localId" : "80",
                     "locator" : "66:10-66:59",
                     "dataType" : "{urn:healthit-gov:qdm:v5_5}PatientCharacteristicBirthdate",
                     "codeProperty" : "code",
                     "type" : "Retrieve",
                     "codes" : {
                        "type" : "ToList",
                        "operand" : {
                           "locator" : "66:47-66:58",
                           "name" : "Birth date",
                           "type" : "CodeRef"
                        }
                     }
                  },
                  "suchThat" : {
                     "localId" : "89",
                     "locator" : "67:17-67:110",
                     "type" : "GreaterOrEqual",
                     "operand" : [ {
                        "localId" : "87",
                        "locator" : "67:17-67:104",
                        "name" : "CalendarAgeInYearsAt",
                        "libraryName" : "Global",
                        "type" : "FunctionRef",
                        "operand" : [ {
                           "localId" : "84",
                           "locator" : "67:49-67:71",
                           "path" : "birthDatetime",
                           "scope" : "BirthDate",
                           "type" : "Property"
                        }, {
                           "localId" : "86",
                           "locator" : "67:74-67:102",
                           "type" : "Start",
                           "operand" : {
                              "localId" : "85",
                              "locator" : "67:83-67:102",
                              "name" : "Measurement Period",
                              "type" : "ParameterRef"
                           }
                        } ]
                     }, {
                        "localId" : "88",
                        "locator" : "67:109-67:110",
                        "valueType" : "{urn:hl7-org:elm-types:r1}Integer",
                        "value" : "17",
                        "type" : "Literal"
                     } ]
                  }
               } ]
            }
         }, {
            "localId" : "94",
            "locator" : "42:1-43:22",
            "name" : "Denominator",
            "context" : "Patient",
            "accessLevel" : "Public",
            "annotation" : [ {
               "type" : "Annotation",
               "s" : {
                  "r" : "94",
                  "s" : [ {
                     "value" : [ "define ","\"Denominator\"",":\n  " ]
                  }, {
                     "r" : "93",
                     "s" : [ {
                        "value" : [ "\"Initial Population\"" ]
                     } ]
                  } ]
               }
            } ],
            "expression" : {
               "localId" : "93",
               "locator" : "43:3-43:22",
               "name" : "Initial Population",
               "type" : "ExpressionRef"
            }
         }, {
            "localId" : "110",
            "locator" : "69:1-72:172",
            "name" : "Numerator",
            "context" : "Patient",
            "accessLevel" : "Public",
            "annotation" : [ {
               "type" : "Annotation",
               "s" : {
                  "r" : "110",
                  "s" : [ {
                     "value" : [ "define ","\"Numerator\"",":\n  " ]
                  }, {
                     "r" : "109",
                     "s" : [ {
                        "s" : [ {
                           "r" : "96",
                           "s" : [ {
                              "r" : "95",
                              "s" : [ {
                                 "s" : [ {
                                    "value" : [ "\"New or Recurrent Major Depressive Disorder Encounter\"" ]
                                 } ]
                              } ]
                           }, {
                              "value" : [ " ","NewOrRecurrentMDDEncounter" ]
                           } ]
                        } ]
                     }, {
                        "value" : [ "\n    " ]
                     }, {
                        "r" : "108",
                        "s" : [ {
                           "value" : [ "with " ]
                        }, {
                           "r" : "98",
                           "s" : [ {
                              "r" : "97",
                              "s" : [ {
                                 "r" : "97",
                                 "s" : [ {
                                    "value" : [ "[","\"Intervention, Performed\"",": " ]
                                 }, {
                                    "s" : [ {
                                       "value" : [ "\"Suicide risk assessment (procedure)\"" ]
                                    } ]
                                 }, {
                                    "value" : [ "]" ]
                                 } ]
                              } ]
                           }, {
                              "value" : [ " ","SuicideRiskAssessment" ]
                           } ]
                        }, {
                           "value" : [ "\n      such that " ]
                        }, {
                           "r" : "107",
                           "s" : [ {
                              "r" : "104",
                              "s" : [ {
                                 "r" : "99",
                                 "s" : [ {
                                    "value" : [ "Global" ]
                                 } ]
                              }, {
                                 "value" : [ "." ]
                              }, {
                                 "r" : "104",
                                 "s" : [ {
                                    "value" : [ "\"NormalizeInterval\""," ( " ]
                                 }, {
                                    "r" : "101",
                                    "s" : [ {
                                       "r" : "100",
                                       "s" : [ {
                                          "value" : [ "SuicideRiskAssessment" ]
                                       } ]
                                    }, {
                                       "value" : [ "." ]
                                    }, {
                                       "r" : "101",
                                       "s" : [ {
                                          "value" : [ "relevantDatetime" ]
                                       } ]
                                    } ]
                                 }, {
                                    "value" : [ ", " ]
                                 }, {
                                    "r" : "103",
                                    "s" : [ {
                                       "r" : "102",
                                       "s" : [ {
                                          "value" : [ "SuicideRiskAssessment" ]
                                       } ]
                                    }, {
                                       "value" : [ "." ]
                                    }, {
                                       "r" : "103",
                                       "s" : [ {
                                          "value" : [ "relevantPeriod" ]
                                       } ]
                                    } ]
                                 }, {
                                    "value" : [ " )" ]
                                 } ]
                              } ]
                           }, {
                              "r" : "107",
                              "value" : [ " ","during"," " ]
                           }, {
                              "r" : "106",
                              "s" : [ {
                                 "r" : "105",
                                 "s" : [ {
                                    "value" : [ "NewOrRecurrentMDDEncounter" ]
                                 } ]
                              }, {
                                 "value" : [ "." ]
                              }, {
                                 "r" : "106",
                                 "s" : [ {
                                    "value" : [ "relevantPeriod" ]
                                 } ]
                              } ]
                           } ]
                        } ]
                     } ]
                  } ]
               }
            } ],
            "expression" : {
               "localId" : "109",
               "locator" : "70:3-72:172",
               "type" : "Query",
               "source" : [ {
                  "localId" : "96",
                  "locator" : "70:3-70:83",
                  "alias" : "NewOrRecurrentMDDEncounter",
                  "expression" : {
                     "localId" : "95",
                     "locator" : "70:3-70:56",
                     "name" : "New or Recurrent Major Depressive Disorder Encounter",
                     "type" : "ExpressionRef"
                  }
               } ],
               "relationship" : [ {
                  "localId" : "108",
                  "locator" : "71:5-72:172",
                  "alias" : "SuicideRiskAssessment",
                  "type" : "With",
                  "expression" : {
                     "localId" : "97",
                     "locator" : "71:10-71:75",
                     "dataType" : "{urn:healthit-gov:qdm:v5_5}PositiveInterventionPerformed",
                     "templateId" : "PositiveInterventionPerformed",
                     "codeProperty" : "code",
                     "type" : "Retrieve",
                     "codes" : {
                        "type" : "ToList",
                        "operand" : {
                           "locator" : "71:38-71:74",
                           "name" : "Suicide risk assessment (procedure)",
                           "type" : "CodeRef"
                        }
                     }
                  },
                  "suchThat" : {
                     "localId" : "107",
                     "locator" : "72:17-72:172",
                     "type" : "IncludedIn",
                     "operand" : [ {
                        "localId" : "104",
                        "locator" : "72:17-72:123",
                        "name" : "NormalizeInterval",
                        "libraryName" : "Global",
                        "type" : "FunctionRef",
                        "operand" : [ {
                           "localId" : "101",
                           "locator" : "72:46-72:83",
                           "path" : "relevantDatetime",
                           "scope" : "SuicideRiskAssessment",
                           "type" : "Property"
                        }, {
                           "localId" : "103",
                           "locator" : "72:86-72:121",
                           "path" : "relevantPeriod",
                           "scope" : "SuicideRiskAssessment",
                           "type" : "Property"
                        } ]
                     }, {
                        "localId" : "106",
                        "locator" : "72:132-72:172",
                        "path" : "relevantPeriod",
                        "scope" : "NewOrRecurrentMDDEncounter",
                        "type" : "Property"
                     } ]
                  }
               } ]
            }
         } ]
      }
   }
}