<?xml version="1.0" encoding="UTF-8" standalone="yes"?>
<QualityMeasureDocument xmlns="urn:hl7-org:v3" xmlns:cql-ext="urn:hhs-cql:hqmf-n1-extensions:v1"
                        xmlns:xsi="http://www.w3.org/2001/XMLSchema-instance">

      <!--
            **************************************************************
            Measure Details Section
            **************************************************************
        -->

      <typeId extension="POQM_HD000001UV02" root="2.16.840.1.113883.1.3"/>
   <templateId>
      <item extension="2019-05-01" root="2.16.840.1.113883.10.20.28.1.2"/>
   </templateId>
   <id root="2c928082-7589-b52e-0175-89e933160044"/>
   <code code="57024-2" codeSystem="2.16.840.1.113883.6.1">
      <displayName value="Health Quality Measure Document"/>
   </code>
   <title value="Adult Major Depressive Disorder (MDD): Suicide Risk Assessment"/>
   <text
         value="All patient visits during which a new diagnosis of MDD or a new diagnosis of recurrent MDD was identified for patients aged 18 years and older with a suicide risk assessment completed during the visit"/>
   <statusCode code="COMPLETED"/>
   <setId root="60176fbf-bfdc-4892-9c9e-604f206553c8"/>
   <versionNumber value="10.0.000"/>
   <author>
      <responsibleParty classCode="ASSIGNED">
         <representedResponsibleOrganization classCode="ORG" determinerCode="INSTANCE">
            <id>
               <item root="2.16.840.1.113883.3.1240"/>
            </id>
            <name>
               <item>
                  <part value="Mathematica"/>
               </item>
            </name>
         </representedResponsibleOrganization>
      </responsibleParty>
   </author>
   <author>
      <responsibleParty classCode="ASSIGNED">
         <representedResponsibleOrganization classCode="ORG" determinerCode="INSTANCE">
            <id>
               <item root="d041e15c-a7a0-41b8-be5b-87340ecd14bc"/>
            </id>
            <name>
               <item>
                  <part value="American Medical Association (AMA)"/>
               </item>
            </name>
         </representedResponsibleOrganization>
      </responsibleParty>
   </author>
   <author>
      <responsibleParty classCode="ASSIGNED">
         <representedResponsibleOrganization classCode="ORG" determinerCode="INSTANCE">
            <id>
               <item root="83e9797c-adec-4446-8c35-3ffd5d981c66"/>
            </id>
            <name>
               <item>
                  <part value="PCPI(R) Foundation (PCPI[R])"/>
               </item>
            </name>
         </representedResponsibleOrganization>
      </responsibleParty>
   </author>
   <custodian>
      <responsibleParty classCode="ASSIGNED">
         <representedResponsibleOrganization classCode="ORG" determinerCode="INSTANCE">
            <id>
               <item root="15"/>
            </id>
            <name>
               <item>
                  <part value="Mathematica"/>
               </item>
            </name>
         </representedResponsibleOrganization>
      </responsibleParty>
   </custodian>
   <verifier>
      <responsibleParty classCode="ASSIGNED">
         <representedResponsibleOrganization classCode="ORG" determinerCode="INSTANCE">
            <id>
               <item root="2.16.840.1.113883.3.560"/>
            </id>
            <name>
               <item>
                  <part value="National Quality Forum"/>
               </item>
            </name>
         </representedResponsibleOrganization>
      </responsibleParty>
   </verifier>
   <!--Payer-->
     	 <definition>
      <valueSet classCode="OBS" moodCode="DEF">
         <id root="2.16.840.1.114222.4.11.3591"/>
         <title value="Payer"/>
      </valueSet>
   </definition>
   <!--ONC Administrative Sex-->
     	 <definition>
      <valueSet classCode="OBS" moodCode="DEF">
         <id root="2.16.840.1.113762.1.4.1"/>
         <title value="ONC Administrative Sex"/>
      </valueSet>
   </definition>
   <!--Ethnicity-->
     	 <definition>
      <valueSet classCode="OBS" moodCode="DEF">
         <id root="2.16.840.1.114222.4.11.837"/>
         <title value="Ethnicity"/>
      </valueSet>
   </definition>
   <!--Outpatient Consultation-->
     	 <definition>
      <valueSet classCode="OBS" moodCode="DEF">
         <id root="2.16.840.1.113883.3.464.1003.101.12.1008"/>
         <title value="Outpatient Consultation"/>
      </valueSet>
   </definition>
   <!--Telehealth Services-->
     	 <definition>
      <valueSet classCode="OBS" moodCode="DEF">
         <id root="2.16.840.1.113883.3.464.1003.101.12.1031"/>
         <title value="Telehealth Services"/>
      </valueSet>
   </definition>
   <!--Psychoanalysis-->
     	 <definition>
      <valueSet classCode="OBS" moodCode="DEF">
         <id root="2.16.840.1.113883.3.526.3.1141"/>
         <title value="Psychoanalysis"/>
      </valueSet>
   </definition>
   <!--Race-->
     	 <definition>
      <valueSet classCode="OBS" moodCode="DEF">
         <id root="2.16.840.1.114222.4.11.836"/>
         <title value="Race"/>
      </valueSet>
   </definition>
   <!--Psych Visit - Diagnostic Evaluation-->
     	 <definition>
      <valueSet classCode="OBS" moodCode="DEF">
         <id root="2.16.840.1.113883.3.526.3.1492"/>
         <title value="Psych Visit - Diagnostic Evaluation"/>
      </valueSet>
   </definition>
   <!--Psych Visit - Psychotherapy-->
     	 <definition>
      <valueSet classCode="OBS" moodCode="DEF">
         <id root="2.16.840.1.113883.3.526.3.1496"/>
         <title value="Psych Visit - Psychotherapy"/>
      </valueSet>
   </definition>
   <!--Emergency Department Visit-->
     	 <definition>
      <valueSet classCode="OBS" moodCode="DEF">
         <id root="2.16.840.1.113883.3.464.1003.101.12.1010"/>
         <title value="Emergency Department Visit"/>
      </valueSet>
   </definition>
   <!--Office Visit-->
     	 <definition>
      <valueSet classCode="OBS" moodCode="DEF">
         <id root="2.16.840.1.113883.3.464.1003.101.12.1001"/>
         <title value="Office Visit"/>
      </valueSet>
   </definition>
   <!--Major Depressive Disorder-Active-->
     	 <definition>
      <valueSet classCode="OBS" moodCode="DEF">
         <id root="2.16.840.1.113883.3.526.3.1491"/>
         <title value="Major Depressive Disorder-Active"/>
      </valueSet>
   </definition>
   <!--Birth date-CODE:/CodeSystem/LOINC/Version/2.67/Code/21112-8/Info-->
      <definition>
      <cql-ext:code code="21112-8" codeSystem="2.16.840.1.113883.6.1" codeSystemName="LOINC">
         <displayName value="Birth date"/>
      </cql-ext:code>
   </definition>
   <!--Suicide risk assessment (procedure)-CODE:/CodeSystem/SNOMEDCT/Version/2019-09/Code/225337009/Info-->
      <definition>
      <cql-ext:code code="225337009" codeSystem="2.16.840.1.113883.6.96" codeSystemName="SNOMEDCT">
         <displayName value="Suicide risk assessment (procedure)"/>
      </cql-ext:code>
   </definition>
   <relatedDocument typeCode="COMP">
      <expressionDocument>
         <id root="6E88F4D8-DC78-43B0-9596-F35B4588ACFE"/>
         <text mediaType="text/cql">
            <reference value="https://emeasuretool.cms.gov/libraries/60176fbf-bfdc-4892-9c9e-604f206553c8/AdultMajorDepressiveDisorderMDDSuicideRiskAssessment-10.0.000.cql"/>
            <translation mediaType="application/elm+xml">
               <reference value="https://emeasuretool.cms.gov/libraries/60176fbf-bfdc-4892-9c9e-604f206553c8/AdultMajorDepressiveDisorderMDDSuicideRiskAssessment-10.0.000.xml"/>
            </translation>
            <translation mediaType="application/elm+json">
               <reference value="https://emeasuretool.cms.gov/libraries/60176fbf-bfdc-4892-9c9e-604f206553c8/AdultMajorDepressiveDisorderMDDSuicideRiskAssessment-10.0.000.json"/>
            </translation>
         </text>
         <setId extension="60176fbf-bfdc-4892-9c9e-604f206553c8"
                identifierName="AdultMajorDepressiveDisorderMDDSuicideRiskAssessment"
                root="https://emeasuretool.cms.gov/libraries"/>
         <versionNumber value="10.0.000"/>
      </expressionDocument>
   </relatedDocument>
   <relatedDocument typeCode="COMP">
      <expressionDocument>
         <id root="2c928082756f7d21017579d9bf6e0484"/>
         <text mediaType="text/cql">
            <reference value="https://emeasuretool.cms.gov/libraries/8bdc0a19-b210-4a58-8a07-f5d95a34eca9/MATGlobalCommonFunctions-6.2.000.cql"/>
            <translation mediaType="application/elm+xml">
               <reference value="https://emeasuretool.cms.gov/libraries/8bdc0a19-b210-4a58-8a07-f5d95a34eca9/MATGlobalCommonFunctions-6.2.000.xml"/>
            </translation>
            <translation mediaType="application/elm+json">
               <reference value="https://emeasuretool.cms.gov/libraries/8bdc0a19-b210-4a58-8a07-f5d95a34eca9/MATGlobalCommonFunctions-6.2.000.json"/>
            </translation>
         </text>
         <setId extension="8bdc0a19-b210-4a58-8a07-f5d95a34eca9"
                identifierName="MATGlobalCommonFunctions"
                root="https://emeasuretool.cms.gov/libraries"/>
         <versionNumber value="6.2.000"/>
      </expressionDocument>
   </relatedDocument>
   <controlVariable>
      <measurePeriod>
         <id extension="measureperiod" root="f1ac7504-201d-44bb-b305-3ae3bee6e466"/>
         <code code="MSRTP" codeSystem="2.16.840.1.113883.5.4">
            <originalText value="Measurement Period"/>
         </code>
         <value xsi:type="PIVL_TS">
            <phase highClosed="true" lowClosed="true">
               <low value="20210101"/>
               <width unit="a" value="1" xsi:type="PQ"/>
            </phase>
            <period unit="a" value="1"/>
         </value>
      </measurePeriod>
   </controlVariable>
   <subjectOf>
      <measureAttribute>
         <code nullFlavor="OTH">
            <originalText value="eCQM Identifier (Measure Authoring Tool)"/>
         </code>
         <value mediaType="text/plain" value="161" xsi:type="ED"/>
      </measureAttribute>
   </subjectOf>
   <subjectOf>
      <measureAttribute>
         <code nullFlavor="OTH">
            <originalText value="NQF Number"/>
         </code>
         <value mediaType="text/plain" value="0104e" xsi:type="ED"/>
      </measureAttribute>
   </subjectOf>
   <subjectOf>
      <measureAttribute>
         <code code="COPY" codeSystem="2.16.840.1.113883.5.4">
            <displayName value="Copyright"/>
         </code>
         <value mediaType="text/plain"
                value="Copyright 2021 Mathematica Inc. All Rights Reserved.&#xA;The PCPI's and AMA's significant past efforts and contributions to the development and updating of the Measure is acknowledged."
                xsi:type="ED"/>
      </measureAttribute>
   </subjectOf>
   <subjectOf>
      <measureAttribute>
         <code code="DISC" codeSystem="2.16.840.1.113883.5.4">
            <displayName value="Disclaimer"/>
         </code>
         <value mediaType="text/plain"
                value="The Measure is not a clinical guideline, does not establish a standard of medical care, and has not been tested for all potential applications. &#xA;&#xA;The Measure, while copyrighted, can be reproduced and distributed, without modification, for noncommercial purposes, e.g., use by health care providers in connection with their practices. Commercial use is defined as the sale, license, or distribution of the Measure for commercial gain, or incorporation of the Measure into a product or service that is sold, licensed or distributed for commercial gain. &#xA;&#xA;Commercial uses of the Measure require a license agreement between the user and Mathematica. Neither Mathematica, the PCPI, nor the American Medical Association (AMA), nor the former AMA-convened Physician Consortium for Performance Improvement(R) (AMA-PCPI), nor their members shall be responsible for any use of the Measure.&#xA;&#xA;Mathematica encourages use of the Measure by other health care professionals, where appropriate.&#xA;&#xA;THE MEASURE AND SPECIFICATIONS ARE PROVIDED &quot;AS IS&quot; WITHOUT WARRANTY OF ANY KIND.&#xA;&#xA;Limited proprietary coding may be contained in the Measure specifications for convenience. A license agreement must be entered prior to a third party's use of Current Procedural Terminology (CPT[R]) or other proprietary code set contained in the Measure. Any other use of CPT or other coding by a third party is strictly prohibited. Mathematica, the AMA, and former members of the PCPI disclaim all liability for use or accuracy of any Current Procedural Terminology (CPT[R]) or other coding contained in the specifications. &#xA;&#xA;CPT(R) contained in the Measure specifications is copyright 2004-2020 American Medical Association. LOINC(R) is copyright 2004-2020 Regenstrief Institute, Inc. This material contains SNOMED Clinical Terms(R) (SNOMED CT[R]) copyright 2004-2020 International Health Terminology Standards Development Organisation. ICD-10 is copyright 2020 World Health Organization. All Rights Reserved.&#xA;&#xA;Due to technical limitations, registered trademarks are indicated by (R) or [R]."
                xsi:type="ED"/>
      </measureAttribute>
   </subjectOf>
   <subjectOf>
      <measureAttribute>
         <code code="MSRSCORE" codeSystem="2.16.840.1.113883.5.4">
            <displayName value="Measure Scoring"/>
         </code>
         <value code="PROPOR" codeSystem="2.16.840.1.113883.5.1063" xsi:type="CD">
            <displayName value="Proportion"/>
         </value>
      </measureAttribute>
   </subjectOf>
   <subjectOf>
      <measureAttribute>
         <code code="MSRTYPE" codeSystem="2.16.840.1.113883.5.4">
            <displayName value="Measure Type"/>
         </code>
         <value code="PROCESS" codeSystem="2.16.840.1.113883.5.1063" xsi:type="CD">
            <displayName value="PROCESS"/>
         </value>
      </measureAttribute>
   </subjectOf>
   <subjectOf>
      <measureAttribute>
         <code code="STRAT" codeSystem="2.16.840.1.113883.5.4">
            <displayName value="Stratification"/>
         </code>
         <value mediaType="text/plain" value="None" xsi:type="ED"/>
      </measureAttribute>
   </subjectOf>
   <subjectOf>
      <measureAttribute>
         <code code="MSRADJ" codeSystem="2.16.840.1.113883.5.4">
            <displayName value="Risk Adjustment"/>
         </code>
         <value mediaType="text/plain" value="None" xsi:type="ED"/>
      </measureAttribute>
   </subjectOf>
   <subjectOf>
      <measureAttribute>
         <code code="MSRAGG" codeSystem="2.16.840.1.113883.5.4">
            <displayName value="Rate Aggregation"/>
         </code>
         <value mediaType="text/plain" value="None" xsi:type="ED"/>
      </measureAttribute>
   </subjectOf>
   <subjectOf>
      <measureAttribute>
         <code code="RAT" codeSystem="2.16.840.1.113883.5.4">
            <displayName value="Rationale"/>
         </code>
         <value mediaType="text/plain"
                value="This measure aims to improve rates of clinician assessment of suicide risk during an encounter where a new or recurrent episode of major depressive disorder (MDD) is identified. In an epidemiologic study of mental illness in the United States with a large, representative sample, 69% of respondents with lifetime suicide attempts had also met diagnostic criteria for MDD. When considering other mood disorders related to depression, such as dysthymia and bipolar disorders, this rate increases to 74% (Bolton &amp; Robinson, 2010). In a study of individuals who had died by suicide and were enrolled in one of eight major health systems in the United States, individuals with a depressive disorder diagnosis had 7.20 increased odds of dying by suicide within one year, after adjusting for age and sociodemographic factors (Yeh et al., 2019).&#xA;&#xA;Suicide is associated with increased use of healthcare services, which provides an opportunity for intervention through assessment and intervention. Individuals who die by suicide are more likely to have any healthcare utilization (Ahmedani et al., 2019) and a higher frequency of healthcare visits than the general population (Chock, Bommersbach, Geske, &amp; Bostwick, 2015). A study of individuals who died by suicide and were enrolled within one of eight health systems in the Mental Health Research Network in the United States found that 50% of these individuals had been seen in a health care setting within four weeks prior to death (Ahmedani et al., 2014). Better assessment and identification of suicide risk in the health care setting should lead to improved connection to treatment and reduction in suicide attempts and deaths by suicide."
                xsi:type="ED"/>
      </measureAttribute>
   </subjectOf>
   <subjectOf>
      <measureAttribute>
         <code code="CRS" codeSystem="2.16.840.1.113883.5.4">
            <displayName value="Clinical Recommendation Statement"/>
         </code>
         <value mediaType="text/plain"
                value="A careful and ongoing evaluation of suicide risk is necessary for all patients with major depressive disorder [I] (American Psychiatric Association, 2010a, reaffirmed 2015).&#xA;&#xA;Such an assessment includes specific inquiry about suicidal thoughts, intent, plans, means, and behaviors; identification of specific psychiatric symptoms (e.g., psychosis, severe anxiety, substance use) or general medical conditions that may increase the likelihood of acting on suicidal ideas; assessment of past and, particularly, recent suicidal behavior; delineation of current stressors and potential protective factors (e.g., positive reasons for living, strong social support); and identification of any family history of suicide or mental illness [I] (American Psychiatric Association, 2010a, reaffirmed 2015).&#xA;&#xA;As part of the assessment process, impulsivity and potential for risk to others should also be evaluated, including any history of violence or violent or homicidal ideas, plans, or intentions [I] (American Psychiatric Association, 2010a, reaffirmed 2015).&#xA;&#xA;The patient's risk of harm to him- or herself and to others should also be monitored as treatment proceeds [I] (American Psychiatric Association, 2010a, reaffirmed 2015).&#xA;&#xA;Guidelines for Selecting a Treatment Setting for Patients at Risk for Suicide or Suicidal Behaviors (from American Psychiatric Association’s Practice Guideline for Assessment and Treatment of Patients With Suicidal Behaviors, 2010b):&#xA;&#xA;ADMISSION GENERALLY INDICATED&#xA;After a suicide attempt or aborted suicide attempt if:&#xA;* Patient is psychotic&#xA;* Attempt was violent, near-lethal, or premeditated&#xA;* Precautions were taken to avoid rescue or discovery&#xA;* Persistent plan and/or intent is present&#xA;* Distress is increased or patient regrets surviving&#xA;* Patient is male, older than age 45 years, especially with new onset of psychiatric illness or suicidal thinking&#xA;* Patient has limited family and/or social support, including lack of stable living situation&#xA;* Current impulsive behavior, severe agitation, poor judgment, or refusal of help is evident&#xA;* Patient has change in mental status with a metabolic, toxic, infectious, or other etiology requiring further workup in a structured setting&#xA;&#xA;In the presence of suicidal ideation with:&#xA;* Specific plan with high lethality&#xA;* High suicidal intent&#xA;&#xA;ADMISSION MAY BE NECESSARY&#xA;After a suicide attempt or aborted suicide attempt, except in circumstances for which admission is generally indicated&#xA;&#xA;In the presence of suicidal ideation with:&#xA;* Psychosis&#xA;* Major psychiatric disorder&#xA;* Past attempts, particularly if medically serious&#xA;* Possibly contributing medical condition (e.g., acute neurological disorder, cancer, infection)&#xA;* Lack of response to or inability to cooperate with partial hospital or outpatient treatment&#xA;* Need for supervised setting for medication trial or ECT&#xA;* Need for skilled observation, clinical tests, or diagnostic assessments that require a structured setting&#xA;* Limited family and/or social support, including lack of stable living situation&#xA;* Lack of an ongoing clinician-patient relationship or lack of access to timely outpatient follow-up&#xA;* Evidence of putting one's affairs in order (e.g., giving away possessions, writing a will)&#xA;&#xA;In the absence of suicide attempts or reported suicidal ideation/plan/intent but evidence from the psychiatric evaluation and/or history from others suggests a high level of suicide risk and a recent acute increase in risk&#xA;&#xA;RELEASE FROM EMERGENCY DEPARTMENT WITH FOLLOW-UP RECOMMENDATIONS MAY BE POSSIBLE&#xA;After a suicide attempt or in the presence of suicidal ideation/plan when:&#xA;* Suicidality is a reaction to precipitating events (e.g., exam failure, relationship difficulties), particularly if the patient's view of situation has changed since coming to emergency department&#xA;* Plan/method and intent have low lethality&#xA;* Patient has stable and supportive living situation&#xA;* Patient is able to cooperate with recommendations for follow-up, with treater contacted, if possible, if patient is currently in treatment&#xA;&#xA;Outpatient treatment may be more beneficial than hospitalization&#xA;&#xA;Patient has chronic suicidal ideation and/or self-injury without prior medically serious attempts, if a safe and supportive living situation is available and outpatient psychiatric care is ongoing"
                xsi:type="ED"/>
      </measureAttribute>
   </subjectOf>
   <subjectOf>
      <measureAttribute>
         <code code="IDUR" codeSystem="2.16.840.1.113883.5.4">
            <displayName value="Improvement Notation"/>
         </code>
         <value mediaType="text/plain" value="Higher score indicates better quality"
                xsi:type="ED"/>
      </measureAttribute>
   </subjectOf>
   <subjectOf>
      <measureAttribute>
         <code code="REF" codeSystem="2.16.840.1.113883.5.4">
            <displayName value="Reference"/>
         </code>
         <value mediaType="text/plain"
                value="CITATIONAmerican Psychiatric Association. (2010a). Practice guideline for the treatment of patients with major depressive disorder. 3rd edition. Retrieved from http://psychiatryonline.org/pb/assets/raw/sitewide/practice_guidelines/guidelines/mdd.pdf&#xA;(This guideline was reaffirmed in 2015.)"
                xsi:type="ED"/>
      </measureAttribute>
   </subjectOf>
   <subjectOf>
      <measureAttribute>
         <code code="REF" codeSystem="2.16.840.1.113883.5.4">
            <displayName value="Reference"/>
         </code>
         <value mediaType="text/plain"
                value="CITATIONAmerican Psychiatric Association. (2010b). Guidelines for selecting a treatment setting for patients at risk for suicide or suicidal behaviors. Retrieved from http://psychiatryonline.org/pb/assets/raw/sitewide/practice_guidelines/guidelines/suicide.pdf"
                xsi:type="ED"/>
      </measureAttribute>
   </subjectOf>
   <subjectOf>
      <measureAttribute>
         <code code="REF" codeSystem="2.16.840.1.113883.5.4">
            <displayName value="Reference"/>
         </code>
         <value mediaType="text/plain"
                value="CITATIONAhmedani, B. K., Simon, G. E., Stewart, C., Beck, A., Waitzfelder, B. E., Rossom, R.,… Solberg, L. I.(2014). Health care contacts in the year before suicide death. Journal of General Internal Medicine, 29(6), 870-877. doi:10.1007/s11606-014-2767-3"
                xsi:type="ED"/>
      </measureAttribute>
   </subjectOf>
   <subjectOf>
      <measureAttribute>
         <code code="REF" codeSystem="2.16.840.1.113883.5.4">
            <displayName value="Reference"/>
         </code>
         <value mediaType="text/plain"
                value="CITATIONBolton, J. M., &amp; Robinson, J. (2010). Population-attributable fractions of Axis I and Axis II mental disorders for suicide attempts: Findings from a representative sample of the adult, noninstitutionalized U.S. population. American Journal of Public Health, 100(12), 2473-2480. doi:10.2105/ajph.2010.192252"
                xsi:type="ED"/>
      </measureAttribute>
   </subjectOf>
   <subjectOf>
      <measureAttribute>
         <code code="REF" codeSystem="2.16.840.1.113883.5.4">
            <displayName value="Reference"/>
         </code>
         <value mediaType="text/plain"
                value="CITATIONAhmedani, B. K., Westphal, J., Autio, K., Elsiss, F., Peterson, E. L., Beck, A.,… Simon, G. E. (2019). Variation in patterns of health care before suicide: A population case-control study. Journal of Preventive Medicine, 127, 105796. doi:10.1016/j.ypmed.2019.105796"
                xsi:type="ED"/>
      </measureAttribute>
   </subjectOf>
   <subjectOf>
      <measureAttribute>
         <code code="REF" codeSystem="2.16.840.1.113883.5.4">
            <displayName value="Reference"/>
         </code>
         <value mediaType="text/plain"
                value="CITATIONChock, M. M., Bommersbach, T. J., Geske, J. L., &amp; Bostwick, J. M. (2015). Patterns of health care usage in the year before suicide: A population-based case-control study. Journal of Mayo Clinic Proceedings, 90(11), 1475-1481. doi: 10.1016/j.mayocp.2015.07.023"
                xsi:type="ED"/>
      </measureAttribute>
   </subjectOf>
   <subjectOf>
      <measureAttribute>
         <code code="REF" codeSystem="2.16.840.1.113883.5.4">
            <displayName value="Reference"/>
         </code>
         <value mediaType="text/plain"
                value="CITATIONYeh, H. H., Westphal, J., Hu, Y., Peterson, E. L., Williams, L. K., Prabhakar, D.,… Ahmedani, B. K. (2019). Diagnosed mental health conditions and risk of suicide mortality. Psychiatric Services, 70(9), 750-757. doi:10.1176/appi.ps.201800346"
                xsi:type="ED"/>
      </measureAttribute>
   </subjectOf>
   <subjectOf>
      <measureAttribute>
         <code code="DEF" codeSystem="2.16.840.1.113883.5.4">
            <displayName value="Definition"/>
         </code>
         <value mediaType="text/plain"
                value="The specific type and magnitude of the suicide risk assessment is intended to be at the discretion of the individual clinician and should be specific to the needs of the patient. At a minimum, suicide risk assessment should evaluate:&#xA;1) Suicidal ideation&#xA;2) Patient's intent of initiating a suicide attempt&#xA;AND, if either is present,&#xA;3) Patient plans for a suicide attempt&#xA;4) Whether the patient has means for completing suicide&#xA;&#xA;Low burden tools to track suicidal ideation and behavior such as the Columbia-Suicide Severity Rating Scale (C-SSRS) and the Suicide Assessment Five-Step Evaluation and Triage (SAFE-T) can also be used. Because no validated assessment tool or instrument fully meets the aforementioned requirements for the suicide risk assessment, individual tools or instruments have not been explicitly included in coding."
                xsi:type="ED"/>
      </measureAttribute>
   </subjectOf>
   <subjectOf>
      <measureAttribute>
         <code code="GUIDE" codeSystem="2.16.840.1.113883.5.4">
            <displayName value="Guidance"/>
         </code>
         <value mediaType="text/plain"
                value="This eCQM is an episode-based measure and should be reported for each instance of a new or recurrent episode of major depressive disorder (MDD) during the measurement period. This measure should be reported for each eligible encounter during which a new or recurrent episode of MDD is identified.&#xA;&#xA;As the guidelines state, it is important to assess for additional factors which may increase or decrease suicide risk, such as presence of additional symptoms (e.g., psychosis, severe anxiety, hopelessness, severe chronic pain); presence of substance abuse, history and seriousness of previous attempts, particularly, recent suicidal behavior, current stressors and potential protective factors (e.g., positive reasons for living, strong social support), family history of suicide or mental illness or recent exposure to suicide, impulsivity and potential for risk to others, including history of violence or violent or homicidal ideas, plans, or intentions, and putting one's affairs in order (e.g., giving away possessions, writing a will). In addition, although the measure focuses on the initial visit, it is critical that suicide risk be monitored especially for the 90 days following the initial visit and throughout MDD treatment.&#xA;&#xA;It is expected that a suicide risk assessment will be completed at the visit during which a new diagnosis is made or at the visit during which a recurrent episode is first identified (i.e., at the initial evaluation). For the purposes of this measure, an episode of major depressive disorder (MDD) would be considered to be recurrent if a patient has not had an MDD-related encounter in the past 105 days. If there is a gap of 105 or more days between visits for major depressive disorder (MDD), that would imply a recurrent episode. The 105-day look-back period is an operational provision and not a clinical recommendation, or definition of relapse, remission, or recurrence.&#xA;&#xA;In recognition of the growing use of integrated and team-based care, the diagnosis of depression and the assessment for suicide risk need not be performed by the same provider or clinician.&#xA;&#xA;Suicide risk assessments completed via telehealth services can also meet numerator performance.&#xA;&#xA;Use of a standardized tool(s) or instrument(s) to assess suicide risk will meet numerator performance. Standardized tools can be mapped to the concept &quot;Intervention, Performed&quot;: &quot;Suicide risk assessment (procedure)&quot; included in the numerator logic below.&#xA;&#xA;The logic statement for the age requirement, as written, captures patients who turn 18 years old during the measurement period so that these patients are included in the measure, so long as the minimum criteria noted above is evaluated. To ensure all patients with major depressive disorder (MDD) are assessed for suicide risk, there are two clinical quality measures addressing suicide risk assessment; CMS 177 covers children and adolescents aged 6 through 17, and CMS 161 covers the adult population aged 18 years and older, as no individual suicide risk assessment tool or instrument would satisfy the requirements alone.&#xA;&#xA;This version of the eCQM uses QDM version 5.5. Please refer to the eCQI resource center (https://ecqi.healthit.gov/qdm) for more information on the QDM."
                xsi:type="ED"/>
      </measureAttribute>
   </subjectOf>
   <subjectOf>
      <measureAttribute>
         <code code="TRANF" codeSystem="2.16.840.1.113883.5.4">
            <displayName value="Transmission Format"/>
         </code>
         <value mediaType="text/plain" value="TBD" xsi:type="ED"/>
      </measureAttribute>
   </subjectOf>
   <subjectOf>
      <measureAttribute>
         <code code="IPOP" codeSystem="2.16.840.1.113883.5.4">
            <displayName value="Initial Population"/>
         </code>
         <value mediaType="text/plain"
                value="Patient visits during which a new diagnosis of MDD, single or recurrent episode, was identified"
                xsi:type="ED"/>
      </measureAttribute>
   </subjectOf>
   <subjectOf>
      <measureAttribute>
         <code code="DENOM" codeSystem="2.16.840.1.113883.5.4">
            <displayName value="Denominator"/>
         </code>
         <value mediaType="text/plain" value="Equals Initial Population" xsi:type="ED"/>
      </measureAttribute>
   </subjectOf>
   <subjectOf>
      <measureAttribute>
         <code code="DENEX" codeSystem="2.16.840.1.113883.5.4">
            <displayName value="Denominator Exclusions"/>
         </code>
         <value mediaType="text/plain" value="None" xsi:type="ED"/>
      </measureAttribute>
   </subjectOf>
   <subjectOf>
      <measureAttribute>
         <code code="NUMER" codeSystem="2.16.840.1.113883.5.4">
            <displayName value="Numerator"/>
         </code>
         <value mediaType="text/plain"
                value="Patient visits during which a new diagnosis of MDD, single or recurrent episode, was identified and a suicide risk assessment was completed during the visit"
                xsi:type="ED"/>
      </measureAttribute>
   </subjectOf>
   <subjectOf>
      <measureAttribute>
         <code code="NUMEX" codeSystem="2.16.840.1.113883.5.4">
            <displayName value="Numerator Exclusions"/>
         </code>
         <value mediaType="text/plain" value="Not Applicable" xsi:type="ED"/>
      </measureAttribute>
   </subjectOf>
   <subjectOf>
      <measureAttribute>
         <code code="DENEXCEP" codeSystem="2.16.840.1.113883.5.4">
            <displayName value="Denominator Exceptions"/>
         </code>
         <value mediaType="text/plain" value="None" xsi:type="ED"/>
      </measureAttribute>
   </subjectOf>
   <subjectOf>
      <measureAttribute>
         <code code="SDE" codeSystem="2.16.840.1.113883.5.4">
            <displayName value="Supplemental Data Elements"/>
         </code>
         <value mediaType="text/plain"
                value="For every patient evaluated by this measure also identify payer, race, ethnicity and sex"
                xsi:type="ED"/>
      </measureAttribute>
   </subjectOf>
   <componentOf>
      <qualityMeasureSet classCode="ACT">
         <id root="60176fbf-bfdc-4892-9c9e-604f206553c8"/>
         <title value="None"/>
      </qualityMeasureSet>
   </componentOf>
   <!--Data Criteria Section-->
   <component>
      <dataCriteriaSection>
         <templateId>
            <item extension="2019-05-01" root="2.16.840.1.113883.10.20.28.2.6"/>
         </templateId>
         <code code="57025-9" codeSystem="2.16.840.1.113883.6.1"/>
         <title value="Data Criteria Section"/>
         <text/>
         <entry typeCode="DRIV">
            <localVariableName value="Payer_PatientCharacteristicPayer_S1jDM"/>
            <observationCriteria classCode="OBS" moodCode="EVN">
               <templateId>
                  <item extension="2017-05-01" root="2.16.840.1.113883.10.20.28.4.58"/>
               </templateId>
               <id extension="Payer_PatientCharacteristicPayer"
                   root="2f166f3f-028a-4775-a507-29c9c3e1a992"/>
               <code code="48768-6" codeSystem="2.16.840.1.113883.6.1" codeSystemName="LOINC">
                  <displayName value="Payer"/>
               </code>
               <title value="Patient Characteristic Payer"/>
               <statusCode code="COMPLETED"/>
               <value valueSet="2.16.840.1.114222.4.11.3591" xsi:type="CD"/>
            </observationCriteria>
         </entry>
         <entry typeCode="DRIV">
            <localVariableName value="ONCAdministrativeSex_PatientCharacteristicSex_VTi1k"/>
            <observationCriteria classCode="OBS" moodCode="EVN">
               <templateId>
                  <item extension="2017-05-01" root="2.16.840.1.113883.10.20.28.4.55"/>
               </templateId>
               <id extension="ONCAdministrativeSex_PatientCharacteristicSex"
                   root="70cb30ce-7448-4746-831d-ed5bddafbe0a"/>
               <code code="263495000" codeSystem="2.16.840.1.113883.6.96" codeSystemName="SNOMED CT">
                  <displayName value="Gender"/>
               </code>
               <title value="Patient Characteristic Sex"/>
               <statusCode code="COMPLETED"/>
               <value valueSet="2.16.840.1.113762.1.4.1" xsi:type="CD"/>
            </observationCriteria>
         </entry>
         <entry typeCode="DRIV">
            <localVariableName value="Ethnicity_PatientCharacteristicEthnicity_l1WMj"/>
            <observationCriteria classCode="OBS" moodCode="EVN">
               <templateId>
                  <item extension="2017-05-01" root="2.16.840.1.113883.10.20.28.4.56"/>
               </templateId>
               <id extension="Ethnicity_PatientCharacteristicEthnicity"
                   root="ead55ed3-bd54-4a7e-b529-321af7360db3"/>
               <code code="54133-4" codeSystem="2.16.840.1.113883.6.1" codeSystemName="LOINC">
                  <displayName value="Ethnicity"/>
               </code>
               <title value="Patient Characteristic Ethnicity"/>
               <statusCode code="COMPLETED"/>
               <value valueSet="2.16.840.1.114222.4.11.837" xsi:type="CD"/>
            </observationCriteria>
         </entry>
         <entry typeCode="DRIV">
            <localVariableName value="OutpatientConsultation_EncounterPerformed_UbJrU"/>
            <encounterCriteria classCode="ENC" moodCode="EVN">
               <templateId>
                  <item extension="2019-05-01" root="2.16.840.1.113883.10.20.28.4.5"/>
               </templateId>
               <id extension="OutpatientConsultation_EncounterPerformed"
                   root="b636226f-8661-4641-ac61-478437b9c34b"/>
               <code valueSet="2.16.840.1.113883.3.464.1003.101.12.1008"/>
               <title value="Encounter, Performed"/>
               <statusCode code="COMPLETED"/>
            </encounterCriteria>
         </entry>
         <entry typeCode="DRIV">
            <localVariableName value="TelehealthServices_EncounterPerformed_a9dXl"/>
            <encounterCriteria classCode="ENC" moodCode="EVN">
               <templateId>
                  <item extension="2019-05-01" root="2.16.840.1.113883.10.20.28.4.5"/>
               </templateId>
               <id extension="TelehealthServices_EncounterPerformed"
                   root="30023a1d-4bd5-4894-90ed-5fb5894e2047"/>
               <code valueSet="2.16.840.1.113883.3.464.1003.101.12.1031"/>
               <title value="Encounter, Performed"/>
               <statusCode code="COMPLETED"/>
            </encounterCriteria>
         </entry>
         <entry typeCode="DRIV">
            <localVariableName value="Psychoanalysis_EncounterPerformed_dWmtk"/>
            <encounterCriteria classCode="ENC" moodCode="EVN">
               <templateId>
                  <item extension="2019-05-01" root="2.16.840.1.113883.10.20.28.4.5"/>
               </templateId>
               <id extension="Psychoanalysis_EncounterPerformed"
                   root="4c1242aa-62f0-4e55-819b-c916166117f6"/>
               <code valueSet="2.16.840.1.113883.3.526.3.1141"/>
               <title value="Encounter, Performed"/>
               <statusCode code="COMPLETED"/>
            </encounterCriteria>
         </entry>
         <entry typeCode="DRIV">
            <localVariableName value="Race_PatientCharacteristicRace_jXyuN"/>
            <observationCriteria classCode="OBS" moodCode="EVN">
               <templateId>
                  <item extension="2017-05-01" root="2.16.840.1.113883.10.20.28.4.59"/>
               </templateId>
               <id extension="Race_PatientCharacteristicRace"
                   root="73cfdc51-036e-4549-95a0-b607f4615e4f"/>
               <code code="32624-9" codeSystem="2.16.840.1.113883.6.1" codeSystemName="LOINC">
                  <displayName value="Race"/>
               </code>
               <title value="Patient Characteristic Race"/>
               <statusCode code="COMPLETED"/>
               <value valueSet="2.16.840.1.114222.4.11.836" xsi:type="CD"/>
            </observationCriteria>
         </entry>
         <entry typeCode="DRIV">
            <localVariableName value="PsychVisit-DiagnosticEvaluation_EncounterPerformed_lZTdo"/>
            <encounterCriteria classCode="ENC" moodCode="EVN">
               <templateId>
                  <item extension="2019-05-01" root="2.16.840.1.113883.10.20.28.4.5"/>
               </templateId>
               <id extension="PsychVisit-DiagnosticEvaluation_EncounterPerformed"
                   root="6691a686-aad5-4586-a2af-6828a49fa0df"/>
               <code valueSet="2.16.840.1.113883.3.526.3.1492"/>
               <title value="Encounter, Performed"/>
               <statusCode code="COMPLETED"/>
            </encounterCriteria>
         </entry>
         <entry typeCode="DRIV">
            <localVariableName value="PsychVisit-Psychotherapy_EncounterPerformed_X5zFY"/>
            <encounterCriteria classCode="ENC" moodCode="EVN">
               <templateId>
                  <item extension="2019-05-01" root="2.16.840.1.113883.10.20.28.4.5"/>
               </templateId>
               <id extension="PsychVisit-Psychotherapy_EncounterPerformed"
                   root="f39289eb-ed35-4141-8cae-6c21240a9376"/>
               <code valueSet="2.16.840.1.113883.3.526.3.1496"/>
               <title value="Encounter, Performed"/>
               <statusCode code="COMPLETED"/>
            </encounterCriteria>
         </entry>
         <entry typeCode="DRIV">
            <localVariableName value="EmergencyDepartmentVisit_EncounterPerformed_J9WeT"/>
            <encounterCriteria classCode="ENC" moodCode="EVN">
               <templateId>
                  <item extension="2019-05-01" root="2.16.840.1.113883.10.20.28.4.5"/>
               </templateId>
               <id extension="EmergencyDepartmentVisit_EncounterPerformed"
                   root="29ca5709-a98a-4372-ad85-a62d2c45a0e4"/>
               <code valueSet="2.16.840.1.113883.3.464.1003.101.12.1010"/>
               <title value="Encounter, Performed"/>
               <statusCode code="COMPLETED"/>
            </encounterCriteria>
         </entry>
         <entry typeCode="DRIV">
            <localVariableName value="OfficeVisit_EncounterPerformed_SLQ7X"/>
            <encounterCriteria classCode="ENC" moodCode="EVN">
               <templateId>
                  <item extension="2019-05-01" root="2.16.840.1.113883.10.20.28.4.5"/>
               </templateId>
               <id extension="OfficeVisit_EncounterPerformed"
                   root="d12854cf-5ea9-4f21-9a0c-e1aa867c472b"/>
               <code valueSet="2.16.840.1.113883.3.464.1003.101.12.1001"/>
               <title value="Encounter, Performed"/>
               <statusCode code="COMPLETED"/>
            </encounterCriteria>
         </entry>
         <entry typeCode="DRIV">
            <observationCriteria classCode="OBS" moodCode="EVN">
               <templateId>
                  <item extension="2017-05-01" root="2.16.840.1.113883.10.20.28.4.54"/>
               </templateId>
               <id extension="21112-8_PatientCharacteristicBirthdate"
                   root="2F88C5BE-E22A-4B85-B437-32D2052D670E"/>
               <code code="21112-8" codeSystem="2.16.840.1.113883.6.1" codeSystemName="LOINC"/>
               <title value="Patient Characteristic Birthdate"/>
               <statusCode code="COMPLETED"/>
            </observationCriteria>
         </entry>
         <entry typeCode="DRIV">
            <actCriteria classCode="ACT" moodCode="EVN">
               <templateId>
                  <item extension="2019-05-01" root="2.16.840.1.113883.10.20.28.4.36"/>
               </templateId>
               <id extension="225337009_InterventionPerformed"
                   root="B37E7668-AB6C-4B83-8805-A8D86BE44EEE"/>
               <code code="225337009" codeSystem="2.16.840.1.113883.6.96" codeSystemName="SNOMEDCT"/>
               <title value="Intervention, Performed"/>
               <statusCode code="COMPLETED"/>
            </actCriteria>
         </entry>
      </dataCriteriaSection>
   </component>
   <component>
      <populationCriteriaSection>
         <templateId>
            <item extension="2017-08-01" root="2.16.840.1.113883.10.20.28.2.7"/>
         </templateId>
         <id extension="PopulationCriteria1" root="9F7AF1EC-F807-41EB-8B04-C634C289D254"/>
         <code code="57026-7" codeSystem="2.16.840.1.113883.6.1"/>
         <title value="Population Criteria Section"/>
         <text/>
         <component typeCode="COMP">
            <initialPopulationCriteria classCode="OBS" moodCode="EVN">
               <id extension="initialPopulation" root="FF44988E-0E00-4891-AB2E-C8F4DC22111D"/>
               <code code="IPOP" codeSystem="2.16.840.1.113883.5.4" codeSystemName="Act Code"/>
               <precondition typeCode="PRCN">
                  <criteriaReference classCode="OBS" moodCode="EVN">
                     <id extension="AdultMajorDepressiveDisorderMDDSuicideRiskAssessment.&quot;Initial Population&quot;"
                         root="6E88F4D8-DC78-43B0-9596-F35B4588ACFE"/>
                  </criteriaReference>
               </precondition>
            </initialPopulationCriteria>
         </component>
         <component typeCode="COMP">
            <denominatorCriteria classCode="OBS" moodCode="EVN">
               <id extension="denominator" root="208520C1-1395-432F-9B73-E2AE2725E87B"/>
               <code code="DENOM" codeSystem="2.16.840.1.113883.5.4" codeSystemName="Act Code"/>
               <precondition typeCode="PRCN">
                  <criteriaReference classCode="OBS" moodCode="EVN">
                     <id extension="AdultMajorDepressiveDisorderMDDSuicideRiskAssessment.&quot;Denominator&quot;"
                         root="6E88F4D8-DC78-43B0-9596-F35B4588ACFE"/>
                  </criteriaReference>
               </precondition>
            </denominatorCriteria>
         </component>
         <component typeCode="COMP">
            <numeratorCriteria classCode="OBS" moodCode="EVN">
               <id extension="numerator" root="B6C5ECD6-ECAF-4662-B622-548F4196BDEA"/>
               <code code="NUMER" codeSystem="2.16.840.1.113883.5.4" codeSystemName="Act Code"/>
               <precondition typeCode="PRCN">
                  <criteriaReference classCode="OBS" moodCode="EVN">
                     <id extension="AdultMajorDepressiveDisorderMDDSuicideRiskAssessment.&quot;Numerator&quot;"
                         root="6E88F4D8-DC78-43B0-9596-F35B4588ACFE"/>
                  </criteriaReference>
               </precondition>
            </numeratorCriteria>
         </component>
         <component typeCode="COMP">
            <cql-ext:supplementalDataElement>
               <id extension="Supplemental Data Elements"
                   root="77147CA7-5B28-4C65-B53D-5476D609BC1F"/>
               <code code="SDE" codeSystem="2.16.840.1.113883.5.4" codeSystemName="Act Code"/>
               <precondition typeCode="PRCN">
                  <criteriaReference classCode="OBS" moodCode="EVN">
                     <id extension="AdultMajorDepressiveDisorderMDDSuicideRiskAssessment.&quot;SDE Ethnicity&quot;"
                         root="6E88F4D8-DC78-43B0-9596-F35B4588ACFE"/>
                  </criteriaReference>
               </precondition>
            </cql-ext:supplementalDataElement>
         </component>
         <component typeCode="COMP">
            <cql-ext:supplementalDataElement>
               <id extension="Supplemental Data Elements"
                   root="0BFCD9E6-90C1-4783-93AC-DF63E9930D9C"/>
               <code code="SDE" codeSystem="2.16.840.1.113883.5.4" codeSystemName="Act Code"/>
               <precondition typeCode="PRCN">
                  <criteriaReference classCode="OBS" moodCode="EVN">
                     <id extension="AdultMajorDepressiveDisorderMDDSuicideRiskAssessment.&quot;SDE Payer&quot;"
                         root="6E88F4D8-DC78-43B0-9596-F35B4588ACFE"/>
                  </criteriaReference>
               </precondition>
            </cql-ext:supplementalDataElement>
         </component>
         <component typeCode="COMP">
            <cql-ext:supplementalDataElement>
               <id extension="Supplemental Data Elements"
                   root="3F5EBCAC-307A-43DC-98B2-243BDAC88959"/>
               <code code="SDE" codeSystem="2.16.840.1.113883.5.4" codeSystemName="Act Code"/>
               <precondition typeCode="PRCN">
                  <criteriaReference classCode="OBS" moodCode="EVN">
                     <id extension="AdultMajorDepressiveDisorderMDDSuicideRiskAssessment.&quot;SDE Race&quot;"
                         root="6E88F4D8-DC78-43B0-9596-F35B4588ACFE"/>
                  </criteriaReference>
               </precondition>
            </cql-ext:supplementalDataElement>
         </component>
         <component typeCode="COMP">
            <cql-ext:supplementalDataElement>
               <id extension="Supplemental Data Elements"
                   root="C06FD102-BCCA-40C6-9030-E640C7F75E8B"/>
               <code code="SDE" codeSystem="2.16.840.1.113883.5.4" codeSystemName="Act Code"/>
               <precondition typeCode="PRCN">
                  <criteriaReference classCode="OBS" moodCode="EVN">
                     <id extension="AdultMajorDepressiveDisorderMDDSuicideRiskAssessment.&quot;SDE Sex&quot;"
                         root="6E88F4D8-DC78-43B0-9596-F35B4588ACFE"/>
                  </criteriaReference>
               </precondition>
            </cql-ext:supplementalDataElement>
         </component>
      </populationCriteriaSection>
   </component>
</QualityMeasureDocument>