<?xml version="1.0" encoding="UTF-8"?>
<library xmlns="urn:hl7-org:elm:r1" xmlns:t="urn:hl7-org:elm-types:r1" xmlns:xsi="http://www.w3.org/2001/XMLSchema-instance" xmlns:xsd="http://www.w3.org/2001/XMLSchema" xmlns:fhir="http://hl7.org/fhir" xmlns:qdm43="urn:healthit-gov:qdm:v4_3" xmlns:qdm53="urn:healthit-gov:qdm:v5_3" xmlns:a="urn:hl7-org:cql-annotations:r1">
   <identifier id="Demo08072018" version="0.0.006"/>
   <schemaIdentifier id="urn:hl7-org:elm" version="r1"/>
   <usings>
      <def localIdentifier="System" uri="urn:hl7-org:elm-types:r1"/>
      <def localId="1" locator="3:1-3:23" localIdentifier="QDM" uri="urn:healthit-gov:qdm:v5_5" version="5.5"/>
   </usings>
   <parameters>
      <def localId="10" locator="12:1-12:49" name="Measurement Period" accessLevel="Public">
         <parameterTypeSpecifier localId="9" locator="12:32-12:49" xsi:type="IntervalTypeSpecifier">
            <pointType localId="8" locator="12:41-12:48" name="t:DateTime" xsi:type="NamedTypeSpecifier"/>
         </parameterTypeSpecifier>
      </def>
   </parameters>
   <valueSets>
      <def localId="2" locator="5:1-5:58" name="Ethnicity" id="urn:oid:2.16.840.1.114222.4.11.837" accessLevel="Public"/>
      <def localId="3" locator="6:1-6:54" name="Face to face Interaction" id="urn:oid:1.1.1.1" accessLevel="Public"/>
      <def localId="4" locator="7:1-7:68" name="ONC Administrative Sex" id="urn:oid:2.16.840.1.113762.1.4.1" accessLevel="Public"/>
      <def localId="5" locator="8:1-8:55" name="Payer" id="urn:oid:2.16.840.1.114222.4.11.3591" accessLevel="Public"/>
      <def localId="6" locator="9:1-9:83" name="Pneumococcal Vaccine" id="urn:oid:2.16.840.1.113883.3.464.1003.110.12.1027" accessLevel="Public"/>
      <def localId="7" locator="10:1-10:53" name="Race" id="urn:oid:2.16.840.1.114222.4.11.836" accessLevel="Public"/>
   </valueSets>
   <statements>
      <def locator="14:1-14:15" name="Patient" context="Patient">
         <expression xsi:type="SingletonFrom">
            <operand locator="14:1-14:15" xmlns:ns0="urn:healthit-gov:qdm:v5_5" dataType="ns0:Patient" templateId="Patient" xsi:type="Retrieve"/>
         </expression>
      </def>
      <def localId="12" locator="16:1-17:51" name="SDE Ethnicity" context="Patient" accessLevel="Public">
         <annotation xsi:type="a:Annotation">
            <a:s r="12">
               <a:s>define &quot;SDE Ethnicity&quot;:
  </a:s>
               <a:s r="11">
                  <a:s>[&quot;Patient Characteristic Ethnicity&quot;: </a:s>
                  <a:s>
                     <a:s>&quot;Ethnicity&quot;</a:s>
                  </a:s>
                  <a:s>]</a:s>
               </a:s>
            </a:s>
         </annotation>
         <expression localId="11" locator="17:3-17:51" xmlns:ns1="urn:healthit-gov:qdm:v5_5" dataType="ns1:PatientCharacteristicEthnicity" codeProperty="code" xsi:type="Retrieve">
            <codes locator="17:40-17:50" name="Ethnicity" xsi:type="ValueSetRef"/>
         </expression>
      </def>
      <def localId="14" locator="19:1-20:43" name="SDE Payer" context="Patient" accessLevel="Public">
         <annotation xsi:type="a:Annotation">
            <a:s r="14">
               <a:s>define &quot;SDE Payer&quot;:
  </a:s>
               <a:s r="13">
                  <a:s>[&quot;Patient Characteristic Payer&quot;: </a:s>
                  <a:s>
                     <a:s>&quot;Payer&quot;</a:s>
                  </a:s>
                  <a:s>]</a:s>
               </a:s>
            </a:s>
         </annotation>
         <expression localId="13" locator="20:3-20:43" xmlns:ns2="urn:healthit-gov:qdm:v5_5" dataType="ns2:PatientCharacteristicPayer" codeProperty="code" xsi:type="Retrieve">
            <codes locator="20:36-20:42" name="Payer" xsi:type="ValueSetRef"/>
         </expression>
      </def>
      <def localId="16" locator="22:1-23:41" name="SDE Race" context="Patient" accessLevel="Public">
         <annotation xsi:type="a:Annotation">
            <a:s r="16">
               <a:s>define &quot;SDE Race&quot;:
  </a:s>
               <a:s r="15">
                  <a:s>[&quot;Patient Characteristic Race&quot;: </a:s>
                  <a:s>
                     <a:s>&quot;Race&quot;</a:s>
                  </a:s>
                  <a:s>]</a:s>
               </a:s>
            </a:s>
         </annotation>
         <expression localId="15" locator="23:3-23:41" xmlns:ns3="urn:healthit-gov:qdm:v5_5" dataType="ns3:PatientCharacteristicRace" codeProperty="code" xsi:type="Retrieve">
            <codes locator="23:35-23:40" name="Race" xsi:type="ValueSetRef"/>
         </expression>
      </def>
      <def localId="18" locator="25:1-26:58" name="SDE Sex" context="Patient" accessLevel="Public">
         <annotation xsi:type="a:Annotation">
            <a:s r="18">
               <a:s>define &quot;SDE Sex&quot;:
  </a:s>
               <a:s r="17">
                  <a:s>[&quot;Patient Characteristic Sex&quot;: </a:s>
                  <a:s>
                     <a:s>&quot;ONC Administrative Sex&quot;</a:s>
                  </a:s>
                  <a:s>]</a:s>
               </a:s>
            </a:s>
         </annotation>
         <expression localId="17" locator="26:3-26:58" xmlns:ns4="urn:healthit-gov:qdm:v5_5" dataType="ns4:PatientCharacteristicSex" codeProperty="code" xsi:type="Retrieve">
            <codes locator="26:34-26:57" name="ONC Administrative Sex" xsi:type="ValueSetRef"/>
         </expression>
      </def>
      <def localId="27" locator="28:1-31:3" name="Test Def 1" context="Patient" accessLevel="Public">
         <annotation xsi:type="a:Annotation">
            <a:s r="27">
               <a:s>define &quot;Test Def 1&quot;:
  </a:s>
               <a:s r="26">
                  <a:s>exists </a:s>
                  <a:s r="25">
                     <a:s>( </a:s>
                     <a:s r="25">
                        <a:s>
                           <a:s r="20">
                              <a:s r="19">
                                 <a:s r="19">
                                    <a:s>[&quot;Encounter, Performed&quot;: </a:s>
                                    <a:s>
                                       <a:s>&quot;Face to face Interaction&quot;</a:s>
                                    </a:s>
                                    <a:s>]</a:s>
                                 </a:s>
                              </a:s>
                              <a:s> Enc</a:s>
                           </a:s>
                        </a:s>
                        <a:s>
      </a:s>
                        <a:s r="24">
                           <a:s>where </a:s>
                           <a:s r="24">
                              <a:s r="22">
                                 <a:s r="21">
                                    <a:s>Enc</a:s>
                                 </a:s>
                                 <a:s>.</a:s>
                                 <a:s r="22">
                                    <a:s>relevantPeriod</a:s>
                                 </a:s>
                              </a:s>
                              <a:s r="24"> during </a:s>
                              <a:s r="23">
                                 <a:s>&quot;Measurement Period&quot;</a:s>
                              </a:s>
                           </a:s>
                        </a:s>
                     </a:s>
                     <a:s>
  )</a:s>
                  </a:s>
               </a:s>
            </a:s>
         </annotation>
         <expression localId="26" locator="29:3-31:3" xsi:type="Exists">
            <operand localId="25" locator="29:10-31:3" xsi:type="Query">
               <source localId="20" locator="29:12-29:67" alias="Enc">
                  <expression localId="19" locator="29:12-29:63" xmlns:ns5="urn:healthit-gov:qdm:v5_5" dataType="ns5:PositiveEncounterPerformed" templateId="PositiveEncounterPerformed" codeProperty="code" xsi:type="Retrieve">
                     <codes locator="29:37-29:62" name="Face to face Interaction" xsi:type="ValueSetRef"/>
                  </expression>
               </source>
               <where localId="24" locator="30:7-30:58" xsi:type="IncludedIn">
                  <operand localId="22" locator="30:13-30:30" path="relevantPeriod" scope="Enc" xsi:type="Property"/>
                  <operand localId="23" locator="30:39-30:58" name="Measurement Period" xsi:type="ParameterRef"/>
               </where>
            </operand>
         </expression>
      </def>
      <def localId="36" locator="33:1-35:56" name="Denominator" context="Patient" accessLevel="Public">
         <annotation xsi:type="a:Annotation">
            <a:s r="36">
               <a:s>define &quot;Denominator&quot;:
  </a:s>
               <a:s r="35">
                  <a:s>exists </a:s>
                  <a:s r="34">
                     <a:s>
                        <a:s r="29">
                           <a:s r="28">
                              <a:s r="28">
                                 <a:s>[&quot;Intervention, Performed&quot;: </a:s>
                                 <a:s>
                                    <a:s>&quot;Pneumococcal Vaccine&quot;</a:s>
                                 </a:s>
                                 <a:s>]</a:s>
                              </a:s>
                           </a:s>
                           <a:s> vac</a:s>
                        </a:s>
                     </a:s>
                     <a:s>
    </a:s>
                     <a:s r="33">
                        <a:s>where </a:s>
                        <a:s r="33">
                           <a:s r="31">
                              <a:s r="30">
                                 <a:s>vac</a:s>
                              </a:s>
                              <a:s>.</a:s>
                              <a:s r="31">
                                 <a:s>authorDatetime</a:s>
                              </a:s>
                           </a:s>
                           <a:s r="33"> during </a:s>
                           <a:s r="32">
                              <a:s>&quot;Measurement Period&quot;</a:s>
                           </a:s>
                        </a:s>
                     </a:s>
                  </a:s>
               </a:s>
            </a:s>
         </annotation>
         <expression localId="35" locator="34:3-35:56" xsi:type="Exists">
            <operand localId="34" locator="34:10-35:56" xsi:type="Query">
               <source localId="29" locator="34:10-34:64" alias="vac">
                  <expression localId="28" locator="34:10-34:60" xmlns:ns6="urn:healthit-gov:qdm:v5_5" dataType="ns6:PositiveInterventionPerformed" templateId="PositiveInterventionPerformed" codeProperty="code" xsi:type="Retrieve">
                     <codes locator="34:38-34:59" name="Pneumococcal Vaccine" xsi:type="ValueSetRef"/>
                  </expression>
               </source>
               <where localId="33" locator="35:5-35:56" xsi:type="In">
                  <operand localId="31" locator="35:11-35:28" path="authorDatetime" scope="vac" xsi:type="Property"/>
                  <operand localId="32" locator="35:37-35:56" name="Measurement Period" xsi:type="ParameterRef"/>
               </where>
            </operand>
         </expression>
      </def>
      <def localId="38" locator="37:1-38:6" name="Numerator" context="Patient" accessLevel="Public">
         <annotation xsi:type="a:Annotation">
            <a:s r="38">
               <a:s r="37">define &quot;Numerator&quot;:
  true</a:s>
            </a:s>
         </annotation>
         <expression localId="37" locator="38:3-38:6" valueType="t:Boolean" value="true" xsi:type="Literal"/>
      </def>
      <def localId="44" locator="40:1-41:49" name="Test Def 2" context="Patient" accessLevel="Public">
         <annotation xsi:type="a:Annotation">
            <a:s r="44">
               <a:s>define &quot;Test Def 2&quot;:
  </a:s>
               <a:s r="43">
                  <a:s r="41">
                     <a:s>AgeInYearsAt(</a:s>
                     <a:s r="40">
                        <a:s>start of </a:s>
                        <a:s r="39">
                           <a:s>&quot;Measurement Period&quot;</a:s>
                        </a:s>
                     </a:s>
                     <a:s>)</a:s>
                  </a:s>
                  <a:s r="42">> 20</a:s>
               </a:s>
            </a:s>
         </annotation>
         <expression localId="43" locator="41:3-41:49" xsi:type="Greater">
            <operand localId="41" locator="41:3-41:45" precision="Year" xsi:type="CalculateAgeAt">
               <operand path="birthDatetime" xsi:type="Property">
                  <source name="Patient" xsi:type="ExpressionRef"/>
               </operand>
               <operand localId="40" locator="41:16-41:44" xsi:type="Start">
                  <operand localId="39" locator="41:25-41:44" name="Measurement Period" xsi:type="ParameterRef"/>
               </operand>
            </operand>
            <operand localId="42" locator="41:48-41:49" valueType="t:Integer" value="20" xsi:type="Literal"/>
         </expression>
      </def>
   </statements>
</library>
