{
   "library" : {
      "identifier" : {
         "id" : "Demo08072018",
         "version" : "0.0.006"
      },
      "schemaIdentifier" : {
         "id" : "urn:hl7-org:elm",
         "version" : "r1"
      },
      "usings" : {
         "def" : [ {
            "localIdentifier" : "System",
            "uri" : "urn:hl7-org:elm-types:r1"
         }, {
            "localId" : "1",
            "locator" : "3:1-3:23",
            "localIdentifier" : "QDM",
            "uri" : "urn:healthit-gov:qdm:v5_5",
            "version" : "5.5"
         } ]
      },
      "parameters" : {
         "def" : [ {
            "localId" : "10",
            "locator" : "12:1-12:49",
            "name" : "Measurement Period",
            "accessLevel" : "Public",
            "parameterTypeSpecifier" : {
               "localId" : "9",
               "locator" : "12:32-12:49",
               "type" : "IntervalTypeSpecifier",
               "pointType" : {
                  "localId" : "8",
                  "locator" : "12:41-12:48",
                  "name" : "{urn:hl7-org:elm-types:r1}DateTime",
                  "type" : "NamedTypeSpecifier"
               }
            }
         } ]
      },
      "valueSets" : {
         "def" : [ {
            "localId" : "2",
            "locator" : "5:1-5:58",
            "name" : "Ethnicity",
            "id" : "urn:oid:2.16.840.1.114222.4.11.837",
            "accessLevel" : "Public"
         }, {
            "localId" : "3",
            "locator" : "6:1-6:54",
            "name" : "Face to face Interaction",
            "id" : "urn:oid:1.1.1.1",
            "accessLevel" : "Public"
         }, {
            "localId" : "4",
            "locator" : "7:1-7:68",
            "name" : "ONC Administrative Sex",
            "id" : "urn:oid:2.16.840.1.113762.1.4.1",
            "accessLevel" : "Public"
         }, {
            "localId" : "5",
            "locator" : "8:1-8:55",
            "name" : "Payer",
            "id" : "urn:oid:2.16.840.1.114222.4.11.3591",
            "accessLevel" : "Public"
         }, {
            "localId" : "6",
            "locator" : "9:1-9:83",
            "name" : "Pneumococcal Vaccine",
            "id" : "urn:oid:2.16.840.1.113883.3.464.1003.110.12.1027",
            "accessLevel" : "Public"
         }, {
            "localId" : "7",
            "locator" : "10:1-10:53",
            "name" : "Race",
            "id" : "urn:oid:2.16.840.1.114222.4.11.836",
            "accessLevel" : "Public"
         } ]
      },
      "statements" : {
         "def" : [ {
            "locator" : "14:1-14:15",
            "name" : "Patient",
            "context" : "Patient",
            "expression" : {
               "type" : "SingletonFrom",
               "operand" : {
                  "locator" : "14:1-14:15",
                  "dataType" : "{urn:healthit-gov:qdm:v5_5}Patient",
                  "templateId" : "Patient",
                  "type" : "Retrieve"
               }
            }
         }, {
            "localId" : "12",
            "locator" : "16:1-17:51",
            "name" : "SDE Ethnicity",
            "context" : "Patient",
            "accessLevel" : "Public",
            "annotation" : [ {
               "type" : "Annotation",
               "s" : {
                  "r" : "12",
                  "s" : [ {
                     "value" : [ "define ","\"SDE Ethnicity\"",":\n  " ]
                  }, {
                     "r" : "11",
                     "s" : [ {
                        "value" : [ "[","\"Patient Characteristic Ethnicity\"",": " ]
                     }, {
                        "s" : [ {
                           "value" : [ "\"Ethnicity\"" ]
                        } ]
                     }, {
                        "value" : [ "]" ]
                     } ]
                  } ]
               }
            } ],
            "expression" : {
               "localId" : "11",
               "locator" : "17:3-17:51",
               "dataType" : "{urn:healthit-gov:qdm:v5_5}PatientCharacteristicEthnicity",
               "codeProperty" : "code",
               "type" : "Retrieve",
               "codes" : {
                  "locator" : "17:40-17:50",
                  "name" : "Ethnicity",
                  "type" : "ValueSetRef"
               }
            }
         }, {
            "localId" : "14",
            "locator" : "19:1-20:43",
            "name" : "SDE Payer",
            "context" : "Patient",
            "accessLevel" : "Public",
            "annotation" : [ {
               "type" : "Annotation",
               "s" : {
                  "r" : "14",
                  "s" : [ {
                     "value" : [ "define ","\"SDE Payer\"",":\n  " ]
                  }, {
                     "r" : "13",
                     "s" : [ {
                        "value" : [ "[","\"Patient Characteristic Payer\"",": " ]
                     }, {
                        "s" : [ {
                           "value" : [ "\"Payer\"" ]
                        } ]
                     }, {
                        "value" : [ "]" ]
                     } ]
                  } ]
               }
            } ],
            "expression" : {
               "localId" : "13",
               "locator" : "20:3-20:43",
               "dataType" : "{urn:healthit-gov:qdm:v5_5}PatientCharacteristicPayer",
               "codeProperty" : "code",
               "type" : "Retrieve",
               "codes" : {
                  "locator" : "20:36-20:42",
                  "name" : "Payer",
                  "type" : "ValueSetRef"
               }
            }
         }, {
            "localId" : "16",
            "locator" : "22:1-23:41",
            "name" : "SDE Race",
            "context" : "Patient",
            "accessLevel" : "Public",
            "annotation" : [ {
               "type" : "Annotation",
               "s" : {
                  "r" : "16",
                  "s" : [ {
                     "value" : [ "define ","\"SDE Race\"",":\n  " ]
                  }, {
                     "r" : "15",
                     "s" : [ {
                        "value" : [ "[","\"Patient Characteristic Race\"",": " ]
                     }, {
                        "s" : [ {
                           "value" : [ "\"Race\"" ]
                        } ]
                     }, {
                        "value" : [ "]" ]
                     } ]
                  } ]
               }
            } ],
            "expression" : {
               "localId" : "15",
               "locator" : "23:3-23:41",
               "dataType" : "{urn:healthit-gov:qdm:v5_5}PatientCharacteristicRace",
               "codeProperty" : "code",
               "type" : "Retrieve",
               "codes" : {
                  "locator" : "23:35-23:40",
                  "name" : "Race",
                  "type" : "ValueSetRef"
               }
            }
         }, {
            "localId" : "18",
            "locator" : "25:1-26:58",
            "name" : "SDE Sex",
            "context" : "Patient",
            "accessLevel" : "Public",
            "annotation" : [ {
               "type" : "Annotation",
               "s" : {
                  "r" : "18",
                  "s" : [ {
                     "value" : [ "define ","\"SDE Sex\"",":\n  " ]
                  }, {
                     "r" : "17",
                     "s" : [ {
                        "value" : [ "[","\"Patient Characteristic Sex\"",": " ]
                     }, {
                        "s" : [ {
                           "value" : [ "\"ONC Administrative Sex\"" ]
                        } ]
                     }, {
                        "value" : [ "]" ]
                     } ]
                  } ]
               }
            } ],
            "expression" : {
               "localId" : "17",
               "locator" : "26:3-26:58",
               "dataType" : "{urn:healthit-gov:qdm:v5_5}PatientCharacteristicSex",
               "codeProperty" : "code",
               "type" : "Retrieve",
               "codes" : {
                  "locator" : "26:34-26:57",
                  "name" : "ONC Administrative Sex",
                  "type" : "ValueSetRef"
               }
            }
         }, {
            "localId" : "27",
            "locator" : "28:1-31:3",
            "name" : "Test Def 1",
            "context" : "Patient",
            "accessLevel" : "Public",
            "annotation" : [ {
               "type" : "Annotation",
               "s" : {
                  "r" : "27",
                  "s" : [ {
                     "value" : [ "define ","\"Test Def 1\"",":\n  " ]
                  }, {
                     "r" : "26",
                     "s" : [ {
                        "value" : [ "exists " ]
                     }, {
                        "r" : "25",
                        "s" : [ {
                           "value" : [ "( " ]
                        }, {
                           "r" : "25",
                           "s" : [ {
                              "s" : [ {
                                 "r" : "20",
                                 "s" : [ {
                                    "r" : "19",
                                    "s" : [ {
                                       "r" : "19",
                                       "s" : [ {
                                          "value" : [ "[","\"Encounter, Performed\"",": " ]
                                       }, {
                                          "s" : [ {
                                             "value" : [ "\"Face to face Interaction\"" ]
                                          } ]
                                       }, {
                                          "value" : [ "]" ]
                                       } ]
                                    } ]
                                 }, {
                                    "value" : [ " ","Enc" ]
                                 } ]
                              } ]
                           }, {
                              "value" : [ "\n      " ]
                           }, {
                              "r" : "24",
                              "s" : [ {
                                 "value" : [ "where " ]
                              }, {
                                 "r" : "24",
                                 "s" : [ {
                                    "r" : "22",
                                    "s" : [ {
                                       "r" : "21",
                                       "s" : [ {
                                          "value" : [ "Enc" ]
                                       } ]
                                    }, {
                                       "value" : [ "." ]
                                    }, {
                                       "r" : "22",
                                       "s" : [ {
                                          "value" : [ "relevantPeriod" ]
                                       } ]
                                    } ]
                                 }, {
                                    "r" : "24",
                                    "value" : [ " ","during"," " ]
                                 }, {
                                    "r" : "23",
                                    "s" : [ {
                                       "value" : [ "\"Measurement Period\"" ]
                                    } ]
                                 } ]
                              } ]
                           } ]
                        }, {
                           "value" : [ "\n  )" ]
                        } ]
                     } ]
                  } ]
               }
            } ],
            "expression" : {
               "localId" : "26",
               "locator" : "29:3-31:3",
               "type" : "Exists",
               "operand" : {
                  "localId" : "25",
                  "locator" : "29:10-31:3",
                  "type" : "Query",
                  "source" : [ {
                     "localId" : "20",
                     "locator" : "29:12-29:67",
                     "alias" : "Enc",
                     "expression" : {
                        "localId" : "19",
                        "locator" : "29:12-29:63",
                        "dataType" : "{urn:healthit-gov:qdm:v5_5}PositiveEncounterPerformed",
                        "templateId" : "PositiveEncounterPerformed",
                        "codeProperty" : "code",
                        "type" : "Retrieve",
                        "codes" : {
                           "locator" : "29:37-29:62",
                           "name" : "Face to face Interaction",
                           "type" : "ValueSetRef"
                        }
                     }
                  } ],
                  "relationship" : [ ],
                  "where" : {
                     "localId" : "24",
                     "locator" : "30:7-30:58",
                     "type" : "IncludedIn",
                     "operand" : [ {
                        "localId" : "22",
                        "locator" : "30:13-30:30",
                        "path" : "relevantPeriod",
                        "scope" : "Enc",
                        "type" : "Property"
                     }, {
                        "localId" : "23",
                        "locator" : "30:39-30:58",
                        "name" : "Measurement Period",
                        "type" : "ParameterRef"
                     } ]
                  }
               }
            }
         }, {
            "localId" : "36",
            "locator" : "33:1-35:56",
            "name" : "Denominator",
            "context" : "Patient",
            "accessLevel" : "Public",
            "annotation" : [ {
               "type" : "Annotation",
               "s" : {
                  "r" : "36",
                  "s" : [ {
                     "value" : [ "define ","\"Denominator\"",":\n  " ]
                  }, {
                     "r" : "35",
                     "s" : [ {
                        "value" : [ "exists " ]
                     }, {
                        "r" : "34",
                        "s" : [ {
                           "s" : [ {
                              "r" : "29",
                              "s" : [ {
                                 "r" : "28",
                                 "s" : [ {
                                    "r" : "28",
                                    "s" : [ {
                                       "value" : [ "[","\"Intervention, Performed\"",": " ]
                                    }, {
                                       "s" : [ {
                                          "value" : [ "\"Pneumococcal Vaccine\"" ]
                                       } ]
                                    }, {
                                       "value" : [ "]" ]
                                    } ]
                                 } ]
                              }, {
                                 "value" : [ " ","vac" ]
                              } ]
                           } ]
                        }, {
                           "value" : [ "\n    " ]
                        }, {
                           "r" : "33",
                           "s" : [ {
                              "value" : [ "where " ]
                           }, {
                              "r" : "33",
                              "s" : [ {
                                 "r" : "31",
                                 "s" : [ {
                                    "r" : "30",
                                    "s" : [ {
                                       "value" : [ "vac" ]
                                    } ]
                                 }, {
                                    "value" : [ "." ]
                                 }, {
                                    "r" : "31",
                                    "s" : [ {
                                       "value" : [ "authorDatetime" ]
                                    } ]
                                 } ]
                              }, {
                                 "r" : "33",
                                 "value" : [ " ","during"," " ]
                              }, {
                                 "r" : "32",
                                 "s" : [ {
                                    "value" : [ "\"Measurement Period\"" ]
                                 } ]
                              } ]
                           } ]
                        } ]
                     } ]
                  } ]
               }
            } ],
            "expression" : {
               "localId" : "35",
               "locator" : "34:3-35:56",
               "type" : "Exists",
               "operand" : {
                  "localId" : "34",
                  "locator" : "34:10-35:56",
                  "type" : "Query",
                  "source" : [ {
                     "localId" : "29",
                     "locator" : "34:10-34:64",
                     "alias" : "vac",
                     "expression" : {
                        "localId" : "28",
                        "locator" : "34:10-34:60",
                        "dataType" : "{urn:healthit-gov:qdm:v5_5}PositiveInterventionPerformed",
                        "templateId" : "PositiveInterventionPerformed",
                        "codeProperty" : "code",
                        "type" : "Retrieve",
                        "codes" : {
                           "locator" : "34:38-34:59",
                           "name" : "Pneumococcal Vaccine",
                           "type" : "ValueSetRef"
                        }
                     }
                  } ],
                  "relationship" : [ ],
                  "where" : {
                     "localId" : "33",
                     "locator" : "35:5-35:56",
                     "type" : "In",
                     "operand" : [ {
                        "localId" : "31",
                        "locator" : "35:11-35:28",
                        "path" : "authorDatetime",
                        "scope" : "vac",
                        "type" : "Property"
                     }, {
                        "localId" : "32",
                        "locator" : "35:37-35:56",
                        "name" : "Measurement Period",
                        "type" : "ParameterRef"
                     } ]
                  }
               }
            }
         }, {
            "localId" : "38",
            "locator" : "37:1-38:6",
            "name" : "Numerator",
            "context" : "Patient",
            "accessLevel" : "Public",
            "annotation" : [ {
               "type" : "Annotation",
               "s" : {
                  "r" : "38",
                  "s" : [ {
                     "r" : "37",
                     "value" : [ "define ","\"Numerator\"",":\n  ","true" ]
                  } ]
               }
            } ],
            "expression" : {
               "localId" : "37",
               "locator" : "38:3-38:6",
               "valueType" : "{urn:hl7-org:elm-types:r1}Boolean",
               "value" : "true",
               "type" : "Literal"
            }
         }, {
            "localId" : "44",
            "locator" : "40:1-41:49",
            "name" : "Test Def 2",
            "context" : "Patient",
            "accessLevel" : "Public",
            "annotation" : [ {
               "type" : "Annotation",
               "s" : {
                  "r" : "44",
                  "s" : [ {
                     "value" : [ "define ","\"Test Def 2\"",":\n  " ]
                  }, {
                     "r" : "43",
                     "s" : [ {
                        "r" : "41",
                        "s" : [ {
                           "value" : [ "AgeInYearsAt","(" ]
                        }, {
                           "r" : "40",
                           "s" : [ {
                              "value" : [ "start of " ]
                           }, {
                              "r" : "39",
                              "s" : [ {
                                 "value" : [ "\"Measurement Period\"" ]
                              } ]
                           } ]
                        }, {
                           "value" : [ ")" ]
                        } ]
                     }, {
                        "r" : "42",
                        "value" : [ ">"," ","20" ]
                     } ]
                  } ]
               }
            } ],
            "expression" : {
               "localId" : "43",
               "locator" : "41:3-41:49",
               "type" : "Greater",
               "operand" : [ {
                  "localId" : "41",
                  "locator" : "41:3-41:45",
                  "precision" : "Year",
                  "type" : "CalculateAgeAt",
                  "operand" : [ {
                     "path" : "birthDatetime",
                     "type" : "Property",
                     "source" : {
                        "name" : "Patient",
                        "type" : "ExpressionRef"
                     }
                  }, {
                     "localId" : "40",
                     "locator" : "41:16-41:44",
                     "type" : "Start",
                     "operand" : {
                        "localId" : "39",
                        "locator" : "41:25-41:44",
                        "name" : "Measurement Period",
                        "type" : "ParameterRef"
                     }
                  } ]
               }, {
                  "localId" : "42",
                  "locator" : "41:48-41:49",
                  "valueType" : "{urn:hl7-org:elm-types:r1}Integer",
                  "value" : "20",
                  "type" : "Literal"
               } ]
            }
         } ]
      }
   }
}