<?xml version="1.0" encoding="UTF-8" standalone="yes"?>
<QualityMeasureDocument xmlns="urn:hl7-org:v3" xmlns:cql-ext="urn:hhs-cql:hqmf-n1-extensions:v1"
                        xmlns:xsi="http://www.w3.org/2001/XMLSchema-instance">

      <!--
            **************************************************************
            Measure Details Section
            **************************************************************
        -->

      <typeId extension="POQM_HD000001UV02" root="2.16.840.1.113883.1.3"/>
   <templateId>
      <item extension="2019-05-01" root="2.16.840.1.113883.10.20.28.1.2"/>
   </templateId>
   <id root="2c928084-72be-b968-0172-e76f27320d14"/>
   <code code="57024-2" codeSystem="2.16.840.1.113883.6.1">
      <displayName value="Health Quality Measure Document"/>
   </code>
   <title
          value="JEK_AT_Hormonal Therapy for Breast Cancer Patients within One Year of Diagnosis"/>
   <text
         value="Percentage of patients with AJCC stage IA (T1c) and IB - III ER or PR positive breast cancer receiving Tamoxifen or AI within 1 year of diagnosis (adapted from NQF #0220 and #0387)."/>
   <statusCode code="COMPLETED"/>
   <setId root="252e89c8-1879-4d48-bf67-7f982cebabd3"/>
   <versionNumber value="1.0.007"/>
   <author>
      <responsibleParty classCode="ASSIGNED">
         <representedResponsibleOrganization classCode="ORG" determinerCode="INSTANCE">
            <id>
               <item root="2.16.840.1.113883.3.1444"/>
            </id>
            <name>
               <item>
                  <part value="American Society of Clinical Oncology"/>
               </item>
            </name>
         </representedResponsibleOrganization>
      </responsibleParty>
   </author>
   <custodian>
      <responsibleParty classCode="ASSIGNED">
         <representedResponsibleOrganization classCode="ORG" determinerCode="INSTANCE">
            <id>
               <item root="99"/>
            </id>
            <name>
               <item>
                  <part value="American Society of Clinical Oncology"/>
               </item>
            </name>
         </representedResponsibleOrganization>
      </responsibleParty>
   </custodian>
   <!--Payer-->
     	 <definition>
      <valueSet classCode="OBS" moodCode="DEF">
         <id root="2.16.840.1.114222.4.11.3591"/>
         <title value="Payer"/>
      </valueSet>
   </definition>
   <!--ONC Administrative Sex-->
     	 <definition>
      <valueSet classCode="OBS" moodCode="DEF">
         <id root="2.16.840.1.113762.1.4.1"/>
         <title value="ONC Administrative Sex"/>
      </valueSet>
   </definition>
   <!--Estrogen Receptor ER-->
     	 <definition>
      <valueSet classCode="OBS" moodCode="DEF">
         <id root="2.16.840.1.113762.1.4.1116.290"/>
         <title value="Estrogen Receptor ER"/>
      </valueSet>
   </definition>
   <!--Breast Cancer-->
     	 <definition>
      <valueSet classCode="OBS" moodCode="DEF">
         <id root="2.16.840.1.113883.3.526.3.389"/>
         <title value="Breast Cancer"/>
      </valueSet>
   </definition>
   <!--Tumor Staging-->
     	 <definition>
      <valueSet classCode="OBS" moodCode="DEF">
         <id root="2.16.840.1.113762.1.4.1116.270"/>
         <title value="Tumor Staging"/>
      </valueSet>
   </definition>
   <!--Gender Female-->
     	 <definition>
      <valueSet classCode="OBS" moodCode="DEF">
         <id root="2.16.840.1.113762.1.4.1116.555"/>
         <title value="Gender Female"/>
      </valueSet>
   </definition>
   <!--Ethnicity-->
     	 <definition>
      <valueSet classCode="OBS" moodCode="DEF">
         <id root="2.16.840.1.114222.4.11.837"/>
         <title value="Ethnicity"/>
      </valueSet>
   </definition>
   <!--Breast Cancer ER or PR Positive-->
     	 <definition>
      <valueSet classCode="OBS" moodCode="DEF">
         <id root="2.16.840.1.113883.3.526.3.1303"/>
         <title value="Breast Cancer ER or PR Positive"/>
      </valueSet>
   </definition>
   <!--Estrogen Receptor or Progesterone Receptor Positive Breast Cancer-->
     	 <definition>
      <valueSet classCode="OBS" moodCode="DEF">
         <id root="2.16.840.1.113762.1.4.1116.571"/>
         <title value="Estrogen Receptor or Progesterone Receptor Positive Breast Cancer"/>
      </valueSet>
   </definition>
   <!--Race-->
     	 <definition>
      <valueSet classCode="OBS" moodCode="DEF">
         <id root="2.16.840.1.114222.4.11.836"/>
         <title value="Race"/>
      </valueSet>
   </definition>
   <!--Progesterone Receptor PR-->
     	 <definition>
      <valueSet classCode="OBS" moodCode="DEF">
         <id root="2.16.840.1.113762.1.4.1116.289"/>
         <title value="Progesterone Receptor PR"/>
      </valueSet>
   </definition>
   <!--Patient Provider Interaction-->
     	 <definition>
      <valueSet classCode="OBS" moodCode="DEF">
         <id root="2.16.840.1.113883.3.526.3.1012"/>
         <title value="Patient Provider Interaction"/>
      </valueSet>
   </definition>
   <!--Clinical Trial Participant-->
     	 <definition>
      <valueSet classCode="OBS" moodCode="DEF">
         <id root="2.16.840.1.113883.3.526.3.1125"/>
         <title value="Clinical Trial Participant"/>
      </valueSet>
   </definition>
   <!--Office Visit-->
     	 <definition>
      <valueSet classCode="OBS" moodCode="DEF">
         <id root="2.16.840.1.113883.3.464.1003.101.12.1001"/>
         <title value="Office Visit"/>
      </valueSet>
   </definition>
   <!--Tamoxifen or Aromatase Inhibitor Therapy Ingredient-->
     	 <definition>
      <valueSet classCode="OBS" moodCode="DEF">
         <id root="2.16.840.1.113883.3.526.3.1487"/>
         <title value="Tamoxifen or Aromatase Inhibitor Therapy Ingredient"/>
      </valueSet>
   </definition>
   <!--Breast Cancer ER Positive-->
     	 <definition>
      <valueSet classCode="OBS" moodCode="DEF">
         <id root="2.16.840.1.113762.1.4.1116.324"/>
         <title value="Breast Cancer ER Positive"/>
      </valueSet>
   </definition>
   <!--Cancer Stage II-->
     	 <definition>
      <valueSet classCode="OBS" moodCode="DEF">
         <id root="2.16.840.1.113762.1.4.1116.191"/>
         <title value="Cancer Stage II"/>
      </valueSet>
   </definition>
   <!--N Stage pN1mi-->
     	 <definition>
      <valueSet classCode="OBS" moodCode="DEF">
         <id root="2.16.840.1.113762.1.4.1116.105"/>
         <title value="N Stage pN1mi"/>
      </valueSet>
   </definition>
   <!--N Stage pN1b-->
     	 <definition>
      <valueSet classCode="OBS" moodCode="DEF">
         <id root="2.16.840.1.113762.1.4.1116.103"/>
         <title value="N Stage pN1b"/>
      </valueSet>
   </definition>
   <!--N Stage pN1a-->
     	 <definition>
      <valueSet classCode="OBS" moodCode="DEF">
         <id root="2.16.840.1.113762.1.4.1116.102"/>
         <title value="N Stage pN1a"/>
      </valueSet>
   </definition>
   <!--Cancer Stage IIIC-->
     	 <definition>
      <valueSet classCode="OBS" moodCode="DEF">
         <id root="2.16.840.1.113762.1.4.1116.145"/>
         <title value="Cancer Stage IIIC"/>
      </valueSet>
   </definition>
   <!--System Reason-->
     	 <definition>
      <valueSet classCode="OBS" moodCode="DEF">
         <id root="2.16.840.1.113883.3.526.2.310"/>
         <title value="System Reason"/>
      </valueSet>
   </definition>
   <!--M Category-->
     	 <definition>
      <valueSet classCode="OBS" moodCode="DEF">
         <id root="2.16.840.1.113762.1.4.1116.441"/>
         <title value="M Category"/>
      </valueSet>
   </definition>
   <!--Cancer Stage IIIA-->
     	 <definition>
      <valueSet classCode="OBS" moodCode="DEF">
         <id root="2.16.840.1.113762.1.4.1116.143"/>
         <title value="Cancer Stage IIIA"/>
      </valueSet>
   </definition>
   <!--N Stage N0-->
     	 <definition>
      <valueSet classCode="OBS" moodCode="DEF">
         <id root="2.16.840.1.113762.1.4.1116.112"/>
         <title value="N Stage N0"/>
      </valueSet>
   </definition>
   <!--N Stage N1-->
     	 <definition>
      <valueSet classCode="OBS" moodCode="DEF">
         <id root="2.16.840.1.113762.1.4.1116.111"/>
         <title value="N Stage N1"/>
      </valueSet>
   </definition>
   <!--Cancer Stage IIIB-->
     	 <definition>
      <valueSet classCode="OBS" moodCode="DEF">
         <id root="2.16.840.1.113762.1.4.1116.144"/>
         <title value="Cancer Stage IIIB"/>
      </valueSet>
   </definition>
   <!--T Stage T1c-->
     	 <definition>
      <valueSet classCode="OBS" moodCode="DEF">
         <id root="2.16.840.1.113762.1.4.1116.129"/>
         <title value="T Stage T1c"/>
      </valueSet>
   </definition>
   <!--T Stage T1b-->
     	 <definition>
      <valueSet classCode="OBS" moodCode="DEF">
         <id root="2.16.840.1.113762.1.4.1116.132"/>
         <title value="T Stage T1b"/>
      </valueSet>
   </definition>
   <!--T Stage T1a-->
     	 <definition>
      <valueSet classCode="OBS" moodCode="DEF">
         <id root="2.16.840.1.113762.1.4.1116.135"/>
         <title value="T Stage T1a"/>
      </valueSet>
   </definition>
   <!--N Stage N2-->
     	 <definition>
      <valueSet classCode="OBS" moodCode="DEF">
         <id root="2.16.840.1.113762.1.4.1116.108"/>
         <title value="N Stage N2"/>
      </valueSet>
   </definition>
   <!--N Stage N3-->
     	 <definition>
      <valueSet classCode="OBS" moodCode="DEF">
         <id root="2.16.840.1.113762.1.4.1116.101"/>
         <title value="N Stage N3"/>
      </valueSet>
   </definition>
   <!--M Stage M0-->
     	 <definition>
      <valueSet classCode="OBS" moodCode="DEF">
         <id root="2.16.840.1.113762.1.4.1116.95"/>
         <title value="M Stage M0"/>
      </valueSet>
   </definition>
   <!--TNM Stage Group-->
     	 <definition>
      <valueSet classCode="OBS" moodCode="DEF">
         <id root="2.16.840.1.113762.1.4.1116.442"/>
         <title value="TNM Stage Group"/>
      </valueSet>
   </definition>
   <!--Medical Reason-->
     	 <definition>
      <valueSet classCode="OBS" moodCode="DEF">
         <id root="2.16.840.1.113883.3.526.2.313"/>
         <title value="Medical Reason"/>
      </valueSet>
   </definition>
   <!--Positive Result-->
     	 <definition>
      <valueSet classCode="OBS" moodCode="DEF">
         <id root="2.16.840.1.113762.1.4.1116.291"/>
         <title value="Positive Result"/>
      </valueSet>
   </definition>
   <!--Cancer Stage IB-->
     	 <definition>
      <valueSet classCode="OBS" moodCode="DEF">
         <id root="2.16.840.1.113762.1.4.1116.281"/>
         <title value="Cancer Stage IB"/>
      </valueSet>
   </definition>
   <!--Cancer Stage IA-->
     	 <definition>
      <valueSet classCode="OBS" moodCode="DEF">
         <id root="2.16.840.1.113762.1.4.1116.280"/>
         <title value="Cancer Stage IA"/>
      </valueSet>
   </definition>
   <!--Cancer Stage IIB-->
     	 <definition>
      <valueSet classCode="OBS" moodCode="DEF">
         <id root="2.16.840.1.113762.1.4.1116.193"/>
         <title value="Cancer Stage IIB"/>
      </valueSet>
   </definition>
   <!--Cancer Stage III-->
     	 <definition>
      <valueSet classCode="OBS" moodCode="DEF">
         <id root="2.16.840.1.113762.1.4.1116.142"/>
         <title value="Cancer Stage III"/>
      </valueSet>
   </definition>
   <!--N Stage N1C-->
     	 <definition>
      <valueSet classCode="OBS" moodCode="DEF">
         <id root="2.16.840.1.113762.1.4.1116.300"/>
         <title value="N Stage N1C"/>
      </valueSet>
   </definition>
   <!--Patient Reason-->
     	 <definition>
      <valueSet classCode="OBS" moodCode="DEF">
         <id root="2.16.840.1.113883.3.526.2.311"/>
         <title value="Patient Reason"/>
      </valueSet>
   </definition>
   <!--Cancer Stage IIA-->
     	 <definition>
      <valueSet classCode="OBS" moodCode="DEF">
         <id root="2.16.840.1.113762.1.4.1116.192"/>
         <title value="Cancer Stage IIA"/>
      </valueSet>
   </definition>
   <!--T Category-->
     	 <definition>
      <valueSet classCode="OBS" moodCode="DEF">
         <id root="2.16.840.1.113762.1.4.1116.439"/>
         <title value="T Category"/>
      </valueSet>
   </definition>
   <!--T Stage T1-->
     	 <definition>
      <valueSet classCode="OBS" moodCode="DEF">
         <id root="2.16.840.1.113762.1.4.1116.136"/>
         <title value="T Stage T1"/>
      </valueSet>
   </definition>
   <!--T Stage T0-->
     	 <definition>
      <valueSet classCode="OBS" moodCode="DEF">
         <id root="2.16.840.1.113762.1.4.1116.139"/>
         <title value="T Stage T0"/>
      </valueSet>
   </definition>
   <!--T Stage T1mic-->
     	 <definition>
      <valueSet classCode="OBS" moodCode="DEF">
         <id root="2.16.840.1.113762.1.4.1116.137"/>
         <title value="T Stage T1mic"/>
      </valueSet>
   </definition>
   <!--T Stage T4-->
     	 <definition>
      <valueSet classCode="OBS" moodCode="DEF">
         <id root="2.16.840.1.113762.1.4.1116.118"/>
         <title value="T Stage T4"/>
      </valueSet>
   </definition>
   <!--T Stage T3-->
     	 <definition>
      <valueSet classCode="OBS" moodCode="DEF">
         <id root="2.16.840.1.113762.1.4.1116.124"/>
         <title value="T Stage T3"/>
      </valueSet>
   </definition>
   <!--T Stage T2-->
     	 <definition>
      <valueSet classCode="OBS" moodCode="DEF">
         <id root="2.16.840.1.113762.1.4.1116.128"/>
         <title value="T Stage T2"/>
      </valueSet>
   </definition>
   <!--N Category-->
     	 <definition>
      <valueSet classCode="OBS" moodCode="DEF">
         <id root="2.16.840.1.113762.1.4.1116.440"/>
         <title value="N Category"/>
      </valueSet>
   </definition>
   <!--Dead-CODE:/CodeSystem/SNOMEDCT/Version/2016-03/Code/419099009/Info-->
      <definition>
      <cql-ext:code code="419099009" codeSystem="2.16.840.1.113883.6.96" codeSystemName="SNOMEDCT">
         <displayName value="Dead"/>
      </cql-ext:code>
   </definition>
   <relatedDocument typeCode="COMP">
      <expressionDocument>
         <id root="784B0DB6-4EA7-4C8B-8953-0A70DF17DDC9"/>
         <text mediaType="text/cql">
            <reference value="https://emeasuretool.cms.gov/libraries/252e89c8-1879-4d48-bf67-7f982cebabd3/JEK-AT-HormonalTherapyforBreastCancerPatientswithinOneYearofDiagnosis-1.0.007.cql"/>
            <translation mediaType="application/elm+xml">
               <reference value="https://emeasuretool.cms.gov/libraries/252e89c8-1879-4d48-bf67-7f982cebabd3/JEK-AT-HormonalTherapyforBreastCancerPatientswithinOneYearofDiagnosis-1.0.007.xml"/>
            </translation>
            <translation mediaType="application/elm+json">
               <reference value="https://emeasuretool.cms.gov/libraries/252e89c8-1879-4d48-bf67-7f982cebabd3/JEK-AT-HormonalTherapyforBreastCancerPatientswithinOneYearofDiagnosis-1.0.007.json"/>
            </translation>
         </text>
         <setId extension="252e89c8-1879-4d48-bf67-7f982cebabd3"
                identifierName="JEK-AT-HormonalTherapyforBreastCancerPatientswithinOneYearofDiagnosis"
                root="https://emeasuretool.cms.gov/libraries"/>
         <versionNumber value="1.0.007"/>
      </expressionDocument>
   </relatedDocument>
   <controlVariable>
      <measurePeriod>
         <id extension="measureperiod" root="f953ae3d-2723-4581-95d0-c6fc67ed573b"/>
         <code code="MSRTP" codeSystem="2.16.840.1.113883.5.4">
            <originalText value="Measurement Period"/>
         </code>
         <value xsi:type="PIVL_TS">
            <phase highClosed="true" lowClosed="true">
               <low value="20210101"/>
               <width unit="a" value="1" xsi:type="PQ"/>
            </phase>
            <period unit="a" value="1"/>
         </value>
      </measurePeriod>
   </controlVariable>
   <subjectOf>
      <measureAttribute>
         <code nullFlavor="OTH">
            <originalText value="eCQM Identifier (Measure Authoring Tool)"/>
         </code>
         <value mediaType="text/plain" value="" xsi:type="ED"/>
      </measureAttribute>
   </subjectOf>
   <subjectOf>
      <measureAttribute>
         <code nullFlavor="OTH">
            <originalText value="NQF Number"/>
         </code>
         <value mediaType="text/plain" value="Not Applicable" xsi:type="ED"/>
      </measureAttribute>
   </subjectOf>
   <subjectOf>
      <measureAttribute>
         <code code="COPY" codeSystem="2.16.840.1.113883.5.4">
            <displayName value="Copyright"/>
         </code>
         <value mediaType="text/plain" value="American Society of Clinical Oncology, 2015"
                xsi:type="ED"/>
      </measureAttribute>
   </subjectOf>
   <subjectOf>
      <measureAttribute>
         <code code="DISC" codeSystem="2.16.840.1.113883.5.4">
            <displayName value="Disclaimer"/>
         </code>
         <value mediaType="text/plain" value="" xsi:type="ED"/>
      </measureAttribute>
   </subjectOf>
   <subjectOf>
      <measureAttribute>
         <code code="MSRSCORE" codeSystem="2.16.840.1.113883.5.4">
            <displayName value="Measure Scoring"/>
         </code>
         <value code="PROPOR" codeSystem="2.16.840.1.113883.5.1063" xsi:type="CD">
            <displayName value="Proportion"/>
         </value>
      </measureAttribute>
   </subjectOf>
   <subjectOf>
      <measureAttribute>
         <code code="STRAT" codeSystem="2.16.840.1.113883.5.4">
            <displayName value="Stratification"/>
         </code>
         <value mediaType="text/plain" value="" xsi:type="ED"/>
      </measureAttribute>
   </subjectOf>
   <subjectOf>
      <measureAttribute>
         <code code="MSRADJ" codeSystem="2.16.840.1.113883.5.4">
            <displayName value="Risk Adjustment"/>
         </code>
         <value mediaType="text/plain" value="" xsi:type="ED"/>
      </measureAttribute>
   </subjectOf>
   <subjectOf>
      <measureAttribute>
         <code code="MSRAGG" codeSystem="2.16.840.1.113883.5.4">
            <displayName value="Rate Aggregation"/>
         </code>
         <value mediaType="text/plain" value="" xsi:type="ED"/>
      </measureAttribute>
   </subjectOf>
   <subjectOf>
      <measureAttribute>
         <code code="RAT" codeSystem="2.16.840.1.113883.5.4">
            <displayName value="Rationale"/>
         </code>
         <value mediaType="text/plain"
                value="An adjuvant treatment strategy incorporating an aromatase inhibitor (AI) as primary (initial endocrine therapy), sequential (using both tamoxifen and an AI in either order), or extended (AI after 5 years of tamoxifen) therapy reduces the risk of breast cancer recurrence compared with 5 years of tamoxifen alone."
                xsi:type="ED"/>
      </measureAttribute>
   </subjectOf>
   <subjectOf>
      <measureAttribute>
         <code code="CRS" codeSystem="2.16.840.1.113883.5.4">
            <displayName value="Clinical Recommendation Statement"/>
         </code>
         <value mediaType="text/plain"
                value="For postmenopausal women with hormone receptor positive breast cancer, consider incorporating AI therapy during adjuvant treatment, either as up-front therapy or as sequential treatment after tamoxifen."
                xsi:type="ED"/>
      </measureAttribute>
   </subjectOf>
   <subjectOf>
      <measureAttribute>
         <code code="IDUR" codeSystem="2.16.840.1.113883.5.4">
            <displayName value="Improvement Notation"/>
         </code>
         <value mediaType="text/plain" value="Higher scores represent higher quality."
                xsi:type="ED"/>
      </measureAttribute>
   </subjectOf>
   <subjectOf>
      <measureAttribute>
         <code code="REF" codeSystem="2.16.840.1.113883.5.4">
            <displayName value="Reference"/>
         </code>
         <value mediaType="text/plain"
                value="CITATIONNICCQ measure BR-2B1: (Adapted)   http://jco.ascopubs.org/cgi/content/abstract/24/4/626&#xA;&#xA;American Society of Clinical Oncology Clinical Practice Guideline: Update on Adjuvant Endocrine Therapy for Women with Hormone Receptor-Positive Breast Cancer. Harold J. Burstein, Ann Alexis Prestrud, Jerry Seidenfeld, Holly Anderson, Thomas A. Buchholz, Nancy E. Davidson, Karen E. Gelmon, Sharon H. Giordano, Clifford A. Hudis, Jennifer Malin, Eleftherios P. Mamounas, Diana Rowden, Alexander J. Solky, MaryFran R. Sowers, Vered Stearns, Eric P. Winer, Mark R. Somerfield, Jennifer J. Griggs.&#xA;Published on August 10, 2010 vol. 28 no. 23 3784-3796. http://www.asco.org/institute-quality/asco-clinical-practice-guideline-update-adjuvant-endocrine-therapy-women-hormonehttp://jco.ascopubs.org/content/28/23/3784.full&#xA;&#xA;NQF endorsed measure: #0220:  Adjuvant hormonal therapy http://www.qualityforum.org/QPS/0220"
                xsi:type="ED"/>
      </measureAttribute>
   </subjectOf>
   <subjectOf>
      <measureAttribute>
         <code code="DEF" codeSystem="2.16.840.1.113883.5.4">
            <displayName value="Definition"/>
         </code>
         <value mediaType="text/plain"
                value="Patients with AJCC Stage I through III are classified by the TNM system. Patients with documentation of metastasis are not included in the initial population. Patients must be greater than 18 years of age and have an established relationship with the practice."
                xsi:type="ED"/>
      </measureAttribute>
   </subjectOf>
   <subjectOf>
      <measureAttribute>
         <code code="GUIDE" codeSystem="2.16.840.1.113883.5.4">
            <displayName value="Guidance"/>
         </code>
         <value mediaType="text/plain"
                value="Staging elements are defined by the TNM system. ER or PR+ diagnosis status is made after initial breast cancer diagnosis. Tamoxifen or aromatase inhibitor therapy should begin within one year of diagnosis. Patients must have an established relationship with the practice to be considered for the measure."
                xsi:type="ED"/>
      </measureAttribute>
   </subjectOf>
   <subjectOf>
      <measureAttribute>
         <code code="TRANF" codeSystem="2.16.840.1.113883.5.4">
            <displayName value="Transmission Format"/>
         </code>
         <value mediaType="text/plain" value="" xsi:type="ED"/>
      </measureAttribute>
   </subjectOf>
   <subjectOf>
      <measureAttribute>
         <code code="IPOP" codeSystem="2.16.840.1.113883.5.4">
            <displayName value="Initial Population"/>
         </code>
         <value mediaType="text/plain"
                value="The number of breast cancer patients over 18 with an established relationship to the practice."
                xsi:type="ED"/>
      </measureAttribute>
   </subjectOf>
   <subjectOf>
      <measureAttribute>
         <code code="DENOM" codeSystem="2.16.840.1.113883.5.4">
            <displayName value="Denominator"/>
         </code>
         <value mediaType="text/plain"
                value="Breast cancer patients with AJCC stage IA (T1c) and IB - III and ER or PR positive breast cancer."
                xsi:type="ED"/>
      </measureAttribute>
   </subjectOf>
   <subjectOf>
      <measureAttribute>
         <code code="DENEX" codeSystem="2.16.840.1.113883.5.4">
            <displayName value="Denominator Exclusions"/>
         </code>
         <value mediaType="text/plain" value="None" xsi:type="ED"/>
      </measureAttribute>
   </subjectOf>
   <subjectOf>
      <measureAttribute>
         <code code="NUMER" codeSystem="2.16.840.1.113883.5.4">
            <displayName value="Numerator"/>
         </code>
         <value mediaType="text/plain"
                value="Hormonal therapy was initiated less than or equal to 365 days from the date of diagnosis, or the patient received alternative treatment according to a clinical trial protocol."
                xsi:type="ED"/>
      </measureAttribute>
   </subjectOf>
   <subjectOf>
      <measureAttribute>
         <code code="NUMEX" codeSystem="2.16.840.1.113883.5.4">
            <displayName value="Numerator Exclusions"/>
         </code>
         <value mediaType="text/plain" value="None" xsi:type="ED"/>
      </measureAttribute>
   </subjectOf>
   <subjectOf>
      <measureAttribute>
         <code code="DENEXCEP" codeSystem="2.16.840.1.113883.5.4">
            <displayName value="Denominator Exceptions"/>
         </code>
         <value mediaType="text/plain"
                value="Patients who have died within 365 days of diagnosis; patients with identified systemic, patient or medical reason to refuse treatment."
                xsi:type="ED"/>
      </measureAttribute>
   </subjectOf>
   <subjectOf>
      <measureAttribute>
         <code code="SDE" codeSystem="2.16.840.1.113883.5.4">
            <displayName value="Supplemental Data Elements"/>
         </code>
         <value mediaType="text/plain"
                value="For every patient evaluated by this measure also identify payer, race, ethnicity and sex."
                xsi:type="ED"/>
      </measureAttribute>
   </subjectOf>
   <componentOf>
      <qualityMeasureSet classCode="ACT">
         <id root="252e89c8-1879-4d48-bf67-7f982cebabd3"/>
         <title value=""/>
      </qualityMeasureSet>
   </componentOf>
   <!--Data Criteria Section-->
   <component>
      <dataCriteriaSection>
         <templateId>
            <item extension="2019-05-01" root="2.16.840.1.113883.10.20.28.2.6"/>
         </templateId>
         <code code="57025-9" codeSystem="2.16.840.1.113883.6.1"/>
         <title value="Data Criteria Section"/>
         <text/>
         <entry typeCode="DRIV">
            <localVariableName value="Payer_PatientCharacteristicPayer_UF28n"/>
            <observationCriteria classCode="OBS" moodCode="EVN">
               <templateId>
                  <item extension="2017-05-01" root="2.16.840.1.113883.10.20.28.4.58"/>
               </templateId>
               <id extension="Payer_PatientCharacteristicPayer"
                   root="028ed09e-d5f5-4800-b2a6-63b670124771"/>
               <code code="48768-6" codeSystem="2.16.840.1.113883.6.1" codeSystemName="LOINC">
                  <displayName value="Payer"/>
               </code>
               <title value="Patient Characteristic Payer"/>
               <statusCode code="COMPLETED"/>
               <value valueSet="2.16.840.1.114222.4.11.3591" xsi:type="CD"/>
            </observationCriteria>
         </entry>
         <entry typeCode="DRIV">
            <localVariableName value="ONCAdministrativeSex_PatientCharacteristicSex_cULJ7"/>
            <observationCriteria classCode="OBS" moodCode="EVN">
               <templateId>
                  <item extension="2017-05-01" root="2.16.840.1.113883.10.20.28.4.55"/>
               </templateId>
               <id extension="ONCAdministrativeSex_PatientCharacteristicSex"
                   root="bd6a1064-11b9-4eb3-ab92-768f7dd50d6f"/>
               <code code="263495000" codeSystem="2.16.840.1.113883.6.96" codeSystemName="SNOMED CT">
                  <displayName value="Gender"/>
               </code>
               <title value="Patient Characteristic Sex"/>
               <statusCode code="COMPLETED"/>
               <value valueSet="2.16.840.1.113762.1.4.1" xsi:type="CD"/>
            </observationCriteria>
         </entry>
         <entry typeCode="DRIV">
            <localVariableName value="EstrogenReceptorER_LaboratoryTestPerformed_cTLWV"/>
            <observationCriteria classCode="OBS" moodCode="EVN">
               <templateId>
                  <item extension="2019-05-01" root="2.16.840.1.113883.10.20.28.4.42"/>
               </templateId>
               <id extension="EstrogenReceptorER_LaboratoryTestPerformed"
                   root="cee4b3c2-aa2c-48b6-bac1-ab2ae9c91347"/>
               <code valueSet="2.16.840.1.113762.1.4.1116.290"/>
               <title value="Laboratory Test, Performed"/>
               <statusCode code="COMPLETED"/>
            </observationCriteria>
         </entry>
         <entry typeCode="DRIV">
            <localVariableName value="BreastCancer_Diagnosis_M6Nzi"/>
            <observationCriteria classCode="OBS" moodCode="EVN">
               <templateId>
                  <item extension="2019-05-01" root="2.16.840.1.113883.10.20.28.4.110"/>
               </templateId>
               <id extension="BreastCancer_Diagnosis" root="a95098e9-ffbc-4290-a51b-0cd5741d59a4"/>
               <code code="282291009" codeSystem="2.16.840.1.113883.6.96" codeSystemName="SNOMED CT">
                  <displayName value="Diagnosis"/>
               </code>
               <title value="Diagnosis"/>
               <statusCode code="COMPLETED"/>
               <value valueSet="2.16.840.1.113883.3.526.3.389" xsi:type="CD"/>
            </observationCriteria>
         </entry>
         <entry typeCode="DRIV">
            <localVariableName value="TumorStaging_ProcedurePerformed_jge10"/>
            <procedureCriteria classCode="PROC" moodCode="EVN">
               <templateId>
                  <item extension="2019-05-01" root="2.16.840.1.113883.10.20.28.4.67"/>
               </templateId>
               <id extension="TumorStaging_ProcedurePerformed"
                   root="470c8b9d-19db-4f4e-a471-6a4e9e325204"/>
               <code valueSet="2.16.840.1.113762.1.4.1116.270"/>
               <title value="Procedure, Performed"/>
               <statusCode code="COMPLETED"/>
            </procedureCriteria>
         </entry>
         <entry typeCode="DRIV">
            <localVariableName value="GenderFemale_PatientCharacteristicSex_is4Tn"/>
            <observationCriteria classCode="OBS" moodCode="EVN">
               <templateId>
                  <item extension="2017-05-01" root="2.16.840.1.113883.10.20.28.4.55"/>
               </templateId>
               <id extension="GenderFemale_PatientCharacteristicSex"
                   root="45a46d3c-b758-4b05-ac2e-11ddee9068ef"/>
               <code code="263495000" codeSystem="2.16.840.1.113883.6.96" codeSystemName="SNOMED CT">
                  <displayName value="Gender"/>
               </code>
               <title value="Patient Characteristic Sex"/>
               <statusCode code="COMPLETED"/>
               <value valueSet="2.16.840.1.113762.1.4.1116.555" xsi:type="CD"/>
            </observationCriteria>
         </entry>
         <entry typeCode="DRIV">
            <localVariableName value="Ethnicity_PatientCharacteristicEthnicity_aL3mz"/>
            <observationCriteria classCode="OBS" moodCode="EVN">
               <templateId>
                  <item extension="2017-05-01" root="2.16.840.1.113883.10.20.28.4.56"/>
               </templateId>
               <id extension="Ethnicity_PatientCharacteristicEthnicity"
                   root="7abea7e6-d94c-4659-bc80-abef61b99a0b"/>
               <code code="54133-4" codeSystem="2.16.840.1.113883.6.1" codeSystemName="LOINC">
                  <displayName value="Ethnicity"/>
               </code>
               <title value="Patient Characteristic Ethnicity"/>
               <statusCode code="COMPLETED"/>
               <value valueSet="2.16.840.1.114222.4.11.837" xsi:type="CD"/>
            </observationCriteria>
         </entry>
         <entry typeCode="DRIV">
            <localVariableName value="BreastCancerERorPRPositive_Diagnosis_fVFeh"/>
            <observationCriteria classCode="OBS" moodCode="EVN">
               <templateId>
                  <item extension="2019-05-01" root="2.16.840.1.113883.10.20.28.4.110"/>
               </templateId>
               <id extension="BreastCancerERorPRPositive_Diagnosis"
                   root="1158411b-f184-4da1-913c-defa6a4ae774"/>
               <code code="282291009" codeSystem="2.16.840.1.113883.6.96" codeSystemName="SNOMED CT">
                  <displayName value="Diagnosis"/>
               </code>
               <title value="Diagnosis"/>
               <statusCode code="COMPLETED"/>
               <value valueSet="2.16.840.1.113883.3.526.3.1303" xsi:type="CD"/>
            </observationCriteria>
         </entry>
         <entry typeCode="DRIV">
            <localVariableName value="EstrogenReceptororProgesteroneReceptorPositiveBreastCancer_EncounterPerformed_78I4M"/>
            <encounterCriteria classCode="ENC" moodCode="EVN">
               <templateId>
                  <item extension="2019-05-01" root="2.16.840.1.113883.10.20.28.4.5"/>
               </templateId>
               <id extension="EstrogenReceptororProgesteroneReceptorPositiveBreastCancer_EncounterPerformed"
                   root="645e8859-c0d1-40b6-9c37-3c87f4ee5609"/>
               <code valueSet="2.16.840.1.113762.1.4.1116.571"/>
               <title value="Encounter, Performed"/>
               <statusCode code="COMPLETED"/>
            </encounterCriteria>
         </entry>
         <entry typeCode="DRIV">
            <localVariableName value="Race_PatientCharacteristicRace_hEUtc"/>
            <observationCriteria classCode="OBS" moodCode="EVN">
               <templateId>
                  <item extension="2017-05-01" root="2.16.840.1.113883.10.20.28.4.59"/>
               </templateId>
               <id extension="Race_PatientCharacteristicRace"
                   root="a41b22b7-9970-42b8-9dbb-8e41ff108bec"/>
               <code code="32624-9" codeSystem="2.16.840.1.113883.6.1" codeSystemName="LOINC">
                  <displayName value="Race"/>
               </code>
               <title value="Patient Characteristic Race"/>
               <statusCode code="COMPLETED"/>
               <value valueSet="2.16.840.1.114222.4.11.836" xsi:type="CD"/>
            </observationCriteria>
         </entry>
         <entry typeCode="DRIV">
            <localVariableName value="ProgesteroneReceptorPR_LaboratoryTestPerformed_RrmER"/>
            <observationCriteria classCode="OBS" moodCode="EVN">
               <templateId>
                  <item extension="2019-05-01" root="2.16.840.1.113883.10.20.28.4.42"/>
               </templateId>
               <id extension="ProgesteroneReceptorPR_LaboratoryTestPerformed"
                   root="82057fd5-db79-4dea-81c4-e7bb74747082"/>
               <code valueSet="2.16.840.1.113762.1.4.1116.289"/>
               <title value="Laboratory Test, Performed"/>
               <statusCode code="COMPLETED"/>
            </observationCriteria>
         </entry>
         <entry typeCode="DRIV">
            <localVariableName value="PatientProviderInteraction_EncounterPerformed_t654R"/>
            <encounterCriteria classCode="ENC" moodCode="EVN">
               <templateId>
                  <item extension="2019-05-01" root="2.16.840.1.113883.10.20.28.4.5"/>
               </templateId>
               <id extension="PatientProviderInteraction_EncounterPerformed"
                   root="5c32393f-c5ad-4da4-b65a-64e74d129f82"/>
               <code valueSet="2.16.840.1.113883.3.526.3.1012"/>
               <title value="Encounter, Performed"/>
               <statusCode code="COMPLETED"/>
            </encounterCriteria>
         </entry>
         <entry typeCode="DRIV">
            <localVariableName value="ClinicalTrialParticipant_CareGoal_6ncJ9"/>
            <observationCriteria classCode="OBS" moodCode="GOL">
               <templateId>
                  <item extension="2019-05-01" root="2.16.840.1.113883.10.20.28.4.7"/>
               </templateId>
               <id extension="ClinicalTrialParticipant_CareGoal"
                   root="2199c42d-c60f-4eb5-9871-fc5f2e7d968a"/>
               <code code="ASSERTION" codeSystem="2.16.840.1.113883.5.4"/>
               <title value="Care Goal"/>
               <statusCode code="ACTIVE"/>
               <value valueSet="2.16.840.1.113883.3.526.3.1125" xsi:type="CD"/>
            </observationCriteria>
         </entry>
         <entry typeCode="DRIV">
            <localVariableName value="OfficeVisit_EncounterPerformed_kV7nP"/>
            <encounterCriteria classCode="ENC" moodCode="EVN">
               <templateId>
                  <item extension="2019-05-01" root="2.16.840.1.113883.10.20.28.4.5"/>
               </templateId>
               <id extension="OfficeVisit_EncounterPerformed"
                   root="d42238be-c74f-4ffe-b7bd-95f7e9260318"/>
               <code valueSet="2.16.840.1.113883.3.464.1003.101.12.1001"/>
               <title value="Encounter, Performed"/>
               <statusCode code="COMPLETED"/>
            </encounterCriteria>
         </entry>
         <entry typeCode="DRIV">
            <localVariableName value="TamoxifenorAromataseInhibitorTherapyIngredient_MedicationAdministered_aPSPB"/>
            <substanceAdministrationCriteria classCode="SBADM" moodCode="EVN">
               <templateId>
                  <item extension="2019-05-01" root="2.16.840.1.113883.10.20.28.4.45"/>
               </templateId>
               <id extension="TamoxifenorAromataseInhibitorTherapyIngredient_MedicationAdministered"
                   root="eee1a811-9d26-4a22-9eed-f415e7c192ec"/>
               <code code="416118004" codeSystem="2.16.840.1.113883.6.96"/>
               <title value="Medication, Administered"/>
               <statusCode code="COMPLETED"/>
			            <participation typeCode="CSM">
                  <role classCode="MANU">
                     <playingManufacturedMaterial classCode="MMAT" determinerCode="KIND">
                        <code valueSet="2.16.840.1.113883.3.526.3.1487"/>
                     </playingManufacturedMaterial>
                  </role>
               </participation>
		          </substanceAdministrationCriteria>
         </entry>
         <entry typeCode="DRIV">
            <localVariableName value="TamoxifenorAromataseInhibitorTherapyIngredient_MedicationNotOrdered_8id2s"/>
            <substanceAdministrationCriteria actionNegationInd="TRUE" classCode="SBADM" moodCode="RQO">
               <templateId>
                  <item extension="2019-05-01" root="2.16.840.1.113883.10.20.28.4.51"/>
               </templateId>
               <id extension="TamoxifenorAromataseInhibitorTherapyIngredient_MedicationNotOrdered"
                   root="eee1a811-9d26-4a22-9eed-f415e7c192ec"/>
               <title value="Medication, Not Ordered"/>
               <statusCode code="ACTIVE"/>
			            <participation typeCode="CSM">
                  <role classCode="MANU">
                     <playingMaterial classCode="MMAT" determinerCode="KIND">
                        <code valueSet="2.16.840.1.113883.3.526.3.1487"/>
                     </playingMaterial>
                  </role>
               </participation>
		          </substanceAdministrationCriteria>
         </entry>
         <entry typeCode="DRIV">
            <localVariableName value="TamoxifenorAromataseInhibitorTherapyIngredient_MedicationOrder_iH08z"/>
            <substanceAdministrationCriteria classCode="SBADM" moodCode="RQO">
               <templateId>
                  <item extension="2019-05-01" root="2.16.840.1.113883.10.20.28.4.51"/>
               </templateId>
               <id extension="TamoxifenorAromataseInhibitorTherapyIngredient_MedicationOrder"
                   root="eee1a811-9d26-4a22-9eed-f415e7c192ec"/>
               <title value="Medication, Order"/>
               <statusCode code="ACTIVE"/>
			            <participation typeCode="CSM">
                  <role classCode="MANU">
                     <playingMaterial classCode="MMAT" determinerCode="KIND">
                        <code valueSet="2.16.840.1.113883.3.526.3.1487"/>
                     </playingMaterial>
                  </role>
               </participation>
		          </substanceAdministrationCriteria>
         </entry>
         <entry typeCode="DRIV">
            <localVariableName value="BreastCancerERPositive_Diagnosis_5D5bN"/>
            <observationCriteria classCode="OBS" moodCode="EVN">
               <templateId>
                  <item extension="2019-05-01" root="2.16.840.1.113883.10.20.28.4.110"/>
               </templateId>
               <id extension="BreastCancerERPositive_Diagnosis"
                   root="45bef2a7-7605-4717-ab0f-602b7b098c0b"/>
               <code code="282291009" codeSystem="2.16.840.1.113883.6.96" codeSystemName="SNOMED CT">
                  <displayName value="Diagnosis"/>
               </code>
               <title value="Diagnosis"/>
               <statusCode code="COMPLETED"/>
               <value valueSet="2.16.840.1.113762.1.4.1116.324" xsi:type="CD"/>
            </observationCriteria>
         </entry>
         <entry typeCode="DRIV">
            <observationCriteria classCode="OBS" moodCode="EVN">
               <templateId>
                  <item extension="2017-05-01" root="2.16.840.1.113883.10.20.28.4.57"/>
               </templateId>
               <id extension="419099009_PatientCharacteristicExpired"
                   root="C6A6481D-A5D0-4AC1-B9D7-8725EF5B74D4"/>
               <code code="ASSERTION" codeSystem="2.16.840.1.113883.5.4">
                  <displayName value="Assertion"/>
               </code>
               <title value="Patient Characteristic Expired"/>
               <statusCode code="COMPLETED"/>
               <value code="419099009" codeSystem="2.16.840.1.113883.6.96" xsi:type="CD"/>
            </observationCriteria>
         </entry>
      </dataCriteriaSection>
   </component>
   <component>
      <populationCriteriaSection>
         <templateId>
            <item extension="2017-08-01" root="2.16.840.1.113883.10.20.28.2.7"/>
         </templateId>
         <id extension="PopulationCriteria1" root="259DE788-4249-444C-A0AC-231956F503DD"/>
         <code code="57026-7" codeSystem="2.16.840.1.113883.6.1"/>
         <title value="Population Criteria Section"/>
         <text/>
         <component typeCode="COMP">
            <initialPopulationCriteria classCode="OBS" moodCode="EVN">
               <id extension="initialPopulation" root="6F5F29F0-CC16-4FBC-B139-F90F1EBE0328"/>
               <code code="IPOP" codeSystem="2.16.840.1.113883.5.4" codeSystemName="Act Code"/>
               <precondition typeCode="PRCN">
                  <criteriaReference classCode="OBS" moodCode="EVN">
                     <id extension="JEK_AT_HormonalTherapyforBreastCancerPatientswithinOneYearofDiagnosis.&quot;Initial Population&quot;"
                         root="784B0DB6-4EA7-4C8B-8953-0A70DF17DDC9"/>
                  </criteriaReference>
               </precondition>
            </initialPopulationCriteria>
         </component>
         <component typeCode="COMP">
            <denominatorCriteria classCode="OBS" moodCode="EVN">
               <id extension="denominator" root="3EA4CBD4-B820-4A3C-AF1E-18BBF3529DCF"/>
               <code code="DENOM" codeSystem="2.16.840.1.113883.5.4" codeSystemName="Act Code"/>
               <precondition typeCode="PRCN">
                  <criteriaReference classCode="OBS" moodCode="EVN">
                     <id extension="JEK_AT_HormonalTherapyforBreastCancerPatientswithinOneYearofDiagnosis.&quot;Denominator&quot;"
                         root="784B0DB6-4EA7-4C8B-8953-0A70DF17DDC9"/>
                  </criteriaReference>
               </precondition>
            </denominatorCriteria>
         </component>
         <component typeCode="COMP">
            <denominatorExceptionCriteria classCode="OBS" moodCode="EVN">
               <id extension="denominatorExceptions" root="E9FFAA5D-64CD-423C-82BA-F8ACAAB0E071"/>
               <code code="DENEXCEP" codeSystem="2.16.840.1.113883.5.4" codeSystemName="Act Code"/>
               <precondition typeCode="PRCN">
                  <criteriaReference classCode="OBS" moodCode="EVN">
                     <id extension="JEK_AT_HormonalTherapyforBreastCancerPatientswithinOneYearofDiagnosis.&quot;Denominator Exceptions&quot;"
                         root="784B0DB6-4EA7-4C8B-8953-0A70DF17DDC9"/>
                  </criteriaReference>
               </precondition>
            </denominatorExceptionCriteria>
         </component>
         <component typeCode="COMP">
            <numeratorCriteria classCode="OBS" moodCode="EVN">
               <id extension="numerator" root="B53A1B5F-D7B9-4D19-8583-993E3B72DDB6"/>
               <code code="NUMER" codeSystem="2.16.840.1.113883.5.4" codeSystemName="Act Code"/>
               <precondition typeCode="PRCN">
                  <criteriaReference classCode="OBS" moodCode="EVN">
                     <id extension="JEK_AT_HormonalTherapyforBreastCancerPatientswithinOneYearofDiagnosis.&quot;Numerator&quot;"
                         root="784B0DB6-4EA7-4C8B-8953-0A70DF17DDC9"/>
                  </criteriaReference>
               </precondition>
            </numeratorCriteria>
         </component>
         <component typeCode="COMP">
            <cql-ext:supplementalDataElement>
               <id extension="Supplemental Data Elements"
                   root="C3C6AECE-DD1B-4758-AAC0-4A9CE62FA0E6"/>
               <code code="SDE" codeSystem="2.16.840.1.113883.5.4" codeSystemName="Act Code"/>
               <precondition typeCode="PRCN">
                  <criteriaReference classCode="OBS" moodCode="EVN">
                     <id extension="JEK_AT_HormonalTherapyforBreastCancerPatientswithinOneYearofDiagnosis.&quot;SDE Ethnicity&quot;"
                         root="784B0DB6-4EA7-4C8B-8953-0A70DF17DDC9"/>
                  </criteriaReference>
               </precondition>
            </cql-ext:supplementalDataElement>
         </component>
         <component typeCode="COMP">
            <cql-ext:supplementalDataElement>
               <id extension="Supplemental Data Elements"
                   root="21088867-2430-4E08-A66D-D7AA2E6686C3"/>
               <code code="SDE" codeSystem="2.16.840.1.113883.5.4" codeSystemName="Act Code"/>
               <precondition typeCode="PRCN">
                  <criteriaReference classCode="OBS" moodCode="EVN">
                     <id extension="JEK_AT_HormonalTherapyforBreastCancerPatientswithinOneYearofDiagnosis.&quot;SDE Payer&quot;"
                         root="784B0DB6-4EA7-4C8B-8953-0A70DF17DDC9"/>
                  </criteriaReference>
               </precondition>
            </cql-ext:supplementalDataElement>
         </component>
         <component typeCode="COMP">
            <cql-ext:supplementalDataElement>
               <id extension="Supplemental Data Elements"
                   root="AF8DB416-A697-4BB1-895B-51115CD18720"/>
               <code code="SDE" codeSystem="2.16.840.1.113883.5.4" codeSystemName="Act Code"/>
               <precondition typeCode="PRCN">
                  <criteriaReference classCode="OBS" moodCode="EVN">
                     <id extension="JEK_AT_HormonalTherapyforBreastCancerPatientswithinOneYearofDiagnosis.&quot;SDE Race&quot;"
                         root="784B0DB6-4EA7-4C8B-8953-0A70DF17DDC9"/>
                  </criteriaReference>
               </precondition>
            </cql-ext:supplementalDataElement>
         </component>
         <component typeCode="COMP">
            <cql-ext:supplementalDataElement>
               <id extension="Supplemental Data Elements"
                   root="6D1E65EF-74FB-4063-84A6-C98D6A5DF848"/>
               <code code="SDE" codeSystem="2.16.840.1.113883.5.4" codeSystemName="Act Code"/>
               <precondition typeCode="PRCN">
                  <criteriaReference classCode="OBS" moodCode="EVN">
                     <id extension="JEK_AT_HormonalTherapyforBreastCancerPatientswithinOneYearofDiagnosis.&quot;SDE Sex&quot;"
                         root="784B0DB6-4EA7-4C8B-8953-0A70DF17DDC9"/>
                  </criteriaReference>
               </precondition>
            </cql-ext:supplementalDataElement>
         </component>
         <component typeCode="COMP">
            <cql-ext:supplementalDataElement>
               <id extension="Supplemental Data Elements"
                   root="ECBD46D7-A308-439F-8CEA-9D39D612738E"/>
               <code code="SDE" codeSystem="2.16.840.1.113883.5.4" codeSystemName="Act Code"/>
               <precondition typeCode="PRCN">
                  <criteriaReference classCode="OBS" moodCode="EVN">
                     <id extension="JEK_AT_HormonalTherapyforBreastCancerPatientswithinOneYearofDiagnosis.&quot;Actionability&quot;"
                         root="784B0DB6-4EA7-4C8B-8953-0A70DF17DDC9"/>
                  </criteriaReference>
               </precondition>
            </cql-ext:supplementalDataElement>
         </component>
         <component typeCode="COMP">
            <cql-ext:supplementalDataElement>
               <id extension="Supplemental Data Elements"
                   root="5818953E-3BDC-4941-94D2-F5A009EC6371"/>
               <code code="SDE" codeSystem="2.16.840.1.113883.5.4" codeSystemName="Act Code"/>
               <precondition typeCode="PRCN">
                  <criteriaReference classCode="OBS" moodCode="EVN">
                     <id extension="JEK_AT_HormonalTherapyforBreastCancerPatientswithinOneYearofDiagnosis.&quot;Actionability End Date&quot;"
                         root="784B0DB6-4EA7-4C8B-8953-0A70DF17DDC9"/>
                  </criteriaReference>
               </precondition>
            </cql-ext:supplementalDataElement>
         </component>
         <component typeCode="COMP">
            <cql-ext:supplementalDataElement>
               <id extension="Supplemental Data Elements"
                   root="E51FF28A-6158-4487-A411-87FC670E61CD"/>
               <code code="SDE" codeSystem="2.16.840.1.113883.5.4" codeSystemName="Act Code"/>
               <precondition typeCode="PRCN">
                  <criteriaReference classCode="OBS" moodCode="EVN">
                     <id extension="JEK_AT_HormonalTherapyforBreastCancerPatientswithinOneYearofDiagnosis.&quot;Patient Gender Female&quot;"
                         root="784B0DB6-4EA7-4C8B-8953-0A70DF17DDC9"/>
                  </criteriaReference>
               </precondition>
            </cql-ext:supplementalDataElement>
         </component>
         <component typeCode="COMP">
            <cql-ext:supplementalDataElement>
               <id extension="Supplemental Data Elements"
                   root="583B6C34-F050-45E5-B354-8992008FDAB8"/>
               <code code="SDE" codeSystem="2.16.840.1.113883.5.4" codeSystemName="Act Code"/>
               <precondition typeCode="PRCN">
                  <criteriaReference classCode="OBS" moodCode="EVN">
                     <id extension="JEK_AT_HormonalTherapyforBreastCancerPatientswithinOneYearofDiagnosis.&quot;Estrogen Receptor or Progesterone Receptor Result Positive&quot;"
                         root="784B0DB6-4EA7-4C8B-8953-0A70DF17DDC9"/>
                  </criteriaReference>
               </precondition>
            </cql-ext:supplementalDataElement>
         </component>
         <component typeCode="COMP">
            <cql-ext:supplementalDataElement>
               <id extension="Supplemental Data Elements"
                   root="72553EA2-1C89-49FC-BFFE-F658088BA6CD"/>
               <code code="SDE" codeSystem="2.16.840.1.113883.5.4" codeSystemName="Act Code"/>
               <precondition typeCode="PRCN">
                  <criteriaReference classCode="OBS" moodCode="EVN">
                     <id extension="JEK_AT_HormonalTherapyforBreastCancerPatientswithinOneYearofDiagnosis.&quot;First Breast Cancer Diagnosis&quot;"
                         root="784B0DB6-4EA7-4C8B-8953-0A70DF17DDC9"/>
                  </criteriaReference>
               </precondition>
            </cql-ext:supplementalDataElement>
         </component>
         <component typeCode="COMP">
            <cql-ext:supplementalDataElement>
               <id extension="Supplemental Data Elements"
                   root="A08F459B-AA0B-4025-AF38-89738F2A4BE8"/>
               <code code="SDE" codeSystem="2.16.840.1.113883.5.4" codeSystemName="Act Code"/>
               <precondition typeCode="PRCN">
                  <criteriaReference classCode="OBS" moodCode="EVN">
                     <id extension="JEK_AT_HormonalTherapyforBreastCancerPatientswithinOneYearofDiagnosis.&quot;Office Visit Count Greater than or Equal to 2&quot;"
                         root="784B0DB6-4EA7-4C8B-8953-0A70DF17DDC9"/>
                  </criteriaReference>
               </precondition>
            </cql-ext:supplementalDataElement>
         </component>
         <component typeCode="COMP">
            <cql-ext:supplementalDataElement>
               <id extension="Supplemental Data Elements"
                   root="5283080A-1584-47EF-80F6-A5FBB9FEA8EF"/>
               <code code="SDE" codeSystem="2.16.840.1.113883.5.4" codeSystemName="Act Code"/>
               <precondition typeCode="PRCN">
                  <criteriaReference classCode="OBS" moodCode="EVN">
                     <id extension="JEK_AT_HormonalTherapyforBreastCancerPatientswithinOneYearofDiagnosis.&quot;Initial Population&quot;"
                         root="784B0DB6-4EA7-4C8B-8953-0A70DF17DDC9"/>
                  </criteriaReference>
               </precondition>
            </cql-ext:supplementalDataElement>
         </component>
         <component typeCode="COMP">
            <cql-ext:supplementalDataElement>
               <id extension="Supplemental Data Elements"
                   root="543A8906-07E5-4D34-84D0-271BD686EE02"/>
               <code code="SDE" codeSystem="2.16.840.1.113883.5.4" codeSystemName="Act Code"/>
               <precondition typeCode="PRCN">
                  <criteriaReference classCode="OBS" moodCode="EVN">
                     <id extension="JEK_AT_HormonalTherapyforBreastCancerPatientswithinOneYearofDiagnosis.&quot;Patient Age 18 Years or Older&quot;"
                         root="784B0DB6-4EA7-4C8B-8953-0A70DF17DDC9"/>
                  </criteriaReference>
               </precondition>
            </cql-ext:supplementalDataElement>
         </component>
         <component typeCode="COMP">
            <cql-ext:supplementalDataElement>
               <id extension="Supplemental Data Elements"
                   root="6990CA47-146F-45E1-AF5D-BBD3A7BDA7A9"/>
               <code code="SDE" codeSystem="2.16.840.1.113883.5.4" codeSystemName="Act Code"/>
               <precondition typeCode="PRCN">
                  <criteriaReference classCode="OBS" moodCode="EVN">
                     <id extension="JEK_AT_HormonalTherapyforBreastCancerPatientswithinOneYearofDiagnosis.&quot;Patient Expired&quot;"
                         root="784B0DB6-4EA7-4C8B-8953-0A70DF17DDC9"/>
                  </criteriaReference>
               </precondition>
            </cql-ext:supplementalDataElement>
         </component>
         <component typeCode="COMP">
            <cql-ext:supplementalDataElement>
               <id extension="Supplemental Data Elements"
                   root="605B5119-D1E5-40F7-95C2-3BEE2B797502"/>
               <code code="SDE" codeSystem="2.16.840.1.113883.5.4" codeSystemName="Act Code"/>
               <precondition typeCode="PRCN">
                  <criteriaReference classCode="OBS" moodCode="EVN">
                     <id extension="JEK_AT_HormonalTherapyforBreastCancerPatientswithinOneYearofDiagnosis.&quot;Stage M0&quot;"
                         root="784B0DB6-4EA7-4C8B-8953-0A70DF17DDC9"/>
                  </criteriaReference>
               </precondition>
            </cql-ext:supplementalDataElement>
         </component>
         <component typeCode="COMP">
            <cql-ext:supplementalDataElement>
               <id extension="Supplemental Data Elements"
                   root="103FD2E2-665A-479A-9D4B-1C5DE0D3A174"/>
               <code code="SDE" codeSystem="2.16.840.1.113883.5.4" codeSystemName="Act Code"/>
               <precondition typeCode="PRCN">
                  <criteriaReference classCode="OBS" moodCode="EVN">
                     <id extension="JEK_AT_HormonalTherapyforBreastCancerPatientswithinOneYearofDiagnosis.&quot;Stage N0-N2&quot;"
                         root="784B0DB6-4EA7-4C8B-8953-0A70DF17DDC9"/>
                  </criteriaReference>
               </precondition>
            </cql-ext:supplementalDataElement>
         </component>
         <component typeCode="COMP">
            <cql-ext:supplementalDataElement>
               <id extension="Supplemental Data Elements"
                   root="09C9AB62-F9F4-473A-A0DA-46C04289C474"/>
               <code code="SDE" codeSystem="2.16.840.1.113883.5.4" codeSystemName="Act Code"/>
               <precondition typeCode="PRCN">
                  <criteriaReference classCode="OBS" moodCode="EVN">
                     <id extension="JEK_AT_HormonalTherapyforBreastCancerPatientswithinOneYearofDiagnosis.&quot;Stage N3&quot;"
                         root="784B0DB6-4EA7-4C8B-8953-0A70DF17DDC9"/>
                  </criteriaReference>
               </precondition>
            </cql-ext:supplementalDataElement>
         </component>
         <component typeCode="COMP">
            <cql-ext:supplementalDataElement>
               <id extension="Supplemental Data Elements"
                   root="7DD08764-B923-4E06-AC84-6FD3035137B3"/>
               <code code="SDE" codeSystem="2.16.840.1.113883.5.4" codeSystemName="Act Code"/>
               <precondition typeCode="PRCN">
                  <criteriaReference classCode="OBS" moodCode="EVN">
                     <id extension="JEK_AT_HormonalTherapyforBreastCancerPatientswithinOneYearofDiagnosis.&quot;Stage IA&quot;"
                         root="784B0DB6-4EA7-4C8B-8953-0A70DF17DDC9"/>
                  </criteriaReference>
               </precondition>
            </cql-ext:supplementalDataElement>
         </component>
         <component typeCode="COMP">
            <cql-ext:supplementalDataElement>
               <id extension="Supplemental Data Elements"
                   root="BCE1793E-7C77-48B2-A5EB-BD4BD8712E90"/>
               <code code="SDE" codeSystem="2.16.840.1.113883.5.4" codeSystemName="Act Code"/>
               <precondition typeCode="PRCN">
                  <criteriaReference classCode="OBS" moodCode="EVN">
                     <id extension="JEK_AT_HormonalTherapyforBreastCancerPatientswithinOneYearofDiagnosis.&quot;Stage N1-N2&quot;"
                         root="784B0DB6-4EA7-4C8B-8953-0A70DF17DDC9"/>
                  </criteriaReference>
               </precondition>
            </cql-ext:supplementalDataElement>
         </component>
         <component typeCode="COMP">
            <cql-ext:supplementalDataElement>
               <id extension="Supplemental Data Elements"
                   root="6D59D091-4010-4D82-AC12-54593FDD9099"/>
               <code code="SDE" codeSystem="2.16.840.1.113883.5.4" codeSystemName="Act Code"/>
               <precondition typeCode="PRCN">
                  <criteriaReference classCode="OBS" moodCode="EVN">
                     <id extension="JEK_AT_HormonalTherapyforBreastCancerPatientswithinOneYearofDiagnosis.&quot;Stage IB-IIIC&quot;"
                         root="784B0DB6-4EA7-4C8B-8953-0A70DF17DDC9"/>
                  </criteriaReference>
               </precondition>
            </cql-ext:supplementalDataElement>
         </component>
         <component typeCode="COMP">
            <cql-ext:supplementalDataElement>
               <id extension="Supplemental Data Elements"
                   root="330453E5-091C-491C-A585-A93F555E3D66"/>
               <code code="SDE" codeSystem="2.16.840.1.113883.5.4" codeSystemName="Act Code"/>
               <precondition typeCode="PRCN">
                  <criteriaReference classCode="OBS" moodCode="EVN">
                     <id extension="JEK_AT_HormonalTherapyforBreastCancerPatientswithinOneYearofDiagnosis.&quot;Stage T2-T4 and N0-N2&quot;"
                         root="784B0DB6-4EA7-4C8B-8953-0A70DF17DDC9"/>
                  </criteriaReference>
               </precondition>
            </cql-ext:supplementalDataElement>
         </component>
         <component typeCode="COMP">
            <cql-ext:supplementalDataElement>
               <id extension="Supplemental Data Elements"
                   root="E8E7D620-6CD0-4DBC-B10C-2554581210FD"/>
               <code code="SDE" codeSystem="2.16.840.1.113883.5.4" codeSystemName="Act Code"/>
               <precondition typeCode="PRCN">
                  <criteriaReference classCode="OBS" moodCode="EVN">
                     <id extension="JEK_AT_HormonalTherapyforBreastCancerPatientswithinOneYearofDiagnosis.&quot;Stage T0-T1c&quot;"
                         root="784B0DB6-4EA7-4C8B-8953-0A70DF17DDC9"/>
                  </criteriaReference>
               </precondition>
            </cql-ext:supplementalDataElement>
         </component>
         <component typeCode="COMP">
            <cql-ext:supplementalDataElement>
               <id extension="Supplemental Data Elements"
                   root="E3CD22D9-55DF-4CB3-8CAA-D1CC92828336"/>
               <code code="SDE" codeSystem="2.16.840.1.113883.5.4" codeSystemName="Act Code"/>
               <precondition typeCode="PRCN">
                  <criteriaReference classCode="OBS" moodCode="EVN">
                     <id extension="JEK_AT_HormonalTherapyforBreastCancerPatientswithinOneYearofDiagnosis.&quot;Stage T0-T1c and Stage N1-N2&quot;"
                         root="784B0DB6-4EA7-4C8B-8953-0A70DF17DDC9"/>
                  </criteriaReference>
               </precondition>
            </cql-ext:supplementalDataElement>
         </component>
         <component typeCode="COMP">
            <cql-ext:supplementalDataElement>
               <id extension="Supplemental Data Elements"
                   root="1678FDD7-B4C4-4BC3-88D7-4C74C96A0EE0"/>
               <code code="SDE" codeSystem="2.16.840.1.113883.5.4" codeSystemName="Act Code"/>
               <precondition typeCode="PRCN">
                  <criteriaReference classCode="OBS" moodCode="EVN">
                     <id extension="JEK_AT_HormonalTherapyforBreastCancerPatientswithinOneYearofDiagnosis.&quot;Stage T1c&quot;"
                         root="784B0DB6-4EA7-4C8B-8953-0A70DF17DDC9"/>
                  </criteriaReference>
               </precondition>
            </cql-ext:supplementalDataElement>
         </component>
         <component typeCode="COMP">
            <cql-ext:supplementalDataElement>
               <id extension="Supplemental Data Elements"
                   root="0768D864-1E23-4A27-805D-CA69C5D3150D"/>
               <code code="SDE" codeSystem="2.16.840.1.113883.5.4" codeSystemName="Act Code"/>
               <precondition typeCode="PRCN">
                  <criteriaReference classCode="OBS" moodCode="EVN">
                     <id extension="JEK_AT_HormonalTherapyforBreastCancerPatientswithinOneYearofDiagnosis.&quot;Stage T1c and Stage IA&quot;"
                         root="784B0DB6-4EA7-4C8B-8953-0A70DF17DDC9"/>
                  </criteriaReference>
               </precondition>
            </cql-ext:supplementalDataElement>
         </component>
         <component typeCode="COMP">
            <cql-ext:supplementalDataElement>
               <id extension="Supplemental Data Elements"
                   root="4016EEE7-B583-4C98-BDB0-D5C4D97CE623"/>
               <code code="SDE" codeSystem="2.16.840.1.113883.5.4" codeSystemName="Act Code"/>
               <precondition typeCode="PRCN">
                  <criteriaReference classCode="OBS" moodCode="EVN">
                     <id extension="JEK_AT_HormonalTherapyforBreastCancerPatientswithinOneYearofDiagnosis.&quot;Stage T2-T4&quot;"
                         root="784B0DB6-4EA7-4C8B-8953-0A70DF17DDC9"/>
                  </criteriaReference>
               </precondition>
            </cql-ext:supplementalDataElement>
         </component>
         <component typeCode="COMP">
            <cql-ext:supplementalDataElement>
               <id extension="Supplemental Data Elements"
                   root="EE3C2B3E-1F51-4845-8186-11D5E1AB603C"/>
               <code code="SDE" codeSystem="2.16.840.1.113883.5.4" codeSystemName="Act Code"/>
               <precondition typeCode="PRCN">
                  <criteriaReference classCode="OBS" moodCode="EVN">
                     <id extension="JEK_AT_HormonalTherapyforBreastCancerPatientswithinOneYearofDiagnosis.&quot;Stage N3 or Stage T0-T1c and Stage N1-N2 or Stage T2-T4 and N0-N2&quot;"
                         root="784B0DB6-4EA7-4C8B-8953-0A70DF17DDC9"/>
                  </criteriaReference>
               </precondition>
            </cql-ext:supplementalDataElement>
         </component>
         <component typeCode="COMP">
            <cql-ext:supplementalDataElement>
               <id extension="Supplemental Data Elements"
                   root="4ACB892D-F13E-4D9B-BD88-426F3780DB17"/>
               <code code="SDE" codeSystem="2.16.840.1.113883.5.4" codeSystemName="Act Code"/>
               <precondition typeCode="PRCN">
                  <criteriaReference classCode="OBS" moodCode="EVN">
                     <id extension="JEK_AT_HormonalTherapyforBreastCancerPatientswithinOneYearofDiagnosis.&quot;Stage T2-T4 and Stage N0-N2&quot;"
                         root="784B0DB6-4EA7-4C8B-8953-0A70DF17DDC9"/>
                  </criteriaReference>
               </precondition>
            </cql-ext:supplementalDataElement>
         </component>
         <component typeCode="COMP">
            <cql-ext:supplementalDataElement>
               <id extension="Supplemental Data Elements"
                   root="F95651DC-FF1C-4D6C-8043-0C5F6D588251"/>
               <code code="SDE" codeSystem="2.16.840.1.113883.5.4" codeSystemName="Act Code"/>
               <precondition typeCode="PRCN">
                  <criteriaReference classCode="OBS" moodCode="EVN">
                     <id extension="JEK_AT_HormonalTherapyforBreastCancerPatientswithinOneYearofDiagnosis.&quot;Actionability Start Date&quot;"
                         root="784B0DB6-4EA7-4C8B-8953-0A70DF17DDC9"/>
                  </criteriaReference>
               </precondition>
            </cql-ext:supplementalDataElement>
         </component>
         <component typeCode="COMP">
            <cql-ext:supplementalDataElement>
               <id extension="Supplemental Data Elements"
                   root="1E9B91E7-7A35-406B-9EB7-A1AA3776C71F"/>
               <code code="SDE" codeSystem="2.16.840.1.113883.5.4" codeSystemName="Act Code"/>
               <precondition typeCode="PRCN">
                  <criteriaReference classCode="OBS" moodCode="EVN">
                     <id extension="JEK_AT_HormonalTherapyforBreastCancerPatientswithinOneYearofDiagnosis.&quot;Denominator&quot;"
                         root="784B0DB6-4EA7-4C8B-8953-0A70DF17DDC9"/>
                  </criteriaReference>
               </precondition>
            </cql-ext:supplementalDataElement>
         </component>
         <component typeCode="COMP">
            <cql-ext:supplementalDataElement>
               <id extension="Supplemental Data Elements"
                   root="AFD14914-0536-4639-934C-C3250E751054"/>
               <code code="SDE" codeSystem="2.16.840.1.113883.5.4" codeSystemName="Act Code"/>
               <precondition typeCode="PRCN">
                  <criteriaReference classCode="OBS" moodCode="EVN">
                     <id extension="JEK_AT_HormonalTherapyforBreastCancerPatientswithinOneYearofDiagnosis.&quot;Tamoxifen or AITI Administered 365 days or less after First Breast Cancer Diagnosis&quot;"
                         root="784B0DB6-4EA7-4C8B-8953-0A70DF17DDC9"/>
                  </criteriaReference>
               </precondition>
            </cql-ext:supplementalDataElement>
         </component>
         <component typeCode="COMP">
            <cql-ext:supplementalDataElement>
               <id extension="Supplemental Data Elements"
                   root="633C9CF6-912F-424D-90E5-DECEDCADE268"/>
               <code code="SDE" codeSystem="2.16.840.1.113883.5.4" codeSystemName="Act Code"/>
               <precondition typeCode="PRCN">
                  <criteriaReference classCode="OBS" moodCode="EVN">
                     <id extension="JEK_AT_HormonalTherapyforBreastCancerPatientswithinOneYearofDiagnosis.&quot;Tamoxifen or AITI Ordered 365 days or less after First Breast Cancer Diagnosis&quot;"
                         root="784B0DB6-4EA7-4C8B-8953-0A70DF17DDC9"/>
                  </criteriaReference>
               </precondition>
            </cql-ext:supplementalDataElement>
         </component>
         <component typeCode="COMP">
            <cql-ext:supplementalDataElement>
               <id extension="Supplemental Data Elements"
                   root="D35A9C59-72F9-46CC-AA67-0FD69499194A"/>
               <code code="SDE" codeSystem="2.16.840.1.113883.5.4" codeSystemName="Act Code"/>
               <precondition typeCode="PRCN">
                  <criteriaReference classCode="OBS" moodCode="EVN">
                     <id extension="JEK_AT_HormonalTherapyforBreastCancerPatientswithinOneYearofDiagnosis.&quot;Clinical-Trial Participant&quot;"
                         root="784B0DB6-4EA7-4C8B-8953-0A70DF17DDC9"/>
                  </criteriaReference>
               </precondition>
            </cql-ext:supplementalDataElement>
         </component>
         <component typeCode="COMP">
            <cql-ext:supplementalDataElement>
               <id extension="Supplemental Data Elements"
                   root="DB9C817E-08E0-449F-AF7E-EB68A06447E4"/>
               <code code="SDE" codeSystem="2.16.840.1.113883.5.4" codeSystemName="Act Code"/>
               <precondition typeCode="PRCN">
                  <criteriaReference classCode="OBS" moodCode="EVN">
                     <id extension="JEK_AT_HormonalTherapyforBreastCancerPatientswithinOneYearofDiagnosis.&quot;Reasons Tamoxifen or AITI Not Ordered after First Breast Cancer Diagnosis&quot;"
                         root="784B0DB6-4EA7-4C8B-8953-0A70DF17DDC9"/>
                  </criteriaReference>
               </precondition>
            </cql-ext:supplementalDataElement>
         </component>
         <component typeCode="COMP">
            <cql-ext:supplementalDataElement>
               <id extension="Supplemental Data Elements"
                   root="279635CD-EBAB-4AC6-8F4F-EE2F7F7C3B47"/>
               <code code="SDE" codeSystem="2.16.840.1.113883.5.4" codeSystemName="Act Code"/>
               <precondition typeCode="PRCN">
                  <criteriaReference classCode="OBS" moodCode="EVN">
                     <id extension="JEK_AT_HormonalTherapyforBreastCancerPatientswithinOneYearofDiagnosis.&quot;Denominator Exceptions&quot;"
                         root="784B0DB6-4EA7-4C8B-8953-0A70DF17DDC9"/>
                  </criteriaReference>
               </precondition>
            </cql-ext:supplementalDataElement>
         </component>
         <component typeCode="COMP">
            <cql-ext:supplementalDataElement>
               <id extension="Supplemental Data Elements"
                   root="3A286924-5BE4-499A-8770-A07E0E386D31"/>
               <code code="SDE" codeSystem="2.16.840.1.113883.5.4" codeSystemName="Act Code"/>
               <precondition typeCode="PRCN">
                  <criteriaReference classCode="OBS" moodCode="EVN">
                     <id extension="JEK_AT_HormonalTherapyforBreastCancerPatientswithinOneYearofDiagnosis.&quot;Stage M0 with Stage N3 or Stage T0-T1c and Stage N1-N2 or Stage T2-T4 and N0-N2&quot;"
                         root="784B0DB6-4EA7-4C8B-8953-0A70DF17DDC9"/>
                  </criteriaReference>
               </precondition>
            </cql-ext:supplementalDataElement>
         </component>
         <component typeCode="COMP">
            <cql-ext:supplementalDataElement>
               <id extension="Supplemental Data Elements"
                   root="618D8F72-AF5B-4061-B588-C9D5C89C1D48"/>
               <code code="SDE" codeSystem="2.16.840.1.113883.5.4" codeSystemName="Act Code"/>
               <precondition typeCode="PRCN">
                  <criteriaReference classCode="OBS" moodCode="EVN">
                     <id extension="JEK_AT_HormonalTherapyforBreastCancerPatientswithinOneYearofDiagnosis.&quot;Cancer Stage&quot;"
                         root="784B0DB6-4EA7-4C8B-8953-0A70DF17DDC9"/>
                  </criteriaReference>
               </precondition>
            </cql-ext:supplementalDataElement>
         </component>
         <component typeCode="COMP">
            <cql-ext:supplementalDataElement>
               <id extension="Supplemental Data Elements"
                   root="A382DCD1-1766-43ED-930E-714B0D8E6D46"/>
               <code code="SDE" codeSystem="2.16.840.1.113883.5.4" codeSystemName="Act Code"/>
               <precondition typeCode="PRCN">
                  <criteriaReference classCode="OBS" moodCode="EVN">
                     <id extension="JEK_AT_HormonalTherapyforBreastCancerPatientswithinOneYearofDiagnosis.&quot;Hormonal Therapy Initiated or Alternative Therapy Received&quot;"
                         root="784B0DB6-4EA7-4C8B-8953-0A70DF17DDC9"/>
                  </criteriaReference>
               </precondition>
            </cql-ext:supplementalDataElement>
         </component>
         <component typeCode="COMP">
            <cql-ext:supplementalDataElement>
               <id extension="Supplemental Data Elements"
                   root="188DF793-D73A-4704-BFE9-66364A790FAB"/>
               <code code="SDE" codeSystem="2.16.840.1.113883.5.4" codeSystemName="Act Code"/>
               <precondition typeCode="PRCN">
                  <criteriaReference classCode="OBS" moodCode="EVN">
                     <id extension="JEK_AT_HormonalTherapyforBreastCancerPatientswithinOneYearofDiagnosis.&quot;Numerator&quot;"
                         root="784B0DB6-4EA7-4C8B-8953-0A70DF17DDC9"/>
                  </criteriaReference>
               </precondition>
            </cql-ext:supplementalDataElement>
         </component>
      </populationCriteriaSection>
   </component>
</QualityMeasureDocument>