<?xml version="1.0" encoding="UTF-8" standalone="yes"?>
<QualityMeasureDocument xmlns="urn:hl7-org:v3" xmlns:cql-ext="urn:hhs-cql:hqmf-n1-extensions:v1"
                        xmlns:xsi="http://www.w3.org/2001/XMLSchema-instance">

      <!--
            **************************************************************
            Measure Details Section
            **************************************************************
        -->

      <typeId extension="POQM_HD000001UV02" root="2.16.840.1.113883.1.3"/>
   <templateId>
      <item extension="2019-05-01" root="2.16.840.1.113883.10.20.28.1.2"/>
   </templateId>
   <id root="2c928082-7871-00de-0178-88f06b5a04b5"/>
   <code code="57024-2" codeSystem="2.16.840.1.113883.6.1">
      <displayName value="Health Quality Measure Document"/>
   </code>
   <title value="Venous Thromboembolism Prophylaxis"/>
   <text
         value="This measure assesses the number of patients who received VTE prophylaxis or have documentation why no VTE prophylaxis was given between the day of arrival to the day after hospital admission or surgery end date for surgeries that start the day of or the day after hospital admission"/>
   <statusCode code="COMPLETED"/>
   <setId root="38b0b5ec-0f63-466f-8fe3-2cd20ddd1622"/>
   <versionNumber value="10.2.000"/>
   <author>
      <responsibleParty classCode="ASSIGNED">
         <representedResponsibleOrganization classCode="ORG" determinerCode="INSTANCE">
            <id>
               <item root="1.3.6.1.4.1.33895"/>
            </id>
            <name>
               <item>
                  <part value="The Joint Commission"/>
               </item>
            </name>
         </representedResponsibleOrganization>
      </responsibleParty>
   </author>
   <custodian>
      <responsibleParty classCode="ASSIGNED">
         <representedResponsibleOrganization classCode="ORG" determinerCode="INSTANCE">
            <id>
               <item root="5"/>
            </id>
            <name>
               <item>
                  <part value="The Joint Commission"/>
               </item>
            </name>
         </representedResponsibleOrganization>
      </responsibleParty>
   </custodian>
   <!--Venous foot pumps (VFP)-->
     	 <definition>
      <valueSet classCode="OBS" moodCode="DEF">
         <id root="2.16.840.1.113883.3.117.1.7.1.230"/>
         <title value="Venous foot pumps (VFP)"/>
      </valueSet>
   </definition>
   <!--ONC Administrative Sex-->
     	 <definition>
      <valueSet classCode="OBS" moodCode="DEF">
         <id root="2.16.840.1.113762.1.4.1"/>
         <title value="ONC Administrative Sex"/>
      </valueSet>
   </definition>
   <!--Direct Thrombin Inhibitor-->
     	 <definition>
      <valueSet classCode="OBS" moodCode="DEF">
         <id root="2.16.840.1.113883.3.117.1.7.1.205"/>
         <title value="Direct Thrombin Inhibitor"/>
      </valueSet>
   </definition>
   <!--General or Neuraxial Anesthesia-->
     	 <definition>
      <valueSet classCode="OBS" moodCode="DEF">
         <id root="2.16.840.1.113883.3.666.5.1743"/>
         <title value="General or Neuraxial Anesthesia"/>
      </valueSet>
   </definition>
   <!--Unfractionated Heparin-->
     	 <definition>
      <valueSet classCode="OBS" moodCode="DEF">
         <id root="2.16.840.1.113883.3.117.1.7.1.218"/>
         <title value="Unfractionated Heparin"/>
      </valueSet>
   </definition>
   <!--Rivaroxaban for VTE Prophylaxis-->
     	 <definition>
      <valueSet classCode="OBS" moodCode="DEF">
         <id root="2.16.840.1.113762.1.4.1110.50"/>
         <title value="Rivaroxaban for VTE Prophylaxis"/>
      </valueSet>
   </definition>
   <!--Emergency Department Visit-->
     	 <definition>
      <valueSet classCode="OBS" moodCode="DEF">
         <id root="2.16.840.1.113883.3.117.1.7.1.292"/>
         <title value="Emergency Department Visit"/>
      </valueSet>
   </definition>
   <!--INR-->
     	 <definition>
      <valueSet classCode="OBS" moodCode="DEF">
         <id root="2.16.840.1.113883.3.117.1.7.1.213"/>
         <title value="INR"/>
      </valueSet>
   </definition>
   <!--General Surgery-->
     	 <definition>
      <valueSet classCode="OBS" moodCode="DEF">
         <id root="2.16.840.1.113883.3.117.1.7.1.255"/>
         <title value="General Surgery"/>
      </valueSet>
   </definition>
   <!--Oral Factor Xa Inhibitor for VTE Prophylaxis or VTE Treatment-->
     	 <definition>
      <valueSet classCode="OBS" moodCode="DEF">
         <id root="2.16.840.1.113883.3.117.1.7.1.134"/>
         <title value="Oral Factor Xa Inhibitor for VTE Prophylaxis or VTE Treatment"/>
      </valueSet>
   </definition>
   <!--Venous Thromboembolism-->
     	 <definition>
      <valueSet classCode="OBS" moodCode="DEF">
         <id root="2.16.840.1.113883.3.117.1.7.1.279"/>
         <title value="Venous Thromboembolism"/>
      </valueSet>
   </definition>
   <!--Gynecological Surgery-->
     	 <definition>
      <valueSet classCode="OBS" moodCode="DEF">
         <id root="2.16.840.1.113883.3.117.1.7.1.257"/>
         <title value="Gynecological Surgery"/>
      </valueSet>
   </definition>
   <!--Hip Replacement Surgery-->
     	 <definition>
      <valueSet classCode="OBS" moodCode="DEF">
         <id root="2.16.840.1.113883.3.117.1.7.1.259"/>
         <title value="Hip Replacement Surgery"/>
      </valueSet>
   </definition>
   <!--Race-->
     	 <definition>
      <valueSet classCode="OBS" moodCode="DEF">
         <id root="2.16.840.1.114222.4.11.836"/>
         <title value="Race"/>
      </valueSet>
   </definition>
   <!--Injectable Factor Xa Inhibitor for VTE Prophylaxis-->
     	 <definition>
      <valueSet classCode="OBS" moodCode="DEF">
         <id root="2.16.840.1.113883.3.117.1.7.1.211"/>
         <title value="Injectable Factor Xa Inhibitor for VTE Prophylaxis"/>
      </valueSet>
   </definition>
   <!--Atrial Fibrillation/Flutter-->
     	 <definition>
      <valueSet classCode="OBS" moodCode="DEF">
         <id root="2.16.840.1.113883.3.117.1.7.1.202"/>
         <title value="Atrial Fibrillation/Flutter"/>
      </valueSet>
   </definition>
   <!--Urological Surgery-->
     	 <definition>
      <valueSet classCode="OBS" moodCode="DEF">
         <id root="2.16.840.1.113883.3.117.1.7.1.272"/>
         <title value="Urological Surgery"/>
      </valueSet>
   </definition>
   <!--Payer-->
     	 <definition>
      <valueSet classCode="OBS" moodCode="DEF">
         <id root="2.16.840.1.114222.4.11.3591"/>
         <title value="Payer"/>
      </valueSet>
   </definition>
   <!--Comfort Measures-->
     	 <definition>
      <valueSet classCode="OBS" moodCode="DEF">
         <id root="1.3.6.1.4.1.33895.1.3.0.45"/>
         <title value="Comfort Measures"/>
      </valueSet>
   </definition>
   <!--Intracranial Neurosurgery-->
     	 <definition>
      <valueSet classCode="OBS" moodCode="DEF">
         <id root="2.16.840.1.113883.3.117.1.7.1.260"/>
         <title value="Intracranial Neurosurgery"/>
      </valueSet>
   </definition>
   <!--Knee Replacement Surgery-->
     	 <definition>
      <valueSet classCode="OBS" moodCode="DEF">
         <id root="2.16.840.1.113883.3.117.1.7.1.261"/>
         <title value="Knee Replacement Surgery"/>
      </valueSet>
   </definition>
   <!--Warfarin-->
     	 <definition>
      <valueSet classCode="OBS" moodCode="DEF">
         <id root="2.16.840.1.113883.3.117.1.7.1.232"/>
         <title value="Warfarin"/>
      </valueSet>
   </definition>
   <!--Graduated compression stockings (GCS)-->
     	 <definition>
      <valueSet classCode="OBS" moodCode="DEF">
         <id root="2.16.840.1.113883.3.117.1.7.1.256"/>
         <title value="Graduated compression stockings (GCS)"/>
      </valueSet>
   </definition>
   <!--Observation Services-->
     	 <definition>
      <valueSet classCode="OBS" moodCode="DEF">
         <id root="2.16.840.1.113762.1.4.1111.143"/>
         <title value="Observation Services"/>
      </valueSet>
   </definition>
   <!--Hip Fracture Surgery-->
     	 <definition>
      <valueSet classCode="OBS" moodCode="DEF">
         <id root="2.16.840.1.113883.3.117.1.7.1.258"/>
         <title value="Hip Fracture Surgery"/>
      </valueSet>
   </definition>
   <!--Glycoprotein IIb/IIIa Inhibitors-->
     	 <definition>
      <valueSet classCode="OBS" moodCode="DEF">
         <id root="2.16.840.1.113762.1.4.1045.41"/>
         <title value="Glycoprotein IIb/IIIa Inhibitors"/>
      </valueSet>
   </definition>
   <!--Ethnicity-->
     	 <definition>
      <valueSet classCode="OBS" moodCode="DEF">
         <id root="2.16.840.1.114222.4.11.837"/>
         <title value="Ethnicity"/>
      </valueSet>
   </definition>
   <!--Low Dose Unfractionated Heparin for VTE Prophylaxis-->
     	 <definition>
      <valueSet classCode="OBS" moodCode="DEF">
         <id root="2.16.840.1.113762.1.4.1045.39"/>
         <title value="Low Dose Unfractionated Heparin for VTE Prophylaxis"/>
      </valueSet>
   </definition>
   <!--Low Molecular Weight Heparin for VTE Prophylaxis-->
     	 <definition>
      <valueSet classCode="OBS" moodCode="DEF">
         <id root="2.16.840.1.113883.3.117.1.7.1.219"/>
         <title value="Low Molecular Weight Heparin for VTE Prophylaxis"/>
      </valueSet>
   </definition>
   <!--Encounter Inpatient-->
     	 <definition>
      <valueSet classCode="OBS" moodCode="DEF">
         <id root="2.16.840.1.113883.3.666.5.307"/>
         <title value="Encounter Inpatient"/>
      </valueSet>
   </definition>
   <!--Intermittent pneumatic compression devices (IPC)-->
     	 <definition>
      <valueSet classCode="OBS" moodCode="DEF">
         <id root="2.16.840.1.113883.3.117.1.7.1.214"/>
         <title value="Intermittent pneumatic compression devices (IPC)"/>
      </valueSet>
   </definition>
   <!--Subcutaneous route-->
     	 <definition>
      <valueSet classCode="OBS" moodCode="DEF">
         <id root="2.16.840.1.113883.3.117.1.7.1.223"/>
         <title value="Subcutaneous route"/>
      </valueSet>
   </definition>
   <!--Intravenous route-->
     	 <definition>
      <valueSet classCode="OBS" moodCode="DEF">
         <id root="2.16.840.1.113883.3.117.1.7.1.222"/>
         <title value="Intravenous route"/>
      </valueSet>
   </definition>
   <!--Obstetrics-->
     	 <definition>
      <valueSet classCode="OBS" moodCode="DEF">
         <id root="2.16.840.1.113883.3.117.1.7.1.263"/>
         <title value="Obstetrics"/>
      </valueSet>
   </definition>
   <!--Mental Health Diagnoses-->
     	 <definition>
      <valueSet classCode="OBS" moodCode="DEF">
         <id root="2.16.840.1.113883.3.464.1003.105.12.1004"/>
         <title value="Mental Health Diagnoses"/>
      </valueSet>
   </definition>
   <!--Intensive Care Unit-->
     	 <definition>
      <valueSet classCode="OBS" moodCode="DEF">
         <id root="2.16.840.1.113762.1.4.1029.206"/>
         <title value="Intensive Care Unit"/>
      </valueSet>
   </definition>
   <!--Ischemic Stroke-->
     	 <definition>
      <valueSet classCode="OBS" moodCode="DEF">
         <id root="2.16.840.1.113883.3.117.1.7.1.247"/>
         <title value="Ischemic Stroke"/>
      </valueSet>
   </definition>
   <!--Hemorrhagic Stroke-->
     	 <definition>
      <valueSet classCode="OBS" moodCode="DEF">
         <id root="2.16.840.1.113883.3.117.1.7.1.212"/>
         <title value="Hemorrhagic Stroke"/>
      </valueSet>
   </definition>
   <!--Medical Reason-->
     	 <definition>
      <valueSet classCode="OBS" moodCode="DEF">
         <id root="2.16.840.1.113883.3.117.1.7.1.473"/>
         <title value="Medical Reason"/>
      </valueSet>
   </definition>
   <!--Patient Refusal-->
     	 <definition>
      <valueSet classCode="OBS" moodCode="DEF">
         <id root="2.16.840.1.113883.3.117.1.7.1.93"/>
         <title value="Patient Refusal"/>
      </valueSet>
   </definition>
   <!--Obstetrics VTE-->
     	 <definition>
      <valueSet classCode="OBS" moodCode="DEF">
         <id root="2.16.840.1.113883.3.117.1.7.1.264"/>
         <title value="Obstetrics VTE"/>
      </valueSet>
   </definition>
   <!--Low Risk-->
     	 <definition>
      <valueSet classCode="OBS" moodCode="DEF">
         <id root="2.16.840.1.113883.3.117.1.7.1.400"/>
         <title value="Low Risk"/>
      </valueSet>
   </definition>
   <!--Risk for venous thromboembolism-CODE:/CodeSystem/LOINC/Version/2.69/Code/72136-5/Info-->
      <definition>
      <cql-ext:code code="72136-5" codeSystem="2.16.840.1.113883.6.1" codeSystemName="LOINC">
         <displayName value="Risk for venous thromboembolism"/>
      </cql-ext:code>
   </definition>
   <!--Birth date-CODE:/CodeSystem/LOINC/Version/2.69/Code/21112-8/Info-->
      <definition>
      <cql-ext:code code="21112-8" codeSystem="2.16.840.1.113883.6.1" codeSystemName="LOINC">
         <displayName value="Birth date"/>
      </cql-ext:code>
   </definition>
   <relatedDocument typeCode="COMP">
      <expressionDocument>
         <id root="81EFC9B0-86E4-49CF-A965-265894D01753"/>
         <text mediaType="text/cql">
            <reference value="https://emeasuretool.cms.gov/libraries/38b0b5ec-0f63-466f-8fe3-2cd20ddd1622/VenousThromboembolismProphylaxis-10.2.000.cql"/>
            <translation mediaType="application/elm+xml">
               <reference value="https://emeasuretool.cms.gov/libraries/38b0b5ec-0f63-466f-8fe3-2cd20ddd1622/VenousThromboembolismProphylaxis-10.2.000.xml"/>
            </translation>
            <translation mediaType="application/elm+json">
               <reference value="https://emeasuretool.cms.gov/libraries/38b0b5ec-0f63-466f-8fe3-2cd20ddd1622/VenousThromboembolismProphylaxis-10.2.000.json"/>
            </translation>
         </text>
         <setId extension="38b0b5ec-0f63-466f-8fe3-2cd20ddd1622"
                identifierName="VenousThromboembolismProphylaxis"
                root="https://emeasuretool.cms.gov/libraries"/>
         <versionNumber value="10.2.000"/>
      </expressionDocument>
   </relatedDocument>
   <relatedDocument typeCode="COMP">
      <expressionDocument>
         <id root="2c928082756f7d21017579d9bf6e0484"/>
         <text mediaType="text/cql">
            <reference value="https://emeasuretool.cms.gov/libraries/8bdc0a19-b210-4a58-8a07-f5d95a34eca9/MATGlobalCommonFunctions-6.2.000.cql"/>
            <translation mediaType="application/elm+xml">
               <reference value="https://emeasuretool.cms.gov/libraries/8bdc0a19-b210-4a58-8a07-f5d95a34eca9/MATGlobalCommonFunctions-6.2.000.xml"/>
            </translation>
            <translation mediaType="application/elm+json">
               <reference value="https://emeasuretool.cms.gov/libraries/8bdc0a19-b210-4a58-8a07-f5d95a34eca9/MATGlobalCommonFunctions-6.2.000.json"/>
            </translation>
         </text>
         <setId extension="8bdc0a19-b210-4a58-8a07-f5d95a34eca9"
                identifierName="MATGlobalCommonFunctions"
                root="https://emeasuretool.cms.gov/libraries"/>
         <versionNumber value="6.2.000"/>
      </expressionDocument>
   </relatedDocument>
   <relatedDocument typeCode="COMP">
      <expressionDocument>
         <id root="2c92808478409a79017841c7da9600b6"/>
         <text mediaType="text/cql">
            <reference value="https://emeasuretool.cms.gov/libraries/75d229d4-0b25-4232-88c9-93675caca343/VTE-5.2.000.cql"/>
            <translation mediaType="application/elm+xml">
               <reference value="https://emeasuretool.cms.gov/libraries/75d229d4-0b25-4232-88c9-93675caca343/VTE-5.2.000.xml"/>
            </translation>
            <translation mediaType="application/elm+json">
               <reference value="https://emeasuretool.cms.gov/libraries/75d229d4-0b25-4232-88c9-93675caca343/VTE-5.2.000.json"/>
            </translation>
         </text>
         <setId extension="75d229d4-0b25-4232-88c9-93675caca343" identifierName="VTE"
                root="https://emeasuretool.cms.gov/libraries"/>
         <versionNumber value="5.2.000"/>
      </expressionDocument>
   </relatedDocument>
   <relatedDocument typeCode="COMP">
      <expressionDocument>
         <id root="2c92808478409a79017841e2dfae00f6"/>
         <text mediaType="text/cql">
            <reference value="https://emeasuretool.cms.gov/libraries/d838ba65-b0cf-4494-a10f-8e4565b85137/TJCOverall-5.2.000.cql"/>
            <translation mediaType="application/elm+xml">
               <reference value="https://emeasuretool.cms.gov/libraries/d838ba65-b0cf-4494-a10f-8e4565b85137/TJCOverall-5.2.000.xml"/>
            </translation>
            <translation mediaType="application/elm+json">
               <reference value="https://emeasuretool.cms.gov/libraries/d838ba65-b0cf-4494-a10f-8e4565b85137/TJCOverall-5.2.000.json"/>
            </translation>
         </text>
         <setId extension="d838ba65-b0cf-4494-a10f-8e4565b85137" identifierName="TJCOverall"
                root="https://emeasuretool.cms.gov/libraries"/>
         <versionNumber value="5.2.000"/>
      </expressionDocument>
   </relatedDocument>
   <controlVariable>
      <measurePeriod>
         <id extension="measureperiod" root="76af551d-48d9-4265-97fa-b417aceadda4"/>
         <code code="MSRTP" codeSystem="2.16.840.1.113883.5.4">
            <originalText value="Measurement Period"/>
         </code>
         <value xsi:type="PIVL_TS">
            <phase highClosed="true" lowClosed="true">
               <low value="20210101"/>
               <width unit="a" value="1" xsi:type="PQ"/>
            </phase>
            <period unit="a" value="1"/>
         </value>
      </measurePeriod>
   </controlVariable>
   <subjectOf>
      <measureAttribute>
         <code nullFlavor="OTH">
            <originalText value="eCQM Identifier (Measure Authoring Tool)"/>
         </code>
         <value mediaType="text/plain" value="108" xsi:type="ED"/>
      </measureAttribute>
   </subjectOf>
   <subjectOf>
      <measureAttribute>
         <code nullFlavor="OTH">
            <originalText value="NQF Number"/>
         </code>
         <value mediaType="text/plain" value="Not Applicable" xsi:type="ED"/>
      </measureAttribute>
   </subjectOf>
   <subjectOf>
      <measureAttribute>
         <code code="COPY" codeSystem="2.16.840.1.113883.5.4">
            <displayName value="Copyright"/>
         </code>
         <value mediaType="text/plain"
                value="Measure specifications are in the Public Domain.&#xA;&#xA;LOINC(R) copyright 2004-2020 Regenstrief Institute, Inc. &#xA;&#xA;This material contains SNOMED Clinical Terms(R) (SNOMED CT[R]) copyright 2004-2020 International Health Terminology Standards Development Organization. ICD-10 copyright 2020 World Health Organization. All Rights Reserved."
                xsi:type="ED"/>
      </measureAttribute>
   </subjectOf>
   <subjectOf>
      <measureAttribute>
         <code code="DISC" codeSystem="2.16.840.1.113883.5.4">
            <displayName value="Disclaimer"/>
         </code>
         <value mediaType="text/plain"
                value="These performance measures are not clinical guidelines and do not establish a standard of medical care, and have not been tested for all potential applications. The measures and specifications are provided without warranty."
                xsi:type="ED"/>
      </measureAttribute>
   </subjectOf>
   <subjectOf>
      <measureAttribute>
         <code code="MSRSCORE" codeSystem="2.16.840.1.113883.5.4">
            <displayName value="Measure Scoring"/>
         </code>
         <value code="PROPOR" codeSystem="2.16.840.1.113883.5.1063" xsi:type="CD">
            <displayName value="Proportion"/>
         </value>
      </measureAttribute>
   </subjectOf>
   <subjectOf>
      <measureAttribute>
         <code code="MSRTYPE" codeSystem="2.16.840.1.113883.5.4">
            <displayName value="Measure Type"/>
         </code>
         <value code="PROCESS" codeSystem="2.16.840.1.113883.5.1063" xsi:type="CD">
            <displayName value="PROCESS"/>
         </value>
      </measureAttribute>
   </subjectOf>
   <subjectOf>
      <measureAttribute>
         <code code="STRAT" codeSystem="2.16.840.1.113883.5.4">
            <displayName value="Stratification"/>
         </code>
         <value mediaType="text/plain" value="None" xsi:type="ED"/>
      </measureAttribute>
   </subjectOf>
   <subjectOf>
      <measureAttribute>
         <code code="MSRADJ" codeSystem="2.16.840.1.113883.5.4">
            <displayName value="Risk Adjustment"/>
         </code>
         <value mediaType="text/plain" value="None" xsi:type="ED"/>
      </measureAttribute>
   </subjectOf>
   <subjectOf>
      <measureAttribute>
         <code code="MSRAGG" codeSystem="2.16.840.1.113883.5.4">
            <displayName value="Rate Aggregation"/>
         </code>
         <value mediaType="text/plain" value="None" xsi:type="ED"/>
      </measureAttribute>
   </subjectOf>
   <subjectOf>
      <measureAttribute>
         <code code="RAT" codeSystem="2.16.840.1.113883.5.4">
            <displayName value="Rationale"/>
         </code>
         <value mediaType="text/plain"
                value="Hospitalized patients at high-risk for VTE may develop an asymptomatic deep vein thrombosis (DVT), and die from pulmonary embolism (PE) even before the diagnosis is suspected. The majority of fatal events occur as sudden or abrupt death, underscoring the importance of prevention as the most critical action step for reducing death from PE (Geerts et al., 2008).&#xA;&#xA;The estimated annual incidence of deep-vein thrombosis (DVT) and pulmonary embolism (PE), known collectively as venous thromboembolism (VTE), is approximately 900,000 (Geerts et al., 2008). Approximately two-thirds of cases of DVT or PE are associated with recent hospitalization. This is consistent with the 2001 report by The Agency for Healthcare Research and Quality (AHRQ). AHRQ indicates that &quot;the appropriate application of effective preventive measures in hospitals has major potential for improving patient safety by reducing the incidence of venous thromboembolism&quot; (Shojania et al., 2001).&#xA;&#xA;Despite its proven effectiveness, rates of appropriate thromboprophylaxis remain low in both medical and surgical patients. A recent analysis from the ENDORSE survey, which evaluated prophylaxis rates in 17,084 major surgery patients, found that more than one third of patients at risk for VTE (38%) did not receive prophylaxis and that rates varied by surgery type (Cohen et al., 2008).&#xA;&#xA;In a review of evidence-based patient safety practices, the Agency for Healthcare Research and Quality defined thromboprophylaxis against VTE as the &quot;number one patient safety practice&quot; for hospitalized patients (Shojania et al., 2001). Updated &quot;safe practices&quot; published by the National Quality Forum (NQF) recommend routine evaluation of hospitalized patients for risk of VTE and use of appropriate prophylaxis (National Quality Forum, 2006).&#xA;&#xA;As noted by the ACCP, a vast number of randomized clinical trials provide irrefutable evidence that thromboprophylaxis reduces VTE events, and there are studies that have also shown that fatal PE is prevented by thromboprophylaxis (Geerts et al., 2008).&#xA;&#xA;Some select surgeries have previously been monitored in the Surgical Care Improvement Project; since performance on these surgeries has achieved very high levels, they are not included in this measure."
                xsi:type="ED"/>
      </measureAttribute>
   </subjectOf>
   <subjectOf>
      <measureAttribute>
         <code code="CRS" codeSystem="2.16.840.1.113883.5.4">
            <displayName value="Clinical Recommendation Statement"/>
         </code>
         <value mediaType="text/plain"
                value="Failure to recognize and protect patients at risk for venous thromboembolism (VTE) increases the chances for acutely ill hospitalized patients at high risk for developing a deep vein thrombosis or dying from a pulmonary embolism. Screening all patients is the only evidence based practice in reducing incidence of disease. All hospitalized patients should be evaluated for primary VTE prophylaxis, and given appropriate prophylaxis when indicated."
                xsi:type="ED"/>
      </measureAttribute>
   </subjectOf>
   <subjectOf>
      <measureAttribute>
         <code code="IDUR" codeSystem="2.16.840.1.113883.5.4">
            <displayName value="Improvement Notation"/>
         </code>
         <value mediaType="text/plain" value="Improvement noted as an increase in rate"
                xsi:type="ED"/>
      </measureAttribute>
   </subjectOf>
   <subjectOf>
      <measureAttribute>
         <code code="REF" codeSystem="2.16.840.1.113883.5.4">
            <displayName value="Reference"/>
         </code>
         <value mediaType="text/plain"
                value="CITATIONCohen, A. T., Tapson, V. F., Bergmann, J. F., et al. (2008). Venous thromboembolism risk and prophylaxis in the acute hospital care setting (ENDORSE study): A multinational cross-sectional study. Lancet, 371, 387-394."
                xsi:type="ED"/>
      </measureAttribute>
   </subjectOf>
   <subjectOf>
      <measureAttribute>
         <code code="REF" codeSystem="2.16.840.1.113883.5.4">
            <displayName value="Reference"/>
         </code>
         <value mediaType="text/plain"
                value="CITATIONGeerts, W. H., Bergqvist, D., Pineo, G. F., et al. (2008). Prevention of venous thromboembolism: The Eighth ACCP Conference on Antithrombotic and Thrombolytic Therapy. Chest, 133, 381S-453S."
                xsi:type="ED"/>
      </measureAttribute>
   </subjectOf>
   <subjectOf>
      <measureAttribute>
         <code code="REF" codeSystem="2.16.840.1.113883.5.4">
            <displayName value="Reference"/>
         </code>
         <value mediaType="text/plain"
                value="CITATIONGuyatt, G. H., Akl, E. A., Crowther, M., et al. (2012). Antithrombotic therapy and prevention of thrombosis, 9th edition: American College of Chest Physicians evidence-based clinical practice guidelines. Chest, 141(2 Suppl.), 7S-47S."
                xsi:type="ED"/>
      </measureAttribute>
   </subjectOf>
   <subjectOf>
      <measureAttribute>
         <code code="REF" codeSystem="2.16.840.1.113883.5.4">
            <displayName value="Reference"/>
         </code>
         <value mediaType="text/plain"
                value="CITATIONKearon, C., Akl, E. A., Comerota, A. J., et al. (2012, February). Antithrombotic therapy for VTE disease: Antithrombotic therapy and prevention of thrombosis, 9th edition: American College of Chest Physicians evidence-based clinical practice guidelines. Chest, 141(2 Suppl.), e419S-e494S."
                xsi:type="ED"/>
      </measureAttribute>
   </subjectOf>
   <subjectOf>
      <measureAttribute>
         <code code="REF" codeSystem="2.16.840.1.113883.5.4">
            <displayName value="Reference"/>
         </code>
         <value mediaType="text/plain"
                value="CITATIONNational Quality Forum. (2006). National voluntary consensus standards for prevention and care of venous thromboembolism: Policy, preferred practices, and initial performance measures—A consensus report. Washington, DC: National Quality Forum."
                xsi:type="ED"/>
      </measureAttribute>
   </subjectOf>
   <subjectOf>
      <measureAttribute>
         <code code="REF" codeSystem="2.16.840.1.113883.5.4">
            <displayName value="Reference"/>
         </code>
         <value mediaType="text/plain"
                value="CITATIONShojania, K. G., Duncan, B. W., McDonald, D. M., et al. (eds.). (2001). Making health care safer: A critical analysis of patient safety practices. Evidence Report/Technology Assessment No. 43. Rockville, MD: Agency for Healthcare Research and Quality."
                xsi:type="ED"/>
      </measureAttribute>
   </subjectOf>
   <subjectOf>
      <measureAttribute>
         <code code="REF" codeSystem="2.16.840.1.113883.5.4">
            <displayName value="Reference"/>
         </code>
         <value mediaType="text/plain"
                value="CITATIONAnderson, D. R., Morgano, G. P., Bennett, C., Dentali, F., Francis, C. W., Garcia, D. A., . . . Dahm, P. (2019). American Society of Hematology 2019 guidelines for management of venous thromboembolism: Prevention of venous thromboembolism in surgical hospitalized patients. Blood Advances, 3(23), 3898–3944. doi: 10.1182/bloodadvances.2019000975."
                xsi:type="ED"/>
      </measureAttribute>
   </subjectOf>
   <subjectOf>
      <measureAttribute>
         <code code="DEF" codeSystem="2.16.840.1.113883.5.4">
            <displayName value="Definition"/>
         </code>
         <value mediaType="text/plain" value="None" xsi:type="ED"/>
      </measureAttribute>
   </subjectOf>
   <subjectOf>
      <measureAttribute>
         <code code="GUIDE" codeSystem="2.16.840.1.113883.5.4">
            <displayName value="Guidance"/>
         </code>
         <value mediaType="text/plain"
                value="When low dose unfractionated heparin is administered for VTE Prophylaxis, the intended administration route for low dose unfractionated heparin is subcutaneous.&#xA;&#xA;Reasons for no pharmacological and no mechanical VTE prophylaxis must be explicitly documented by the MD/APN/PA or pharmacist and linked with VTE prophylaxis. Ambulation alone is not a sufficient reason for not administering VTE prophylaxis. In order for ambulation/patient ambulating to be considered as an acceptable reason, there needs to be explicit documentation, e.g., &quot;patient out of bed and ambulating in halls - no VTE prophylaxis needed.&quot;&#xA;&#xA;This eCQM is an episode-based measure. An episode is defined as each inpatient hospitalization or encounter that ends during the measurement period.&#xA;&#xA;This version of the eCQM uses QDM version 5.5. Please refer to the eCQI resource center (https://ecqi.healthit.gov/qdm) for more information on the QDM."
                xsi:type="ED"/>
      </measureAttribute>
   </subjectOf>
   <subjectOf>
      <measureAttribute>
         <code code="TRANF" codeSystem="2.16.840.1.113883.5.4">
            <displayName value="Transmission Format"/>
         </code>
         <value mediaType="text/plain" value="TBD" xsi:type="ED"/>
      </measureAttribute>
   </subjectOf>
   <subjectOf>
      <measureAttribute>
         <code code="IPOP" codeSystem="2.16.840.1.113883.5.4">
            <displayName value="Initial Population"/>
         </code>
         <value mediaType="text/plain"
                value="Inpatient hospitalizations for patients age 18 and older, discharged from hospital inpatient acute care without a diagnosis of venous thromboembolism (VTE) or obstetrics with a length of stay less than or equal to 120 days that ends during the measurement period"
                xsi:type="ED"/>
      </measureAttribute>
   </subjectOf>
   <subjectOf>
      <measureAttribute>
         <code code="DENOM" codeSystem="2.16.840.1.113883.5.4">
            <displayName value="Denominator"/>
         </code>
         <value mediaType="text/plain" value="Initial population" xsi:type="ED"/>
      </measureAttribute>
   </subjectOf>
   <subjectOf>
      <measureAttribute>
         <code code="DENEX" codeSystem="2.16.840.1.113883.5.4">
            <displayName value="Denominator Exclusions"/>
         </code>
         <value mediaType="text/plain"
                value="* Inpatient hospitalizations for patients who have a length of stay less than 2 days&#xA;* Inpatient hospitalizations for patients with comfort measures documented anytime between the day of arrival and the day after hospital admission&#xA;* Inpatient hospitalizations for patients with comfort measures documented by the day after surgery end date for surgeries that start the day of or the day after hospital admission&#xA;* Inpatient hospitalizations for patients who are direct admits to intensive care unit (ICU), or transferred to ICU the day of or the day after hospital admission with ICU length of stay greater than or equal to one day&#xA;* Inpatient hospitalizations for patients with a principal diagnosis of mental disorders or stroke&#xA;* Inpatient hospitalizations for patients with a principal procedure of Surgical Care Improvement Project (SCIP) VTE selected surgeries"
                xsi:type="ED"/>
      </measureAttribute>
   </subjectOf>
   <subjectOf>
      <measureAttribute>
         <code code="NUMER" codeSystem="2.16.840.1.113883.5.4">
            <displayName value="Numerator"/>
         </code>
         <value mediaType="text/plain"
                value="Inpatient hospitalizations for patients who received VTE prophylaxis:&#xA;- between the day of arrival and the day after hospital admission&#xA;- the day of or the day after surgery end date for surgeries that end the day of or the day after hospital admission&#xA;&#xA;Inpatient hospitalizations for patients who have documentation of a reason why no VTE prophylaxis was given:&#xA;- between the day of arrival and the day after hospital admission&#xA;- the day of or the day after surgery end date (for surgeries that end the day of or the day after hospital admission)"
                xsi:type="ED"/>
      </measureAttribute>
   </subjectOf>
   <subjectOf>
      <measureAttribute>
         <code code="NUMEX" codeSystem="2.16.840.1.113883.5.4">
            <displayName value="Numerator Exclusions"/>
         </code>
         <value mediaType="text/plain" value="Not Applicable" xsi:type="ED"/>
      </measureAttribute>
   </subjectOf>
   <subjectOf>
      <measureAttribute>
         <code code="DENEXCEP" codeSystem="2.16.840.1.113883.5.4">
            <displayName value="Denominator Exceptions"/>
         </code>
         <value mediaType="text/plain" value="None" xsi:type="ED"/>
      </measureAttribute>
   </subjectOf>
   <subjectOf>
      <measureAttribute>
         <code code="SDE" codeSystem="2.16.840.1.113883.5.4">
            <displayName value="Supplemental Data Elements"/>
         </code>
         <value mediaType="text/plain"
                value="For every patient evaluated by this measure also identify payer, race, ethnicity and sex"
                xsi:type="ED"/>
      </measureAttribute>
   </subjectOf>
   <componentOf>
      <qualityMeasureSet classCode="ACT">
         <id root="38b0b5ec-0f63-466f-8fe3-2cd20ddd1622"/>
         <title value="eMeasure Venous Thromboembolism (eVTE)"/>
      </qualityMeasureSet>
   </componentOf>
   <!--Data Criteria Section-->
   <component>
      <dataCriteriaSection>
         <templateId>
            <item extension="2019-05-01" root="2.16.840.1.113883.10.20.28.2.6"/>
         </templateId>
         <code code="57025-9" codeSystem="2.16.840.1.113883.6.1"/>
         <title value="Data Criteria Section"/>
         <text/>
         <entry typeCode="DRIV">
            <localVariableName value="Venousfootpumps(VFP)_DeviceApplied_GBBZy"/>
            <procedureCriteria classCode="PROC" moodCode="EVN">
               <templateId>
                  <item extension="2019-05-01" root="2.16.840.1.113883.10.20.28.4.13"/>
               </templateId>
               <id extension="Venousfootpumps(VFP)_DeviceApplied"
                   root="40280381-3d27-5493-013d-4be146945c82"/>
               <code code="360030002" codeSystem="2.16.840.1.113883.6.96">
                  <displayName value="Application of Device"/>
               </code>
               <title value="Device, Applied"/>
               <statusCode code="COMPLETED"/>
			            <participation typeCode="DEV">
                  <role classCode="MANU">
                     <playingDevice classCode="DEV" determinerCode="KIND">
                        <code valueSet="2.16.840.1.113883.3.117.1.7.1.230"/>
                     </playingDevice>
                  </role>
               </participation>
		          </procedureCriteria>
         </entry>
         <entry typeCode="DRIV">
            <localVariableName value="Venousfootpumps(VFP)_DeviceNotApplied_3Ho3o"/>
            <procedureCriteria actionNegationInd="TRUE" classCode="PROC" moodCode="EVN">
               <templateId>
                  <item extension="2019-05-01" root="2.16.840.1.113883.10.20.28.4.13"/>
               </templateId>
               <id extension="Venousfootpumps(VFP)_DeviceNotApplied"
                   root="40280381-3d27-5493-013d-4be146945c82"/>
               <code code="360030002" codeSystem="2.16.840.1.113883.6.96">
                  <displayName value="Application of Device"/>
               </code>
               <title value="Device, Not Applied"/>
               <statusCode code="COMPLETED"/>
			            <participation typeCode="DEV">
                  <role classCode="MANU">
                     <playingDevice classCode="DEV" determinerCode="KIND">
                        <code valueSet="2.16.840.1.113883.3.117.1.7.1.230"/>
                     </playingDevice>
                  </role>
               </participation>
		          </procedureCriteria>
         </entry>
         <entry typeCode="DRIV">
            <localVariableName value="Venousfootpumps(VFP)_DeviceNotOrdered_9hscG"/>
            <supplyCriteria actionNegationInd="TRUE" classCode="SPLY" moodCode="RQO">
               <templateId>
                  <item extension="2019-05-01" root="2.16.840.1.113883.10.20.28.4.15"/>
               </templateId>
               <id extension="Venousfootpumps(VFP)_DeviceNotOrdered"
                   root="40280381-3d27-5493-013d-4be146945c82"/>
               <title value="Device, Not Ordered"/>
               <statusCode code="ACTIVE"/>
			            <participation typeCode="DEV">
                  <role classCode="MANU">
                     <playingDevice classCode="DEV" determinerCode="KIND">
                        <code valueSet="2.16.840.1.113883.3.117.1.7.1.230"/>
                     </playingDevice>
                  </role>
               </participation>
		          </supplyCriteria>
         </entry>
         <entry typeCode="DRIV">
            <localVariableName value="ONCAdministrativeSex_PatientCharacteristicSex_UWo2f"/>
            <observationCriteria classCode="OBS" moodCode="EVN">
               <templateId>
                  <item extension="2017-05-01" root="2.16.840.1.113883.10.20.28.4.55"/>
               </templateId>
               <id extension="ONCAdministrativeSex_PatientCharacteristicSex"
                   root="6cd8f7f9-febb-412e-abe1-97f203452898"/>
               <code code="263495000" codeSystem="2.16.840.1.113883.6.96" codeSystemName="SNOMED CT">
                  <displayName value="Gender"/>
               </code>
               <title value="Patient Characteristic Sex"/>
               <statusCode code="COMPLETED"/>
               <value valueSet="2.16.840.1.113762.1.4.1" xsi:type="CD"/>
            </observationCriteria>
         </entry>
         <entry typeCode="DRIV">
            <localVariableName value="DirectThrombinInhibitor_MedicationAdministered_Ji4lb"/>
            <substanceAdministrationCriteria classCode="SBADM" moodCode="EVN">
               <templateId>
                  <item extension="2019-05-01" root="2.16.840.1.113883.10.20.28.4.45"/>
               </templateId>
               <id extension="DirectThrombinInhibitor_MedicationAdministered"
                   root="40280381-3d27-5493-013d-4be146955c93"/>
               <code code="416118004" codeSystem="2.16.840.1.113883.6.96"/>
               <title value="Medication, Administered"/>
               <statusCode code="COMPLETED"/>
			            <participation typeCode="CSM">
                  <role classCode="MANU">
                     <playingManufacturedMaterial classCode="MMAT" determinerCode="KIND">
                        <code valueSet="2.16.840.1.113883.3.117.1.7.1.205"/>
                     </playingManufacturedMaterial>
                  </role>
               </participation>
		          </substanceAdministrationCriteria>
         </entry>
         <entry typeCode="DRIV">
            <localVariableName value="GeneralorNeuraxialAnesthesia_ProcedurePerformed_p8bdT"/>
            <procedureCriteria classCode="PROC" moodCode="EVN">
               <templateId>
                  <item extension="2019-05-01" root="2.16.840.1.113883.10.20.28.4.67"/>
               </templateId>
               <id extension="GeneralorNeuraxialAnesthesia_ProcedurePerformed"
                   root="6640ed6e-22d6-4c14-bbd2-19b08d67ca81"/>
               <code valueSet="2.16.840.1.113883.3.666.5.1743"/>
               <title value="Procedure, Performed"/>
               <statusCode code="COMPLETED"/>
            </procedureCriteria>
         </entry>
         <entry typeCode="DRIV">
            <localVariableName value="UnfractionatedHeparin_MedicationAdministered_kTEgD"/>
            <substanceAdministrationCriteria classCode="SBADM" moodCode="EVN">
               <templateId>
                  <item extension="2019-05-01" root="2.16.840.1.113883.10.20.28.4.45"/>
               </templateId>
               <id extension="UnfractionatedHeparin_MedicationAdministered"
                   root="40280381-3d27-5493-013d-4be146955c91"/>
               <code code="416118004" codeSystem="2.16.840.1.113883.6.96"/>
               <title value="Medication, Administered"/>
               <statusCode code="COMPLETED"/>
			            <participation typeCode="CSM">
                  <role classCode="MANU">
                     <playingManufacturedMaterial classCode="MMAT" determinerCode="KIND">
                        <code valueSet="2.16.840.1.113883.3.117.1.7.1.218"/>
                     </playingManufacturedMaterial>
                  </role>
               </participation>
		          </substanceAdministrationCriteria>
         </entry>
         <entry typeCode="DRIV">
            <localVariableName value="RivaroxabanforVTEProphylaxis_MedicationNotAdministered_rqgZM"/>
            <substanceAdministrationCriteria actionNegationInd="TRUE" classCode="SBADM" moodCode="EVN">
               <templateId>
                  <item extension="2019-05-01" root="2.16.840.1.113883.10.20.28.4.45"/>
               </templateId>
               <id extension="RivaroxabanforVTEProphylaxis_MedicationNotAdministered"
                   root="ba97eb6b-068d-4c0d-9713-4622a90054d1"/>
               <code code="416118004" codeSystem="2.16.840.1.113883.6.96"/>
               <title value="Medication, Not Administered"/>
               <statusCode code="COMPLETED"/>
			            <participation typeCode="CSM">
                  <role classCode="MANU">
                     <playingManufacturedMaterial classCode="MMAT" determinerCode="KIND">
                        <code valueSet="2.16.840.1.113762.1.4.1110.50"/>
                     </playingManufacturedMaterial>
                  </role>
               </participation>
		          </substanceAdministrationCriteria>
         </entry>
         <entry typeCode="DRIV">
            <localVariableName value="RivaroxabanforVTEProphylaxis_MedicationNotOrdered_56yY1"/>
            <substanceAdministrationCriteria actionNegationInd="TRUE" classCode="SBADM" moodCode="RQO">
               <templateId>
                  <item extension="2019-05-01" root="2.16.840.1.113883.10.20.28.4.51"/>
               </templateId>
               <id extension="RivaroxabanforVTEProphylaxis_MedicationNotOrdered"
                   root="ba97eb6b-068d-4c0d-9713-4622a90054d1"/>
               <title value="Medication, Not Ordered"/>
               <statusCode code="ACTIVE"/>
			            <participation typeCode="CSM">
                  <role classCode="MANU">
                     <playingMaterial classCode="MMAT" determinerCode="KIND">
                        <code valueSet="2.16.840.1.113762.1.4.1110.50"/>
                     </playingMaterial>
                  </role>
               </participation>
		          </substanceAdministrationCriteria>
         </entry>
         <entry typeCode="DRIV">
            <localVariableName value="RivaroxabanforVTEProphylaxis_MedicationAdministered_02tlP"/>
            <substanceAdministrationCriteria classCode="SBADM" moodCode="EVN">
               <templateId>
                  <item extension="2019-05-01" root="2.16.840.1.113883.10.20.28.4.45"/>
               </templateId>
               <id extension="RivaroxabanforVTEProphylaxis_MedicationAdministered"
                   root="ba97eb6b-068d-4c0d-9713-4622a90054d1"/>
               <code code="416118004" codeSystem="2.16.840.1.113883.6.96"/>
               <title value="Medication, Administered"/>
               <statusCode code="COMPLETED"/>
			            <participation typeCode="CSM">
                  <role classCode="MANU">
                     <playingManufacturedMaterial classCode="MMAT" determinerCode="KIND">
                        <code valueSet="2.16.840.1.113762.1.4.1110.50"/>
                     </playingManufacturedMaterial>
                  </role>
               </participation>
		          </substanceAdministrationCriteria>
         </entry>
         <entry typeCode="DRIV">
            <localVariableName value="EmergencyDepartmentVisit_EncounterPerformed_4hVig"/>
            <encounterCriteria classCode="ENC" moodCode="EVN">
               <templateId>
                  <item extension="2019-05-01" root="2.16.840.1.113883.10.20.28.4.5"/>
               </templateId>
               <id extension="EmergencyDepartmentVisit_EncounterPerformed"
                   root="943fd468-a486-47eb-bcef-69bbc31a73a0"/>
               <code valueSet="2.16.840.1.113883.3.117.1.7.1.292"/>
               <title value="Encounter, Performed"/>
               <statusCode code="COMPLETED"/>
            </encounterCriteria>
         </entry>
         <entry typeCode="DRIV">
            <localVariableName value="INR_LaboratoryTestPerformed_m0x51"/>
            <observationCriteria classCode="OBS" moodCode="EVN">
               <templateId>
                  <item extension="2019-05-01" root="2.16.840.1.113883.10.20.28.4.42"/>
               </templateId>
               <id extension="INR_LaboratoryTestPerformed"
                   root="40280381-3d27-5493-013d-4be146945c86"/>
               <code valueSet="2.16.840.1.113883.3.117.1.7.1.213"/>
               <title value="Laboratory Test, Performed"/>
               <statusCode code="COMPLETED"/>
            </observationCriteria>
         </entry>
         <entry typeCode="DRIV">
            <localVariableName value="GeneralSurgery_ProcedurePerformed_yeBMh"/>
            <procedureCriteria classCode="PROC" moodCode="EVN">
               <templateId>
                  <item extension="2019-05-01" root="2.16.840.1.113883.10.20.28.4.67"/>
               </templateId>
               <id extension="GeneralSurgery_ProcedurePerformed"
                   root="40280381-3d27-5493-013d-4be146945c72"/>
               <code valueSet="2.16.840.1.113883.3.117.1.7.1.255"/>
               <title value="Procedure, Performed"/>
               <statusCode code="COMPLETED"/>
            </procedureCriteria>
         </entry>
         <entry typeCode="DRIV">
            <localVariableName value="OralFactorXaInhibitorforVTEProphylaxisorVTETreatment_MedicationAdministered_5Ryfp"/>
            <substanceAdministrationCriteria classCode="SBADM" moodCode="EVN">
               <templateId>
                  <item extension="2019-05-01" root="2.16.840.1.113883.10.20.28.4.45"/>
               </templateId>
               <id extension="OralFactorXaInhibitorforVTEProphylaxisorVTETreatment_MedicationAdministered"
                   root="40280381-3d27-5493-013d-4be146935c5b"/>
               <code code="416118004" codeSystem="2.16.840.1.113883.6.96"/>
               <title value="Medication, Administered"/>
               <statusCode code="COMPLETED"/>
			            <participation typeCode="CSM">
                  <role classCode="MANU">
                     <playingManufacturedMaterial classCode="MMAT" determinerCode="KIND">
                        <code valueSet="2.16.840.1.113883.3.117.1.7.1.134"/>
                     </playingManufacturedMaterial>
                  </role>
               </participation>
		          </substanceAdministrationCriteria>
         </entry>
         <entry typeCode="DRIV">
            <localVariableName value="VenousThromboembolism_Diagnosis_2ZU2A"/>
            <observationCriteria classCode="OBS" moodCode="EVN">
               <templateId>
                  <item extension="2019-05-01" root="2.16.840.1.113883.10.20.28.4.110"/>
               </templateId>
               <id extension="VenousThromboembolism_Diagnosis"
                   root="aa5f0e2a-d86e-4e34-9593-669a00f22e1b"/>
               <code code="282291009" codeSystem="2.16.840.1.113883.6.96" codeSystemName="SNOMED CT">
                  <displayName value="Diagnosis"/>
               </code>
               <title value="Diagnosis"/>
               <statusCode code="COMPLETED"/>
               <value valueSet="2.16.840.1.113883.3.117.1.7.1.279" xsi:type="CD"/>
            </observationCriteria>
         </entry>
         <entry typeCode="DRIV">
            <localVariableName value="GynecologicalSurgery_ProcedurePerformed_eefkF"/>
            <procedureCriteria classCode="PROC" moodCode="EVN">
               <templateId>
                  <item extension="2019-05-01" root="2.16.840.1.113883.10.20.28.4.67"/>
               </templateId>
               <id extension="GynecologicalSurgery_ProcedurePerformed"
                   root="40280381-3d27-5493-013d-4be146945c74"/>
               <code valueSet="2.16.840.1.113883.3.117.1.7.1.257"/>
               <title value="Procedure, Performed"/>
               <statusCode code="COMPLETED"/>
            </procedureCriteria>
         </entry>
         <entry typeCode="DRIV">
            <localVariableName value="HipReplacementSurgery_ProcedurePerformed_tyDso"/>
            <procedureCriteria classCode="PROC" moodCode="EVN">
               <templateId>
                  <item extension="2019-05-01" root="2.16.840.1.113883.10.20.28.4.67"/>
               </templateId>
               <id extension="HipReplacementSurgery_ProcedurePerformed"
                   root="40280381-3d27-5493-013d-4be146945c75"/>
               <code valueSet="2.16.840.1.113883.3.117.1.7.1.259"/>
               <title value="Procedure, Performed"/>
               <statusCode code="COMPLETED"/>
            </procedureCriteria>
         </entry>
         <entry typeCode="DRIV">
            <localVariableName value="Race_PatientCharacteristicRace_aACY1"/>
            <observationCriteria classCode="OBS" moodCode="EVN">
               <templateId>
                  <item extension="2017-05-01" root="2.16.840.1.113883.10.20.28.4.59"/>
               </templateId>
               <id extension="Race_PatientCharacteristicRace"
                   root="e25cce2f-e723-4235-9cbd-04651ed33bff"/>
               <code code="32624-9" codeSystem="2.16.840.1.113883.6.1" codeSystemName="LOINC">
                  <displayName value="Race"/>
               </code>
               <title value="Patient Characteristic Race"/>
               <statusCode code="COMPLETED"/>
               <value valueSet="2.16.840.1.114222.4.11.836" xsi:type="CD"/>
            </observationCriteria>
         </entry>
         <entry typeCode="DRIV">
            <localVariableName value="InjectableFactorXaInhibitorforVTEProphylaxis_MedicationNotAdministered_UBtkZ"/>
            <substanceAdministrationCriteria actionNegationInd="TRUE" classCode="SBADM" moodCode="EVN">
               <templateId>
                  <item extension="2019-05-01" root="2.16.840.1.113883.10.20.28.4.45"/>
               </templateId>
               <id extension="InjectableFactorXaInhibitorforVTEProphylaxis_MedicationNotAdministered"
                   root="40280381-3d27-5493-013d-4be146955c94"/>
               <code code="416118004" codeSystem="2.16.840.1.113883.6.96"/>
               <title value="Medication, Not Administered"/>
               <statusCode code="COMPLETED"/>
			            <participation typeCode="CSM">
                  <role classCode="MANU">
                     <playingManufacturedMaterial classCode="MMAT" determinerCode="KIND">
                        <code valueSet="2.16.840.1.113883.3.117.1.7.1.211"/>
                     </playingManufacturedMaterial>
                  </role>
               </participation>
		          </substanceAdministrationCriteria>
         </entry>
         <entry typeCode="DRIV">
            <localVariableName value="InjectableFactorXaInhibitorforVTEProphylaxis_MedicationNotOrdered_zMGnt"/>
            <substanceAdministrationCriteria actionNegationInd="TRUE" classCode="SBADM" moodCode="RQO">
               <templateId>
                  <item extension="2019-05-01" root="2.16.840.1.113883.10.20.28.4.51"/>
               </templateId>
               <id extension="InjectableFactorXaInhibitorforVTEProphylaxis_MedicationNotOrdered"
                   root="40280381-3d27-5493-013d-4be146955c94"/>
               <title value="Medication, Not Ordered"/>
               <statusCode code="ACTIVE"/>
			            <participation typeCode="CSM">
                  <role classCode="MANU">
                     <playingMaterial classCode="MMAT" determinerCode="KIND">
                        <code valueSet="2.16.840.1.113883.3.117.1.7.1.211"/>
                     </playingMaterial>
                  </role>
               </participation>
		          </substanceAdministrationCriteria>
         </entry>
         <entry typeCode="DRIV">
            <localVariableName value="InjectableFactorXaInhibitorforVTEProphylaxis_MedicationAdministered_vtcTd"/>
            <substanceAdministrationCriteria classCode="SBADM" moodCode="EVN">
               <templateId>
                  <item extension="2019-05-01" root="2.16.840.1.113883.10.20.28.4.45"/>
               </templateId>
               <id extension="InjectableFactorXaInhibitorforVTEProphylaxis_MedicationAdministered"
                   root="40280381-3d27-5493-013d-4be146955c94"/>
               <code code="416118004" codeSystem="2.16.840.1.113883.6.96"/>
               <title value="Medication, Administered"/>
               <statusCode code="COMPLETED"/>
			            <participation typeCode="CSM">
                  <role classCode="MANU">
                     <playingManufacturedMaterial classCode="MMAT" determinerCode="KIND">
                        <code valueSet="2.16.840.1.113883.3.117.1.7.1.211"/>
                     </playingManufacturedMaterial>
                  </role>
               </participation>
		          </substanceAdministrationCriteria>
         </entry>
         <entry typeCode="DRIV">
            <localVariableName value="AtrialFibrillation/Flutter_Diagnosis_gaNlx"/>
            <observationCriteria classCode="OBS" moodCode="EVN">
               <templateId>
                  <item extension="2019-05-01" root="2.16.840.1.113883.10.20.28.4.110"/>
               </templateId>
               <id extension="AtrialFibrillation/Flutter_Diagnosis"
                   root="76a1686e-adb3-4769-8eff-79d0a68bfbfc"/>
               <code code="282291009" codeSystem="2.16.840.1.113883.6.96" codeSystemName="SNOMED CT">
                  <displayName value="Diagnosis"/>
               </code>
               <title value="Diagnosis"/>
               <statusCode code="COMPLETED"/>
               <value valueSet="2.16.840.1.113883.3.117.1.7.1.202" xsi:type="CD"/>
            </observationCriteria>
         </entry>
         <entry typeCode="DRIV">
            <localVariableName value="UrologicalSurgery_ProcedurePerformed_LeMgu"/>
            <procedureCriteria classCode="PROC" moodCode="EVN">
               <templateId>
                  <item extension="2019-05-01" root="2.16.840.1.113883.10.20.28.4.67"/>
               </templateId>
               <id extension="UrologicalSurgery_ProcedurePerformed"
                   root="40280381-3d27-5493-013d-4be146945c73"/>
               <code valueSet="2.16.840.1.113883.3.117.1.7.1.272"/>
               <title value="Procedure, Performed"/>
               <statusCode code="COMPLETED"/>
            </procedureCriteria>
         </entry>
         <entry typeCode="DRIV">
            <localVariableName value="Payer_PatientCharacteristicPayer_xSQTE"/>
            <observationCriteria classCode="OBS" moodCode="EVN">
               <templateId>
                  <item extension="2017-05-01" root="2.16.840.1.113883.10.20.28.4.58"/>
               </templateId>
               <id extension="Payer_PatientCharacteristicPayer"
                   root="8ff8d284-dff3-4a8e-95c5-d6131dd1aec6"/>
               <code code="48768-6" codeSystem="2.16.840.1.113883.6.1" codeSystemName="LOINC">
                  <displayName value="Payer"/>
               </code>
               <title value="Patient Characteristic Payer"/>
               <statusCode code="COMPLETED"/>
               <value valueSet="2.16.840.1.114222.4.11.3591" xsi:type="CD"/>
            </observationCriteria>
         </entry>
         <entry typeCode="DRIV">
            <localVariableName value="ComfortMeasures_InterventionOrder_RtHUv"/>
            <actCriteria classCode="ACT" moodCode="RQO">
               <templateId>
                  <item extension="2019-05-01" root="2.16.840.1.113883.10.20.28.4.35"/>
               </templateId>
               <id extension="ComfortMeasures_InterventionOrder"
                   root="700ac933-507e-4e59-bec8-e2877c2a07da"/>
               <code valueSet="1.3.6.1.4.1.33895.1.3.0.45"/>
               <title value="Intervention, Order"/>
               <statusCode code="ACTIVE"/>
            </actCriteria>
         </entry>
         <entry typeCode="DRIV">
            <localVariableName value="ComfortMeasures_InterventionPerformed_sC1E1"/>
            <actCriteria classCode="ACT" moodCode="EVN">
               <templateId>
                  <item extension="2019-05-01" root="2.16.840.1.113883.10.20.28.4.36"/>
               </templateId>
               <id extension="ComfortMeasures_InterventionPerformed"
                   root="700ac933-507e-4e59-bec8-e2877c2a07da"/>
               <code valueSet="1.3.6.1.4.1.33895.1.3.0.45"/>
               <title value="Intervention, Performed"/>
               <statusCode code="COMPLETED"/>
            </actCriteria>
         </entry>
         <entry typeCode="DRIV">
            <localVariableName value="IntracranialNeurosurgery_ProcedurePerformed_5E0Nr"/>
            <procedureCriteria classCode="PROC" moodCode="EVN">
               <templateId>
                  <item extension="2019-05-01" root="2.16.840.1.113883.10.20.28.4.67"/>
               </templateId>
               <id extension="IntracranialNeurosurgery_ProcedurePerformed"
                   root="40280381-3d27-5493-013d-4be146945c71"/>
               <code valueSet="2.16.840.1.113883.3.117.1.7.1.260"/>
               <title value="Procedure, Performed"/>
               <statusCode code="COMPLETED"/>
            </procedureCriteria>
         </entry>
         <entry typeCode="DRIV">
            <localVariableName value="KneeReplacementSurgery_ProcedurePerformed_0t6rb"/>
            <procedureCriteria classCode="PROC" moodCode="EVN">
               <templateId>
                  <item extension="2019-05-01" root="2.16.840.1.113883.10.20.28.4.67"/>
               </templateId>
               <id extension="KneeReplacementSurgery_ProcedurePerformed"
                   root="40280381-3d27-5493-013d-4be146945c76"/>
               <code valueSet="2.16.840.1.113883.3.117.1.7.1.261"/>
               <title value="Procedure, Performed"/>
               <statusCode code="COMPLETED"/>
            </procedureCriteria>
         </entry>
         <entry typeCode="DRIV">
            <localVariableName value="Warfarin_MedicationNotAdministered_t8IoU"/>
            <substanceAdministrationCriteria actionNegationInd="TRUE" classCode="SBADM" moodCode="EVN">
               <templateId>
                  <item extension="2019-05-01" root="2.16.840.1.113883.10.20.28.4.45"/>
               </templateId>
               <id extension="Warfarin_MedicationNotAdministered"
                   root="40280381-3d27-5493-013d-4be146955c95"/>
               <code code="416118004" codeSystem="2.16.840.1.113883.6.96"/>
               <title value="Medication, Not Administered"/>
               <statusCode code="COMPLETED"/>
			            <participation typeCode="CSM">
                  <role classCode="MANU">
                     <playingManufacturedMaterial classCode="MMAT" determinerCode="KIND">
                        <code valueSet="2.16.840.1.113883.3.117.1.7.1.232"/>
                     </playingManufacturedMaterial>
                  </role>
               </participation>
		          </substanceAdministrationCriteria>
         </entry>
         <entry typeCode="DRIV">
            <localVariableName value="Warfarin_MedicationNotOrdered_WcAU6"/>
            <substanceAdministrationCriteria actionNegationInd="TRUE" classCode="SBADM" moodCode="RQO">
               <templateId>
                  <item extension="2019-05-01" root="2.16.840.1.113883.10.20.28.4.51"/>
               </templateId>
               <id extension="Warfarin_MedicationNotOrdered"
                   root="40280381-3d27-5493-013d-4be146955c95"/>
               <title value="Medication, Not Ordered"/>
               <statusCode code="ACTIVE"/>
			            <participation typeCode="CSM">
                  <role classCode="MANU">
                     <playingMaterial classCode="MMAT" determinerCode="KIND">
                        <code valueSet="2.16.840.1.113883.3.117.1.7.1.232"/>
                     </playingMaterial>
                  </role>
               </participation>
		          </substanceAdministrationCriteria>
         </entry>
         <entry typeCode="DRIV">
            <localVariableName value="Warfarin_MedicationAdministered_rtYat"/>
            <substanceAdministrationCriteria classCode="SBADM" moodCode="EVN">
               <templateId>
                  <item extension="2019-05-01" root="2.16.840.1.113883.10.20.28.4.45"/>
               </templateId>
               <id extension="Warfarin_MedicationAdministered"
                   root="40280381-3d27-5493-013d-4be146955c95"/>
               <code code="416118004" codeSystem="2.16.840.1.113883.6.96"/>
               <title value="Medication, Administered"/>
               <statusCode code="COMPLETED"/>
			            <participation typeCode="CSM">
                  <role classCode="MANU">
                     <playingManufacturedMaterial classCode="MMAT" determinerCode="KIND">
                        <code valueSet="2.16.840.1.113883.3.117.1.7.1.232"/>
                     </playingManufacturedMaterial>
                  </role>
               </participation>
		          </substanceAdministrationCriteria>
         </entry>
         <entry typeCode="DRIV">
            <localVariableName value="Graduatedcompressionstockings(GCS)_DeviceApplied_V97AU"/>
            <procedureCriteria classCode="PROC" moodCode="EVN">
               <templateId>
                  <item extension="2019-05-01" root="2.16.840.1.113883.10.20.28.4.13"/>
               </templateId>
               <id extension="Graduatedcompressionstockings(GCS)_DeviceApplied"
                   root="40280381-3d27-5493-013d-4be146945c81"/>
               <code code="360030002" codeSystem="2.16.840.1.113883.6.96">
                  <displayName value="Application of Device"/>
               </code>
               <title value="Device, Applied"/>
               <statusCode code="COMPLETED"/>
			            <participation typeCode="DEV">
                  <role classCode="MANU">
                     <playingDevice classCode="DEV" determinerCode="KIND">
                        <code valueSet="2.16.840.1.113883.3.117.1.7.1.256"/>
                     </playingDevice>
                  </role>
               </participation>
		          </procedureCriteria>
         </entry>
         <entry typeCode="DRIV">
            <localVariableName value="Graduatedcompressionstockings(GCS)_DeviceNotApplied_mMII6"/>
            <procedureCriteria actionNegationInd="TRUE" classCode="PROC" moodCode="EVN">
               <templateId>
                  <item extension="2019-05-01" root="2.16.840.1.113883.10.20.28.4.13"/>
               </templateId>
               <id extension="Graduatedcompressionstockings(GCS)_DeviceNotApplied"
                   root="40280381-3d27-5493-013d-4be146945c81"/>
               <code code="360030002" codeSystem="2.16.840.1.113883.6.96">
                  <displayName value="Application of Device"/>
               </code>
               <title value="Device, Not Applied"/>
               <statusCode code="COMPLETED"/>
			            <participation typeCode="DEV">
                  <role classCode="MANU">
                     <playingDevice classCode="DEV" determinerCode="KIND">
                        <code valueSet="2.16.840.1.113883.3.117.1.7.1.256"/>
                     </playingDevice>
                  </role>
               </participation>
		          </procedureCriteria>
         </entry>
         <entry typeCode="DRIV">
            <localVariableName value="Graduatedcompressionstockings(GCS)_DeviceNotOrdered_tLO2H"/>
            <supplyCriteria actionNegationInd="TRUE" classCode="SPLY" moodCode="RQO">
               <templateId>
                  <item extension="2019-05-01" root="2.16.840.1.113883.10.20.28.4.15"/>
               </templateId>
               <id extension="Graduatedcompressionstockings(GCS)_DeviceNotOrdered"
                   root="40280381-3d27-5493-013d-4be146945c81"/>
               <title value="Device, Not Ordered"/>
               <statusCode code="ACTIVE"/>
			            <participation typeCode="DEV">
                  <role classCode="MANU">
                     <playingDevice classCode="DEV" determinerCode="KIND">
                        <code valueSet="2.16.840.1.113883.3.117.1.7.1.256"/>
                     </playingDevice>
                  </role>
               </participation>
		          </supplyCriteria>
         </entry>
         <entry typeCode="DRIV">
            <localVariableName value="ObservationServices_EncounterPerformed_uT92C"/>
            <encounterCriteria classCode="ENC" moodCode="EVN">
               <templateId>
                  <item extension="2019-05-01" root="2.16.840.1.113883.10.20.28.4.5"/>
               </templateId>
               <id extension="ObservationServices_EncounterPerformed"
                   root="215b8958-753d-4e97-88e4-80e69c50bd14"/>
               <code valueSet="2.16.840.1.113762.1.4.1111.143"/>
               <title value="Encounter, Performed"/>
               <statusCode code="COMPLETED"/>
            </encounterCriteria>
         </entry>
         <entry typeCode="DRIV">
            <localVariableName value="HipFractureSurgery_ProcedurePerformed_5qiMG"/>
            <procedureCriteria classCode="PROC" moodCode="EVN">
               <templateId>
                  <item extension="2019-05-01" root="2.16.840.1.113883.10.20.28.4.67"/>
               </templateId>
               <id extension="HipFractureSurgery_ProcedurePerformed"
                   root="40280381-3d27-5493-013d-4be146945c77"/>
               <code valueSet="2.16.840.1.113883.3.117.1.7.1.258"/>
               <title value="Procedure, Performed"/>
               <statusCode code="COMPLETED"/>
            </procedureCriteria>
         </entry>
         <entry typeCode="DRIV">
            <localVariableName value="GlycoproteinIIb/IIIaInhibitors_MedicationAdministered_hcOWv"/>
            <substanceAdministrationCriteria classCode="SBADM" moodCode="EVN">
               <templateId>
                  <item extension="2019-05-01" root="2.16.840.1.113883.10.20.28.4.45"/>
               </templateId>
               <id extension="GlycoproteinIIb/IIIaInhibitors_MedicationAdministered"
                   root="255893d5-bf16-4b8f-93c2-7f5b708aa666"/>
               <code code="416118004" codeSystem="2.16.840.1.113883.6.96"/>
               <title value="Medication, Administered"/>
               <statusCode code="COMPLETED"/>
			            <participation typeCode="CSM">
                  <role classCode="MANU">
                     <playingManufacturedMaterial classCode="MMAT" determinerCode="KIND">
                        <code valueSet="2.16.840.1.113762.1.4.1045.41"/>
                     </playingManufacturedMaterial>
                  </role>
               </participation>
		          </substanceAdministrationCriteria>
         </entry>
         <entry typeCode="DRIV">
            <localVariableName value="Ethnicity_PatientCharacteristicEthnicity_KsdAF"/>
            <observationCriteria classCode="OBS" moodCode="EVN">
               <templateId>
                  <item extension="2017-05-01" root="2.16.840.1.113883.10.20.28.4.56"/>
               </templateId>
               <id extension="Ethnicity_PatientCharacteristicEthnicity"
                   root="10a958d1-c340-4d33-bbea-22a96ed10dcd"/>
               <code code="54133-4" codeSystem="2.16.840.1.113883.6.1" codeSystemName="LOINC">
                  <displayName value="Ethnicity"/>
               </code>
               <title value="Patient Characteristic Ethnicity"/>
               <statusCode code="COMPLETED"/>
               <value valueSet="2.16.840.1.114222.4.11.837" xsi:type="CD"/>
            </observationCriteria>
         </entry>
         <entry typeCode="DRIV">
            <localVariableName value="LowDoseUnfractionatedHeparinforVTEProphylaxis_MedicationNotAdministered_vpX6P"/>
            <substanceAdministrationCriteria actionNegationInd="TRUE" classCode="SBADM" moodCode="EVN">
               <templateId>
                  <item extension="2019-05-01" root="2.16.840.1.113883.10.20.28.4.45"/>
               </templateId>
               <id extension="LowDoseUnfractionatedHeparinforVTEProphylaxis_MedicationNotAdministered"
                   root="389f98c4-53d0-4562-bfae-02b74a2f8c26"/>
               <code code="416118004" codeSystem="2.16.840.1.113883.6.96"/>
               <title value="Medication, Not Administered"/>
               <statusCode code="COMPLETED"/>
			            <participation typeCode="CSM">
                  <role classCode="MANU">
                     <playingManufacturedMaterial classCode="MMAT" determinerCode="KIND">
                        <code valueSet="2.16.840.1.113762.1.4.1045.39"/>
                     </playingManufacturedMaterial>
                  </role>
               </participation>
		          </substanceAdministrationCriteria>
         </entry>
         <entry typeCode="DRIV">
            <localVariableName value="LowDoseUnfractionatedHeparinforVTEProphylaxis_MedicationNotOrdered_S9dNm"/>
            <substanceAdministrationCriteria actionNegationInd="TRUE" classCode="SBADM" moodCode="RQO">
               <templateId>
                  <item extension="2019-05-01" root="2.16.840.1.113883.10.20.28.4.51"/>
               </templateId>
               <id extension="LowDoseUnfractionatedHeparinforVTEProphylaxis_MedicationNotOrdered"
                   root="389f98c4-53d0-4562-bfae-02b74a2f8c26"/>
               <title value="Medication, Not Ordered"/>
               <statusCode code="ACTIVE"/>
			            <participation typeCode="CSM">
                  <role classCode="MANU">
                     <playingMaterial classCode="MMAT" determinerCode="KIND">
                        <code valueSet="2.16.840.1.113762.1.4.1045.39"/>
                     </playingMaterial>
                  </role>
               </participation>
		          </substanceAdministrationCriteria>
         </entry>
         <entry typeCode="DRIV">
            <localVariableName value="LowDoseUnfractionatedHeparinforVTEProphylaxis_MedicationAdministered_lEaBB"/>
            <substanceAdministrationCriteria classCode="SBADM" moodCode="EVN">
               <templateId>
                  <item extension="2019-05-01" root="2.16.840.1.113883.10.20.28.4.45"/>
               </templateId>
               <id extension="LowDoseUnfractionatedHeparinforVTEProphylaxis_MedicationAdministered"
                   root="389f98c4-53d0-4562-bfae-02b74a2f8c26"/>
               <code code="416118004" codeSystem="2.16.840.1.113883.6.96"/>
               <title value="Medication, Administered"/>
               <statusCode code="COMPLETED"/>
			            <participation typeCode="CSM">
                  <role classCode="MANU">
                     <playingManufacturedMaterial classCode="MMAT" determinerCode="KIND">
                        <code valueSet="2.16.840.1.113762.1.4.1045.39"/>
                     </playingManufacturedMaterial>
                  </role>
               </participation>
		          </substanceAdministrationCriteria>
         </entry>
         <entry typeCode="DRIV">
            <localVariableName value="LowMolecularWeightHeparinforVTEProphylaxis_MedicationNotAdministered_vOaqM"/>
            <substanceAdministrationCriteria actionNegationInd="TRUE" classCode="SBADM" moodCode="EVN">
               <templateId>
                  <item extension="2019-05-01" root="2.16.840.1.113883.10.20.28.4.45"/>
               </templateId>
               <id extension="LowMolecularWeightHeparinforVTEProphylaxis_MedicationNotAdministered"
                   root="40280381-3d27-5493-013d-4be146955c92"/>
               <code code="416118004" codeSystem="2.16.840.1.113883.6.96"/>
               <title value="Medication, Not Administered"/>
               <statusCode code="COMPLETED"/>
			            <participation typeCode="CSM">
                  <role classCode="MANU">
                     <playingManufacturedMaterial classCode="MMAT" determinerCode="KIND">
                        <code valueSet="2.16.840.1.113883.3.117.1.7.1.219"/>
                     </playingManufacturedMaterial>
                  </role>
               </participation>
		          </substanceAdministrationCriteria>
         </entry>
         <entry typeCode="DRIV">
            <localVariableName value="LowMolecularWeightHeparinforVTEProphylaxis_MedicationNotOrdered_T3pUp"/>
            <substanceAdministrationCriteria actionNegationInd="TRUE" classCode="SBADM" moodCode="RQO">
               <templateId>
                  <item extension="2019-05-01" root="2.16.840.1.113883.10.20.28.4.51"/>
               </templateId>
               <id extension="LowMolecularWeightHeparinforVTEProphylaxis_MedicationNotOrdered"
                   root="40280381-3d27-5493-013d-4be146955c92"/>
               <title value="Medication, Not Ordered"/>
               <statusCode code="ACTIVE"/>
			            <participation typeCode="CSM">
                  <role classCode="MANU">
                     <playingMaterial classCode="MMAT" determinerCode="KIND">
                        <code valueSet="2.16.840.1.113883.3.117.1.7.1.219"/>
                     </playingMaterial>
                  </role>
               </participation>
		          </substanceAdministrationCriteria>
         </entry>
         <entry typeCode="DRIV">
            <localVariableName value="LowMolecularWeightHeparinforVTEProphylaxis_MedicationAdministered_UPmiA"/>
            <substanceAdministrationCriteria classCode="SBADM" moodCode="EVN">
               <templateId>
                  <item extension="2019-05-01" root="2.16.840.1.113883.10.20.28.4.45"/>
               </templateId>
               <id extension="LowMolecularWeightHeparinforVTEProphylaxis_MedicationAdministered"
                   root="40280381-3d27-5493-013d-4be146955c92"/>
               <code code="416118004" codeSystem="2.16.840.1.113883.6.96"/>
               <title value="Medication, Administered"/>
               <statusCode code="COMPLETED"/>
			            <participation typeCode="CSM">
                  <role classCode="MANU">
                     <playingManufacturedMaterial classCode="MMAT" determinerCode="KIND">
                        <code valueSet="2.16.840.1.113883.3.117.1.7.1.219"/>
                     </playingManufacturedMaterial>
                  </role>
               </participation>
		          </substanceAdministrationCriteria>
         </entry>
         <entry typeCode="DRIV">
            <localVariableName value="EncounterInpatient_EncounterPerformed_KqHAq"/>
            <encounterCriteria classCode="ENC" moodCode="EVN">
               <templateId>
                  <item extension="2019-05-01" root="2.16.840.1.113883.10.20.28.4.5"/>
               </templateId>
               <id extension="EncounterInpatient_EncounterPerformed"
                   root="c8060e96-dc7d-4780-a5cd-0aff93854cf3"/>
               <code valueSet="2.16.840.1.113883.3.666.5.307"/>
               <title value="Encounter, Performed"/>
               <statusCode code="COMPLETED"/>
            </encounterCriteria>
         </entry>
         <entry typeCode="DRIV">
            <localVariableName value="Intermittentpneumaticcompressiondevices(IPC)_DeviceApplied_g9fFt"/>
            <procedureCriteria classCode="PROC" moodCode="EVN">
               <templateId>
                  <item extension="2019-05-01" root="2.16.840.1.113883.10.20.28.4.13"/>
               </templateId>
               <id extension="Intermittentpneumaticcompressiondevices(IPC)_DeviceApplied"
                   root="40280381-3d27-5493-013d-4be146945c83"/>
               <code code="360030002" codeSystem="2.16.840.1.113883.6.96">
                  <displayName value="Application of Device"/>
               </code>
               <title value="Device, Applied"/>
               <statusCode code="COMPLETED"/>
			            <participation typeCode="DEV">
                  <role classCode="MANU">
                     <playingDevice classCode="DEV" determinerCode="KIND">
                        <code valueSet="2.16.840.1.113883.3.117.1.7.1.214"/>
                     </playingDevice>
                  </role>
               </participation>
		          </procedureCriteria>
         </entry>
         <entry typeCode="DRIV">
            <localVariableName value="Intermittentpneumaticcompressiondevices(IPC)_DeviceNotApplied_w0ZPn"/>
            <procedureCriteria actionNegationInd="TRUE" classCode="PROC" moodCode="EVN">
               <templateId>
                  <item extension="2019-05-01" root="2.16.840.1.113883.10.20.28.4.13"/>
               </templateId>
               <id extension="Intermittentpneumaticcompressiondevices(IPC)_DeviceNotApplied"
                   root="40280381-3d27-5493-013d-4be146945c83"/>
               <code code="360030002" codeSystem="2.16.840.1.113883.6.96">
                  <displayName value="Application of Device"/>
               </code>
               <title value="Device, Not Applied"/>
               <statusCode code="COMPLETED"/>
			            <participation typeCode="DEV">
                  <role classCode="MANU">
                     <playingDevice classCode="DEV" determinerCode="KIND">
                        <code valueSet="2.16.840.1.113883.3.117.1.7.1.214"/>
                     </playingDevice>
                  </role>
               </participation>
		          </procedureCriteria>
         </entry>
         <entry typeCode="DRIV">
            <localVariableName value="Intermittentpneumaticcompressiondevices(IPC)_DeviceNotOrdered_Beh7a"/>
            <supplyCriteria actionNegationInd="TRUE" classCode="SPLY" moodCode="RQO">
               <templateId>
                  <item extension="2019-05-01" root="2.16.840.1.113883.10.20.28.4.15"/>
               </templateId>
               <id extension="Intermittentpneumaticcompressiondevices(IPC)_DeviceNotOrdered"
                   root="40280381-3d27-5493-013d-4be146945c83"/>
               <title value="Device, Not Ordered"/>
               <statusCode code="ACTIVE"/>
			            <participation typeCode="DEV">
                  <role classCode="MANU">
                     <playingDevice classCode="DEV" determinerCode="KIND">
                        <code valueSet="2.16.840.1.113883.3.117.1.7.1.214"/>
                     </playingDevice>
                  </role>
               </participation>
		          </supplyCriteria>
         </entry>
         <entry typeCode="DRIV">
            <observationCriteria classCode="OBS" moodCode="EVN">
               <templateId>
                  <item extension="2019-05-01" root="2.16.840.1.113883.10.20.28.4.117"/>
               </templateId>
               <id extension="72136-5_AssessmentPerformed"
                   root="8BA61395-21EB-42BA-ABD8-21594AAD8B0C"/>
               <code code="72136-5" codeSystem="2.16.840.1.113883.6.1" codeSystemName="LOINC"/>
               <title value="Assessment, Performed"/>
               <statusCode code="COMPLETED"/>
            </observationCriteria>
         </entry>
         <entry typeCode="DRIV">
            <observationCriteria classCode="OBS" moodCode="EVN">
               <templateId>
                  <item extension="2017-05-01" root="2.16.840.1.113883.10.20.28.4.54"/>
               </templateId>
               <id extension="21112-8_PatientCharacteristicBirthdate"
                   root="5EE67CAB-11F6-43E6-9129-C50AC6CE1563"/>
               <code code="21112-8" codeSystem="2.16.840.1.113883.6.1" codeSystemName="LOINC"/>
               <title value="Patient Characteristic Birthdate"/>
               <statusCode code="COMPLETED"/>
            </observationCriteria>
         </entry>
      </dataCriteriaSection>
   </component>
   <component>
      <populationCriteriaSection>
         <templateId>
            <item extension="2017-08-01" root="2.16.840.1.113883.10.20.28.2.7"/>
         </templateId>
         <id extension="PopulationCriteria1" root="C7B2E7B2-A8F8-4476-AE24-52EECD498C4A"/>
         <code code="57026-7" codeSystem="2.16.840.1.113883.6.1"/>
         <title value="Population Criteria Section"/>
         <text/>
         <component typeCode="COMP">
            <initialPopulationCriteria classCode="OBS" moodCode="EVN">
               <id extension="initialPopulation" root="B5B2DFFE-608C-4C8A-AF75-5935AE1B3764"/>
               <code code="IPOP" codeSystem="2.16.840.1.113883.5.4" codeSystemName="Act Code"/>
               <precondition typeCode="PRCN">
                  <criteriaReference classCode="OBS" moodCode="EVN">
                     <id extension="VenousThromboembolismProphylaxis.&quot;Initial Population&quot;"
                         root="81EFC9B0-86E4-49CF-A965-265894D01753"/>
                  </criteriaReference>
               </precondition>
            </initialPopulationCriteria>
         </component>
         <component typeCode="COMP">
            <denominatorCriteria classCode="OBS" moodCode="EVN">
               <id extension="denominator" root="65057DA6-69AC-4B8A-B5B4-2F6A6280786D"/>
               <code code="DENOM" codeSystem="2.16.840.1.113883.5.4" codeSystemName="Act Code"/>
               <precondition typeCode="PRCN">
                  <criteriaReference classCode="OBS" moodCode="EVN">
                     <id extension="VenousThromboembolismProphylaxis.&quot;Denominator&quot;"
                         root="81EFC9B0-86E4-49CF-A965-265894D01753"/>
                  </criteriaReference>
               </precondition>
            </denominatorCriteria>
         </component>
         <component typeCode="COMP">
            <denominatorExclusionCriteria classCode="OBS" moodCode="EVN">
               <id extension="denominatorExclusions" root="5C7B2CF3-C817-47FD-BFF0-1B4CAA773117"/>
               <code code="DENEX" codeSystem="2.16.840.1.113883.5.4" codeSystemName="Act Code"/>
               <precondition typeCode="PRCN">
                  <criteriaReference classCode="OBS" moodCode="EVN">
                     <id extension="VenousThromboembolismProphylaxis.&quot;Denominator Exclusions&quot;"
                         root="81EFC9B0-86E4-49CF-A965-265894D01753"/>
                  </criteriaReference>
               </precondition>
            </denominatorExclusionCriteria>
         </component>
         <component typeCode="COMP">
            <numeratorCriteria classCode="OBS" moodCode="EVN">
               <id extension="numerator" root="B88A07A9-9A82-4482-A9A2-F8A7DE745869"/>
               <code code="NUMER" codeSystem="2.16.840.1.113883.5.4" codeSystemName="Act Code"/>
               <precondition typeCode="PRCN">
                  <criteriaReference classCode="OBS" moodCode="EVN">
                     <id extension="VenousThromboembolismProphylaxis.&quot;Numerator&quot;"
                         root="81EFC9B0-86E4-49CF-A965-265894D01753"/>
                  </criteriaReference>
               </precondition>
            </numeratorCriteria>
         </component>
         <component typeCode="COMP">
            <cql-ext:supplementalDataElement>
               <id extension="Supplemental Data Elements"
                   root="4B06C299-46E9-4E84-97EA-061F6232A863"/>
               <code code="SDE" codeSystem="2.16.840.1.113883.5.4" codeSystemName="Act Code"/>
               <precondition typeCode="PRCN">
                  <criteriaReference classCode="OBS" moodCode="EVN">
                     <id extension="VenousThromboembolismProphylaxis.&quot;SDE Ethnicity&quot;"
                         root="81EFC9B0-86E4-49CF-A965-265894D01753"/>
                  </criteriaReference>
               </precondition>
            </cql-ext:supplementalDataElement>
         </component>
         <component typeCode="COMP">
            <cql-ext:supplementalDataElement>
               <id extension="Supplemental Data Elements"
                   root="E9483284-A2BE-47BC-895E-B89CCCC093CA"/>
               <code code="SDE" codeSystem="2.16.840.1.113883.5.4" codeSystemName="Act Code"/>
               <precondition typeCode="PRCN">
                  <criteriaReference classCode="OBS" moodCode="EVN">
                     <id extension="VenousThromboembolismProphylaxis.&quot;SDE Payer&quot;"
                         root="81EFC9B0-86E4-49CF-A965-265894D01753"/>
                  </criteriaReference>
               </precondition>
            </cql-ext:supplementalDataElement>
         </component>
         <component typeCode="COMP">
            <cql-ext:supplementalDataElement>
               <id extension="Supplemental Data Elements"
                   root="C26FBBB6-DAA1-478F-9ED7-1513D10354CF"/>
               <code code="SDE" codeSystem="2.16.840.1.113883.5.4" codeSystemName="Act Code"/>
               <precondition typeCode="PRCN">
                  <criteriaReference classCode="OBS" moodCode="EVN">
                     <id extension="VenousThromboembolismProphylaxis.&quot;SDE Race&quot;"
                         root="81EFC9B0-86E4-49CF-A965-265894D01753"/>
                  </criteriaReference>
               </precondition>
            </cql-ext:supplementalDataElement>
         </component>
         <component typeCode="COMP">
            <cql-ext:supplementalDataElement>
               <id extension="Supplemental Data Elements"
                   root="ECF12693-75B3-4EE8-B437-A4F1A458B027"/>
               <code code="SDE" codeSystem="2.16.840.1.113883.5.4" codeSystemName="Act Code"/>
               <precondition typeCode="PRCN">
                  <criteriaReference classCode="OBS" moodCode="EVN">
                     <id extension="VenousThromboembolismProphylaxis.&quot;SDE Sex&quot;"
                         root="81EFC9B0-86E4-49CF-A965-265894D01753"/>
                  </criteriaReference>
               </precondition>
            </cql-ext:supplementalDataElement>
         </component>
      </populationCriteriaSection>
   </component>
</QualityMeasureDocument>