{
   "library" : {
      "identifier" : {
         "id" : "VTE",
         "version" : "5.2.000"
      },
      "schemaIdentifier" : {
         "id" : "urn:hl7-org:elm",
         "version" : "r1"
      },
      "usings" : {
         "def" : [ {
            "localIdentifier" : "System",
            "uri" : "urn:hl7-org:elm-types:r1"
         }, {
            "localId" : "1",
            "locator" : "3:1-3:23",
            "localIdentifier" : "QDM",
            "uri" : "urn:healthit-gov:qdm:v5_5",
            "version" : "5.5"
         } ]
      },
      "includes" : {
         "def" : [ {
            "localId" : "2",
            "locator" : "5:1-5:64",
            "localIdentifier" : "Global",
            "path" : "MATGlobalCommonFunctions",
            "version" : "6.2.000"
         } ]
      },
      "parameters" : {
         "def" : [ {
            "localId" : "11",
            "locator" : "15:1-15:49",
            "name" : "Measurement Period",
            "accessLevel" : "Public",
            "parameterTypeSpecifier" : {
               "localId" : "10",
               "locator" : "15:32-15:49",
               "type" : "IntervalTypeSpecifier",
               "pointType" : {
                  "localId" : "9",
                  "locator" : "15:41-15:48",
                  "name" : "{urn:hl7-org:elm-types:r1}DateTime",
                  "type" : "NamedTypeSpecifier"
               }
            }
         } ]
      },
      "codeSystems" : {
         "def" : [ {
            "localId" : "3",
            "locator" : "7:1-7:51",
            "name" : "LOINC",
            "id" : "urn:oid:2.16.840.1.113883.6.1",
            "accessLevel" : "Public"
         } ]
      },
      "valueSets" : {
         "def" : [ {
            "localId" : "4",
            "locator" : "9:1-9:66",
            "name" : "Obstetrics",
            "id" : "urn:oid:2.16.840.1.113883.3.117.1.7.1.263",
            "accessLevel" : "Public"
         }, {
            "localId" : "5",
            "locator" : "10:1-10:70",
            "name" : "Obstetrics VTE",
            "id" : "urn:oid:2.16.840.1.113883.3.117.1.7.1.264",
            "accessLevel" : "Public"
         }, {
            "localId" : "6",
            "locator" : "11:1-11:78",
            "name" : "Venous Thromboembolism",
            "id" : "urn:oid:2.16.840.1.113883.3.117.1.7.1.279",
            "accessLevel" : "Public"
         } ]
      },
      "codes" : {
         "def" : [ {
            "localId" : "8",
            "locator" : "13:1-13:62",
            "name" : "Birth date",
            "id" : "21112-8",
            "display" : "Birth date",
            "accessLevel" : "Public",
            "codeSystem" : {
               "localId" : "7",
               "locator" : "13:35-13:41",
               "name" : "LOINC"
            }
         } ]
      },
      "statements" : {
         "def" : [ {
            "locator" : "17:1-17:15",
            "name" : "Patient",
            "context" : "Patient",
            "expression" : {
               "type" : "SingletonFrom",
               "operand" : {
                  "locator" : "17:1-17:15",
                  "dataType" : "{urn:healthit-gov:qdm:v5_5}Patient",
                  "templateId" : "Patient",
                  "type" : "Retrieve"
               }
            }
         }, {
            "localId" : "34",
            "locator" : "19:1-27:5",
            "name" : "Admission Without VTE or Obstetrical Conditions",
            "context" : "Patient",
            "accessLevel" : "Public",
            "annotation" : [ {
               "type" : "Annotation",
               "s" : {
                  "r" : "34",
                  "s" : [ {
                     "value" : [ "define ","\"Admission Without VTE or Obstetrical Conditions\"",":\n  " ]
                  }, {
                     "r" : "33",
                     "s" : [ {
                        "s" : [ {
                           "r" : "13",
                           "s" : [ {
                              "r" : "12",
                              "s" : [ {
                                 "s" : [ {
                                    "value" : [ "Global",".","\"Inpatient Encounter\"" ]
                                 } ]
                              } ]
                           }, {
                              "value" : [ " ","InpatientEncounter" ]
                           } ]
                        } ]
                     }, {
                        "value" : [ "\r\n    " ]
                     }, {
                        "r" : "32",
                        "s" : [ {
                           "value" : [ "where " ]
                        }, {
                           "r" : "32",
                           "s" : [ {
                              "value" : [ "not " ]
                           }, {
                              "r" : "31",
                              "s" : [ {
                                 "value" : [ "( " ]
                              }, {
                                 "r" : "31",
                                 "s" : [ {
                                    "value" : [ "exists " ]
                                 }, {
                                    "r" : "30",
                                    "s" : [ {
                                       "value" : [ "( " ]
                                    }, {
                                       "r" : "30",
                                       "s" : [ {
                                          "s" : [ {
                                             "r" : "15",
                                             "s" : [ {
                                                "r" : "14",
                                                "s" : [ {
                                                   "s" : [ {
                                                      "value" : [ "InpatientEncounter",".","diagnoses" ]
                                                   } ]
                                                } ]
                                             }, {
                                                "value" : [ " ","EncounterDiagnoses" ]
                                             } ]
                                          } ]
                                       }, {
                                          "value" : [ "\r\n          " ]
                                       }, {
                                          "r" : "29",
                                          "s" : [ {
                                             "value" : [ "where " ]
                                          }, {
                                             "r" : "29",
                                             "s" : [ {
                                                "value" : [ "( " ]
                                             }, {
                                                "r" : "29",
                                                "s" : [ {
                                                   "r" : "24",
                                                   "s" : [ {
                                                      "r" : "19",
                                                      "s" : [ {
                                                         "r" : "17",
                                                         "s" : [ {
                                                            "r" : "16",
                                                            "s" : [ {
                                                               "value" : [ "EncounterDiagnoses" ]
                                                            } ]
                                                         }, {
                                                            "value" : [ "." ]
                                                         }, {
                                                            "r" : "17",
                                                            "s" : [ {
                                                               "value" : [ "code" ]
                                                            } ]
                                                         } ]
                                                      }, {
                                                         "value" : [ " in " ]
                                                      }, {
                                                         "r" : "18",
                                                         "s" : [ {
                                                            "value" : [ "\"Obstetrics\"" ]
                                                         } ]
                                                      } ]
                                                   }, {
                                                      "value" : [ "\r\n              or " ]
                                                   }, {
                                                      "r" : "23",
                                                      "s" : [ {
                                                         "r" : "21",
                                                         "s" : [ {
                                                            "r" : "20",
                                                            "s" : [ {
                                                               "value" : [ "EncounterDiagnoses" ]
                                                            } ]
                                                         }, {
                                                            "value" : [ "." ]
                                                         }, {
                                                            "r" : "21",
                                                            "s" : [ {
                                                               "value" : [ "code" ]
                                                            } ]
                                                         } ]
                                                      }, {
                                                         "value" : [ " in " ]
                                                      }, {
                                                         "r" : "22",
                                                         "s" : [ {
                                                            "value" : [ "\"Venous Thromboembolism\"" ]
                                                         } ]
                                                      } ]
                                                   } ]
                                                }, {
                                                   "value" : [ "\r\n              or " ]
                                                }, {
                                                   "r" : "28",
                                                   "s" : [ {
                                                      "r" : "26",
                                                      "s" : [ {
                                                         "r" : "25",
                                                         "s" : [ {
                                                            "value" : [ "EncounterDiagnoses" ]
                                                         } ]
                                                      }, {
                                                         "value" : [ "." ]
                                                      }, {
                                                         "r" : "26",
                                                         "s" : [ {
                                                            "value" : [ "code" ]
                                                         } ]
                                                      } ]
                                                   }, {
                                                      "value" : [ " in " ]
                                                   }, {
                                                      "r" : "27",
                                                      "s" : [ {
                                                         "value" : [ "\"Obstetrics VTE\"" ]
                                                      } ]
                                                   } ]
                                                } ]
                                             }, {
                                                "value" : [ "\r\n          )" ]
                                             } ]
                                          } ]
                                       } ]
                                    }, {
                                       "value" : [ "\r\n      )" ]
                                    } ]
                                 } ]
                              }, {
                                 "value" : [ "\r\n    )" ]
                              } ]
                           } ]
                        } ]
                     } ]
                  } ]
               }
            } ],
            "expression" : {
               "localId" : "33",
               "locator" : "20:3-27:5",
               "type" : "Query",
               "source" : [ {
                  "localId" : "13",
                  "locator" : "20:3-20:49",
                  "alias" : "InpatientEncounter",
                  "expression" : {
                     "localId" : "12",
                     "locator" : "20:3-20:30",
                     "name" : "Inpatient Encounter",
                     "libraryName" : "Global",
                     "type" : "ExpressionRef"
                  }
               } ],
               "relationship" : [ ],
               "where" : {
                  "localId" : "32",
                  "locator" : "21:5-27:5",
                  "type" : "Not",
                  "operand" : {
                     "localId" : "31",
                     "locator" : "21:15-27:5",
                     "type" : "Exists",
                     "operand" : {
                        "localId" : "30",
                        "locator" : "21:24-26:7",
                        "type" : "Query",
                        "source" : [ {
                           "localId" : "15",
                           "locator" : "21:26-21:72",
                           "alias" : "EncounterDiagnoses",
                           "expression" : {
                              "localId" : "14",
                              "locator" : "21:26-21:53",
                              "path" : "diagnoses",
                              "scope" : "InpatientEncounter",
                              "type" : "Property"
                           }
                        } ],
                        "relationship" : [ ],
                        "where" : {
                           "localId" : "29",
                           "locator" : "22:11-25:11",
                           "type" : "Or",
                           "operand" : [ {
                              "localId" : "24",
                              "locator" : "22:19-23:68",
                              "type" : "Or",
                              "operand" : [ {
                                 "localId" : "19",
                                 "locator" : "22:19-22:57",
                                 "type" : "InValueSet",
                                 "code" : {
                                    "localId" : "17",
                                    "locator" : "22:19-22:41",
                                    "path" : "code",
                                    "scope" : "EncounterDiagnoses",
                                    "type" : "Property"
                                 },
                                 "valueset" : {
                                    "localId" : "18",
                                    "locator" : "22:46-22:57",
                                    "name" : "Obstetrics"
                                 }
                              }, {
                                 "localId" : "23",
                                 "locator" : "23:18-23:68",
                                 "type" : "InValueSet",
                                 "code" : {
                                    "localId" : "21",
                                    "locator" : "23:18-23:40",
                                    "path" : "code",
                                    "scope" : "EncounterDiagnoses",
                                    "type" : "Property"
                                 },
                                 "valueset" : {
                                    "localId" : "22",
                                    "locator" : "23:45-23:68",
                                    "name" : "Venous Thromboembolism"
                                 }
                              } ]
                           }, {
                              "localId" : "28",
                              "locator" : "24:18-24:60",
                              "type" : "InValueSet",
                              "code" : {
                                 "localId" : "26",
                                 "locator" : "24:18-24:40",
                                 "path" : "code",
                                 "scope" : "EncounterDiagnoses",
                                 "type" : "Property"
                              },
                              "valueset" : {
                                 "localId" : "27",
                                 "locator" : "24:45-24:60",
                                 "name" : "Obstetrics VTE"
                              }
                           } ]
                        }
                     }
                  }
               }
            }
         }, {
            "localId" : "52",
            "locator" : "29:1-34:63",
            "name" : "Encounter With Age Range and Without VTE Diagnosis or Obstetrical Conditions",
            "context" : "Patient",
            "accessLevel" : "Public",
            "annotation" : [ {
               "type" : "Annotation",
               "s" : {
                  "r" : "52",
                  "s" : [ {
                     "value" : [ "define ","\"Encounter With Age Range and Without VTE Diagnosis or Obstetrical Conditions\"",":\n  " ]
                  }, {
                     "r" : "51",
                     "s" : [ {
                        "r" : "49",
                        "s" : [ {
                           "value" : [ "( " ]
                        }, {
                           "r" : "49",
                           "s" : [ {
                              "s" : [ {
                                 "r" : "36",
                                 "s" : [ {
                                    "r" : "35",
                                    "s" : [ {
                                       "s" : [ {
                                          "value" : [ "Global",".","\"Inpatient Encounter\"" ]
                                       } ]
                                    } ]
                                 }, {
                                    "value" : [ " ","InpatientEncounter" ]
                                 } ]
                              } ]
                           }, {
                              "value" : [ "\r\n      " ]
                           }, {
                              "r" : "48",
                              "s" : [ {
                                 "value" : [ "with " ]
                              }, {
                                 "r" : "38",
                                 "s" : [ {
                                    "r" : "37",
                                    "s" : [ {
                                       "r" : "37",
                                       "s" : [ {
                                          "value" : [ "[","\"Patient Characteristic Birthdate\"",": " ]
                                       }, {
                                          "s" : [ {
                                             "value" : [ "\"Birth date\"" ]
                                          } ]
                                       }, {
                                          "value" : [ "]" ]
                                       } ]
                                    } ]
                                 }, {
                                    "value" : [ " ","BirthDate" ]
                                 } ]
                              }, {
                                 "value" : [ "\r\n        such that " ]
                              }, {
                                 "r" : "47",
                                 "s" : [ {
                                    "r" : "45",
                                    "s" : [ {
                                       "r" : "39",
                                       "s" : [ {
                                          "value" : [ "Global" ]
                                       } ]
                                    }, {
                                       "value" : [ "." ]
                                    }, {
                                       "r" : "45",
                                       "s" : [ {
                                          "value" : [ "\"CalendarAgeInYearsAt\""," ( " ]
                                       }, {
                                          "r" : "41",
                                          "s" : [ {
                                             "r" : "40",
                                             "s" : [ {
                                                "value" : [ "BirthDate" ]
                                             } ]
                                          }, {
                                             "value" : [ "." ]
                                          }, {
                                             "r" : "41",
                                             "s" : [ {
                                                "value" : [ "birthDatetime" ]
                                             } ]
                                          } ]
                                       }, {
                                          "value" : [ ", " ]
                                       }, {
                                          "r" : "44",
                                          "s" : [ {
                                             "value" : [ "start of " ]
                                          }, {
                                             "r" : "43",
                                             "s" : [ {
                                                "r" : "42",
                                                "s" : [ {
                                                   "value" : [ "InpatientEncounter" ]
                                                } ]
                                             }, {
                                                "value" : [ "." ]
                                             }, {
                                                "r" : "43",
                                                "s" : [ {
                                                   "value" : [ "relevantPeriod" ]
                                                } ]
                                             } ]
                                          } ]
                                       }, {
                                          "value" : [ " )" ]
                                       } ]
                                    } ]
                                 }, {
                                    "r" : "46",
                                    "value" : [ " ",">="," ","18" ]
                                 } ]
                              } ]
                           } ]
                        }, {
                           "value" : [ "\r\n  )" ]
                        } ]
                     }, {
                        "value" : [ "\r\n    intersect " ]
                     }, {
                        "r" : "50",
                        "s" : [ {
                           "value" : [ "\"Admission Without VTE or Obstetrical Conditions\"" ]
                        } ]
                     } ]
                  } ]
               }
            } ],
            "expression" : {
               "localId" : "51",
               "locator" : "30:3-34:63",
               "type" : "Intersect",
               "operand" : [ {
                  "localId" : "49",
                  "locator" : "30:3-33:3",
                  "type" : "Query",
                  "source" : [ {
                     "localId" : "36",
                     "locator" : "30:5-30:51",
                     "alias" : "InpatientEncounter",
                     "expression" : {
                        "localId" : "35",
                        "locator" : "30:5-30:32",
                        "name" : "Inpatient Encounter",
                        "libraryName" : "Global",
                        "type" : "ExpressionRef"
                     }
                  } ],
                  "relationship" : [ {
                     "localId" : "48",
                     "locator" : "31:7-32:125",
                     "alias" : "BirthDate",
                     "type" : "With",
                     "expression" : {
                        "localId" : "37",
                        "locator" : "31:12-31:61",
                        "dataType" : "{urn:healthit-gov:qdm:v5_5}PatientCharacteristicBirthdate",
                        "codeProperty" : "code",
                        "type" : "Retrieve",
                        "codes" : {
                           "type" : "ToList",
                           "operand" : {
                              "locator" : "31:49-31:60",
                              "name" : "Birth date",
                              "type" : "CodeRef"
                           }
                        }
                     },
                     "suchThat" : {
                        "localId" : "47",
                        "locator" : "32:19-32:125",
                        "type" : "GreaterOrEqual",
                        "operand" : [ {
                           "localId" : "45",
                           "locator" : "32:19-32:119",
                           "name" : "CalendarAgeInYearsAt",
                           "libraryName" : "Global",
                           "type" : "FunctionRef",
                           "operand" : [ {
                              "localId" : "41",
                              "locator" : "32:51-32:73",
                              "path" : "birthDatetime",
                              "scope" : "BirthDate",
                              "type" : "Property"
                           }, {
                              "localId" : "44",
                              "locator" : "32:76-32:117",
                              "type" : "Start",
                              "operand" : {
                                 "localId" : "43",
                                 "locator" : "32:85-32:117",
                                 "path" : "relevantPeriod",
                                 "scope" : "InpatientEncounter",
                                 "type" : "Property"
                              }
                           } ]
                        }, {
                           "localId" : "46",
                           "locator" : "32:124-32:125",
                           "valueType" : "{urn:hl7-org:elm-types:r1}Integer",
                           "value" : "18",
                           "type" : "Literal"
                        } ]
                     }
                  } ]
               }, {
                  "localId" : "50",
                  "locator" : "34:15-34:63",
                  "name" : "Admission Without VTE or Obstetrical Conditions",
                  "type" : "ExpressionRef"
               } ]
            }
         }, {
            "localId" : "68",
            "locator" : "36:1-37:149",
            "name" : "FromDayOfStartOfHospitalizationToDayAfterAdmission",
            "context" : "Patient",
            "accessLevel" : "Public",
            "type" : "FunctionDef",
            "annotation" : [ {
               "type" : "Annotation",
               "s" : {
                  "r" : "68",
                  "s" : [ {
                     "value" : [ "define function ","\"FromDayOfStartOfHospitalizationToDayAfterAdmission\"","(","Encounter"," " ]
                  }, {
                     "r" : "53",
                     "s" : [ {
                        "value" : [ "\"Encounter, Performed\"" ]
                     } ]
                  }, {
                     "value" : [ " ):\n  " ]
                  }, {
                     "r" : "67",
                     "s" : [ {
                        "r" : "67",
                        "s" : [ {
                           "value" : [ "Interval[" ]
                        }, {
                           "r" : "59",
                           "s" : [ {
                              "r" : "54",
                              "s" : [ {
                                 "value" : [ "Global" ]
                              } ]
                           }, {
                              "value" : [ "." ]
                           }, {
                              "r" : "59",
                              "s" : [ {
                                 "value" : [ "\"ToDate\"","(" ]
                              }, {
                                 "r" : "58",
                                 "s" : [ {
                                    "value" : [ "start of " ]
                                 }, {
                                    "r" : "57",
                                    "s" : [ {
                                       "r" : "55",
                                       "s" : [ {
                                          "value" : [ "Global" ]
                                       } ]
                                    }, {
                                       "value" : [ "." ]
                                    }, {
                                       "r" : "57",
                                       "s" : [ {
                                          "value" : [ "\"HospitalizationWithObservation\"","(" ]
                                       }, {
                                          "r" : "56",
                                          "s" : [ {
                                             "value" : [ "Encounter" ]
                                          } ]
                                       }, {
                                          "value" : [ ")" ]
                                       } ]
                                    } ]
                                 } ]
                              }, {
                                 "value" : [ ")" ]
                              } ]
                           } ]
                        }, {
                           "value" : [ ", " ]
                        }, {
                           "r" : "66",
                           "s" : [ {
                              "r" : "60",
                              "s" : [ {
                                 "value" : [ "Global" ]
                              } ]
                           }, {
                              "value" : [ "." ]
                           }, {
                              "r" : "66",
                              "s" : [ {
                                 "value" : [ "\"ToDate\"","(" ]
                              }, {
                                 "r" : "65",
                                 "s" : [ {
                                    "r" : "63",
                                    "s" : [ {
                                       "value" : [ "start of " ]
                                    }, {
                                       "r" : "62",
                                       "s" : [ {
                                          "r" : "61",
                                          "s" : [ {
                                             "value" : [ "Encounter" ]
                                          } ]
                                       }, {
                                          "value" : [ "." ]
                                       }, {
                                          "r" : "62",
                                          "s" : [ {
                                             "value" : [ "relevantPeriod" ]
                                          } ]
                                       } ]
                                    } ]
                                 }, {
                                    "value" : [ " + " ]
                                 }, {
                                    "r" : "64",
                                    "s" : [ {
                                       "value" : [ "2 ","days" ]
                                    } ]
                                 } ]
                              }, {
                                 "value" : [ ")" ]
                              } ]
                           } ]
                        }, {
                           "value" : [ ")" ]
                        } ]
                     } ]
                  } ]
               }
            } ],
            "expression" : {
               "localId" : "67",
               "locator" : "37:3-37:149",
               "lowClosed" : true,
               "highClosed" : false,
               "type" : "Interval",
               "low" : {
                  "localId" : "59",
                  "locator" : "37:12-37:87",
                  "name" : "ToDate",
                  "libraryName" : "Global",
                  "type" : "FunctionRef",
                  "operand" : [ {
                     "localId" : "58",
                     "locator" : "37:28-37:86",
                     "type" : "Start",
                     "operand" : {
                        "localId" : "57",
                        "locator" : "37:37-37:86",
                        "name" : "HospitalizationWithObservation",
                        "libraryName" : "Global",
                        "type" : "FunctionRef",
                        "operand" : [ {
                           "localId" : "56",
                           "locator" : "37:77-37:85",
                           "name" : "Encounter",
                           "type" : "OperandRef"
                        } ]
                     }
                  } ]
               },
               "high" : {
                  "localId" : "66",
                  "locator" : "37:90-37:148",
                  "name" : "ToDate",
                  "libraryName" : "Global",
                  "type" : "FunctionRef",
                  "operand" : [ {
                     "localId" : "65",
                     "locator" : "37:106-37:147",
                     "type" : "Add",
                     "operand" : [ {
                        "localId" : "63",
                        "locator" : "37:106-37:138",
                        "type" : "Start",
                        "operand" : {
                           "localId" : "62",
                           "locator" : "37:115-37:138",
                           "path" : "relevantPeriod",
                           "type" : "Property",
                           "source" : {
                              "localId" : "61",
                              "locator" : "37:115-37:123",
                              "name" : "Encounter",
                              "type" : "OperandRef"
                           }
                        }
                     }, {
                        "localId" : "64",
                        "locator" : "37:142-37:147",
                        "value" : 2,
                        "unit" : "days",
                        "type" : "Quantity"
                     } ]
                  } ]
               }
            },
            "operand" : [ {
               "name" : "Encounter",
               "operandTypeSpecifier" : {
                  "localId" : "53",
                  "locator" : "36:80-36:101",
                  "name" : "{urn:healthit-gov:qdm:v5_5}PositiveEncounterPerformed",
                  "type" : "NamedTypeSpecifier"
               }
            } ]
         }, {
            "localId" : "76",
            "locator" : "45:1-46:71",
            "name" : "FirstICULocationPeriod",
            "context" : "Patient",
            "accessLevel" : "Public",
            "type" : "FunctionDef",
            "annotation" : [ {
               "type" : "Annotation",
               "s" : {
                  "r" : "76",
                  "s" : [ {
                     "value" : [ "define function ","\"FirstICULocationPeriod\"","(","Encounter"," " ]
                  }, {
                     "r" : "71",
                     "s" : [ {
                        "value" : [ "\"Encounter, Performed\"" ]
                     } ]
                  }, {
                     "value" : [ " ):\n  " ]
                  }, {
                     "r" : "75",
                     "s" : [ {
                        "r" : "75",
                        "s" : [ {
                           "r" : "74",
                           "s" : [ {
                              "r" : "72",
                              "s" : [ {
                                 "value" : [ "Global" ]
                              } ]
                           }, {
                              "value" : [ "." ]
                           }, {
                              "r" : "74",
                              "s" : [ {
                                 "value" : [ "\"FirstInpatientIntensiveCareUnit\""," ( " ]
                              }, {
                                 "r" : "73",
                                 "s" : [ {
                                    "value" : [ "Encounter" ]
                                 } ]
                              }, {
                                 "value" : [ " )" ]
                              } ]
                           } ]
                        }, {
                           "value" : [ "." ]
                        }, {
                           "r" : "75",
                           "s" : [ {
                              "value" : [ "locationPeriod" ]
                           } ]
                        } ]
                     } ]
                  } ]
               }
            } ],
            "expression" : {
               "localId" : "75",
               "locator" : "46:3-46:71",
               "path" : "locationPeriod",
               "type" : "Property",
               "source" : {
                  "localId" : "74",
                  "locator" : "46:3-46:56",
                  "name" : "FirstInpatientIntensiveCareUnit",
                  "libraryName" : "Global",
                  "type" : "FunctionRef",
                  "operand" : [ {
                     "localId" : "73",
                     "locator" : "46:46-46:54",
                     "name" : "Encounter",
                     "type" : "OperandRef"
                  } ]
               }
            },
            "operand" : [ {
               "name" : "Encounter",
               "operandTypeSpecifier" : {
                  "localId" : "71",
                  "locator" : "45:52-45:73",
                  "name" : "{urn:healthit-gov:qdm:v5_5}PositiveEncounterPerformed",
                  "type" : "NamedTypeSpecifier"
               }
            } ]
         }, {
            "localId" : "79",
            "locator" : "39:1-40:46",
            "name" : "StartOfFirstICU",
            "context" : "Patient",
            "accessLevel" : "Public",
            "type" : "FunctionDef",
            "annotation" : [ {
               "type" : "Annotation",
               "s" : {
                  "r" : "79",
                  "s" : [ {
                     "value" : [ "define function ","\"StartOfFirstICU\"","(","Encounter"," " ]
                  }, {
                     "r" : "69",
                     "s" : [ {
                        "value" : [ "\"Encounter, Performed\"" ]
                     } ]
                  }, {
                     "value" : [ " ):\n  " ]
                  }, {
                     "r" : "78",
                     "s" : [ {
                        "r" : "78",
                        "s" : [ {
                           "value" : [ "start of " ]
                        }, {
                           "r" : "77",
                           "s" : [ {
                              "value" : [ "\"FirstICULocationPeriod\"","(" ]
                           }, {
                              "r" : "70",
                              "s" : [ {
                                 "value" : [ "Encounter" ]
                              } ]
                           }, {
                              "value" : [ ")" ]
                           } ]
                        } ]
                     } ]
                  } ]
               }
            } ],
            "expression" : {
               "localId" : "78",
               "locator" : "40:3-40:46",
               "type" : "Start",
               "operand" : {
                  "localId" : "77",
                  "locator" : "40:12-40:46",
                  "name" : "FirstICULocationPeriod",
                  "type" : "FunctionRef",
                  "operand" : [ {
                     "localId" : "70",
                     "locator" : "40:37-40:45",
                     "name" : "Encounter",
                     "type" : "OperandRef"
                  } ]
               }
            },
            "operand" : [ {
               "name" : "Encounter",
               "operandTypeSpecifier" : {
                  "localId" : "69",
                  "locator" : "39:45-39:66",
                  "name" : "{urn:healthit-gov:qdm:v5_5}PositiveEncounterPerformed",
                  "type" : "NamedTypeSpecifier"
               }
            } ]
         }, {
            "localId" : "94",
            "locator" : "42:1-43:141",
            "name" : "FromDayOfStartOfHospitalizationToDayAfterFirstICU",
            "context" : "Patient",
            "accessLevel" : "Public",
            "type" : "FunctionDef",
            "annotation" : [ {
               "type" : "Annotation",
               "s" : {
                  "r" : "94",
                  "s" : [ {
                     "value" : [ "define function ","\"FromDayOfStartOfHospitalizationToDayAfterFirstICU\"","(","Encounter"," " ]
                  }, {
                     "r" : "80",
                     "s" : [ {
                        "value" : [ "\"Encounter, Performed\"" ]
                     } ]
                  }, {
                     "value" : [ " ):\n  " ]
                  }, {
                     "r" : "93",
                     "s" : [ {
                        "r" : "93",
                        "s" : [ {
                           "value" : [ "Interval[" ]
                        }, {
                           "r" : "86",
                           "s" : [ {
                              "r" : "81",
                              "s" : [ {
                                 "value" : [ "Global" ]
                              } ]
                           }, {
                              "value" : [ "." ]
                           }, {
                              "r" : "86",
                              "s" : [ {
                                 "value" : [ "\"ToDate\"","(" ]
                              }, {
                                 "r" : "85",
                                 "s" : [ {
                                    "value" : [ "start of " ]
                                 }, {
                                    "r" : "84",
                                    "s" : [ {
                                       "r" : "82",
                                       "s" : [ {
                                          "value" : [ "Global" ]
                                       } ]
                                    }, {
                                       "value" : [ "." ]
                                    }, {
                                       "r" : "84",
                                       "s" : [ {
                                          "value" : [ "\"HospitalizationWithObservation\"","(" ]
                                       }, {
                                          "r" : "83",
                                          "s" : [ {
                                             "value" : [ "Encounter" ]
                                          } ]
                                       }, {
                                          "value" : [ ")" ]
                                       } ]
                                    } ]
                                 } ]
                              }, {
                                 "value" : [ ")" ]
                              } ]
                           } ]
                        }, {
                           "value" : [ ", " ]
                        }, {
                           "r" : "92",
                           "s" : [ {
                              "r" : "87",
                              "s" : [ {
                                 "value" : [ "Global" ]
                              } ]
                           }, {
                              "value" : [ "." ]
                           }, {
                              "r" : "92",
                              "s" : [ {
                                 "value" : [ "\"ToDate\"","(" ]
                              }, {
                                 "r" : "91",
                                 "s" : [ {
                                    "r" : "89",
                                    "s" : [ {
                                       "value" : [ "StartOfFirstICU","(" ]
                                    }, {
                                       "r" : "88",
                                       "s" : [ {
                                          "value" : [ "Encounter" ]
                                       } ]
                                    }, {
                                       "value" : [ ")" ]
                                    } ]
                                 }, {
                                    "value" : [ "+ " ]
                                 }, {
                                    "r" : "90",
                                    "s" : [ {
                                       "value" : [ "2 ","days" ]
                                    } ]
                                 } ]
                              }, {
                                 "value" : [ ")" ]
                              } ]
                           } ]
                        }, {
                           "value" : [ ")" ]
                        } ]
                     } ]
                  } ]
               }
            } ],
            "expression" : {
               "localId" : "93",
               "locator" : "43:3-43:141",
               "lowClosed" : true,
               "highClosed" : false,
               "type" : "Interval",
               "low" : {
                  "localId" : "86",
                  "locator" : "43:12-43:87",
                  "name" : "ToDate",
                  "libraryName" : "Global",
                  "type" : "FunctionRef",
                  "operand" : [ {
                     "localId" : "85",
                     "locator" : "43:28-43:86",
                     "type" : "Start",
                     "operand" : {
                        "localId" : "84",
                        "locator" : "43:37-43:86",
                        "name" : "HospitalizationWithObservation",
                        "libraryName" : "Global",
                        "type" : "FunctionRef",
                        "operand" : [ {
                           "localId" : "83",
                           "locator" : "43:77-43:85",
                           "name" : "Encounter",
                           "type" : "OperandRef"
                        } ]
                     }
                  } ]
               },
               "high" : {
                  "localId" : "92",
                  "locator" : "43:90-43:140",
                  "name" : "ToDate",
                  "libraryName" : "Global",
                  "type" : "FunctionRef",
                  "operand" : [ {
                     "localId" : "91",
                     "locator" : "43:106-43:139",
                     "type" : "Add",
                     "operand" : [ {
                        "localId" : "89",
                        "locator" : "43:106-43:131",
                        "name" : "StartOfFirstICU",
                        "type" : "FunctionRef",
                        "operand" : [ {
                           "localId" : "88",
                           "locator" : "43:122-43:130",
                           "name" : "Encounter",
                           "type" : "OperandRef"
                        } ]
                     }, {
                        "localId" : "90",
                        "locator" : "43:134-43:139",
                        "value" : 2,
                        "unit" : "days",
                        "type" : "Quantity"
                     } ]
                  } ]
               }
            },
            "operand" : [ {
               "name" : "Encounter",
               "operandTypeSpecifier" : {
                  "localId" : "80",
                  "locator" : "42:79-42:100",
                  "name" : "{urn:healthit-gov:qdm:v5_5}PositiveEncounterPerformed",
                  "type" : "NamedTypeSpecifier"
               }
            } ]
         } ]
      }
   }
}