<?xml version="1.0" encoding="UTF-8"?>
<library xmlns="urn:hl7-org:elm:r1" xmlns:t="urn:hl7-org:elm-types:r1" xmlns:xsi="http://www.w3.org/2001/XMLSchema-instance" xmlns:xsd="http://www.w3.org/2001/XMLSchema" xmlns:fhir="http://hl7.org/fhir" xmlns:qdm43="urn:healthit-gov:qdm:v4_3" xmlns:qdm53="urn:healthit-gov:qdm:v5_3" xmlns:a="urn:hl7-org:cql-annotations:r1">
   <identifier id="VTE" version="5.2.000"/>
   <schemaIdentifier id="urn:hl7-org:elm" version="r1"/>
   <usings>
      <def localIdentifier="System" uri="urn:hl7-org:elm-types:r1"/>
      <def localId="1" locator="3:1-3:23" localIdentifier="QDM" uri="urn:healthit-gov:qdm:v5_5" version="5.5"/>
   </usings>
   <includes>
      <def localId="2" locator="5:1-5:64" localIdentifier="Global" path="MATGlobalCommonFunctions" version="6.2.000"/>
   </includes>
   <parameters>
      <def localId="11" locator="15:1-15:49" name="Measurement Period" accessLevel="Public">
         <parameterTypeSpecifier localId="10" locator="15:32-15:49" xsi:type="IntervalTypeSpecifier">
            <pointType localId="9" locator="15:41-15:48" name="t:DateTime" xsi:type="NamedTypeSpecifier"/>
         </parameterTypeSpecifier>
      </def>
   </parameters>
   <codeSystems>
      <def localId="3" locator="7:1-7:51" name="LOINC" id="urn:oid:2.16.840.1.113883.6.1" accessLevel="Public"/>
   </codeSystems>
   <valueSets>
      <def localId="4" locator="9:1-9:66" name="Obstetrics" id="urn:oid:2.16.840.1.113883.3.117.1.7.1.263" accessLevel="Public"/>
      <def localId="5" locator="10:1-10:70" name="Obstetrics VTE" id="urn:oid:2.16.840.1.113883.3.117.1.7.1.264" accessLevel="Public"/>
      <def localId="6" locator="11:1-11:78" name="Venous Thromboembolism" id="urn:oid:2.16.840.1.113883.3.117.1.7.1.279" accessLevel="Public"/>
   </valueSets>
   <codes>
      <def localId="8" locator="13:1-13:62" name="Birth date" id="21112-8" display="Birth date" accessLevel="Public">
         <codeSystem localId="7" locator="13:35-13:41" name="LOINC"/>
      </def>
   </codes>
   <statements>
      <def locator="17:1-17:15" name="Patient" context="Patient">
         <expression xsi:type="SingletonFrom">
            <operand locator="17:1-17:15" xmlns:ns0="urn:healthit-gov:qdm:v5_5" dataType="ns0:Patient" templateId="Patient" xsi:type="Retrieve"/>
         </expression>
      </def>
      <def localId="34" locator="19:1-27:5" name="Admission Without VTE or Obstetrical Conditions" context="Patient" accessLevel="Public">
         <annotation xsi:type="a:Annotation">
            <a:s r="34">
               <a:s>define &quot;Admission Without VTE or Obstetrical Conditions&quot;:
  </a:s>
               <a:s r="33">
                  <a:s>
                     <a:s r="13">
                        <a:s r="12">
                           <a:s>
                              <a:s>Global.&quot;Inpatient Encounter&quot;</a:s>
                           </a:s>
                        </a:s>
                        <a:s> InpatientEncounter</a:s>
                     </a:s>
                  </a:s>
                  <a:s>&#xd;
    </a:s>
                  <a:s r="32">
                     <a:s>where </a:s>
                     <a:s r="32">
                        <a:s>not </a:s>
                        <a:s r="31">
                           <a:s>( </a:s>
                           <a:s r="31">
                              <a:s>exists </a:s>
                              <a:s r="30">
                                 <a:s>( </a:s>
                                 <a:s r="30">
                                    <a:s>
                                       <a:s r="15">
                                          <a:s r="14">
                                             <a:s>
                                                <a:s>InpatientEncounter.diagnoses</a:s>
                                             </a:s>
                                          </a:s>
                                          <a:s> EncounterDiagnoses</a:s>
                                       </a:s>
                                    </a:s>
                                    <a:s>&#xd;
          </a:s>
                                    <a:s r="29">
                                       <a:s>where </a:s>
                                       <a:s r="29">
                                          <a:s>( </a:s>
                                          <a:s r="29">
                                             <a:s r="24">
                                                <a:s r="19">
                                                   <a:s r="17">
                                                      <a:s r="16">
                                                         <a:s>EncounterDiagnoses</a:s>
                                                      </a:s>
                                                      <a:s>.</a:s>
                                                      <a:s r="17">
                                                         <a:s>code</a:s>
                                                      </a:s>
                                                   </a:s>
                                                   <a:s> in </a:s>
                                                   <a:s r="18">
                                                      <a:s>&quot;Obstetrics&quot;</a:s>
                                                   </a:s>
                                                </a:s>
                                                <a:s>&#xd;
              or </a:s>
                                                <a:s r="23">
                                                   <a:s r="21">
                                                      <a:s r="20">
                                                         <a:s>EncounterDiagnoses</a:s>
                                                      </a:s>
                                                      <a:s>.</a:s>
                                                      <a:s r="21">
                                                         <a:s>code</a:s>
                                                      </a:s>
                                                   </a:s>
                                                   <a:s> in </a:s>
                                                   <a:s r="22">
                                                      <a:s>&quot;Venous Thromboembolism&quot;</a:s>
                                                   </a:s>
                                                </a:s>
                                             </a:s>
                                             <a:s>&#xd;
              or </a:s>
                                             <a:s r="28">
                                                <a:s r="26">
                                                   <a:s r="25">
                                                      <a:s>EncounterDiagnoses</a:s>
                                                   </a:s>
                                                   <a:s>.</a:s>
                                                   <a:s r="26">
                                                      <a:s>code</a:s>
                                                   </a:s>
                                                </a:s>
                                                <a:s> in </a:s>
                                                <a:s r="27">
                                                   <a:s>&quot;Obstetrics VTE&quot;</a:s>
                                                </a:s>
                                             </a:s>
                                          </a:s>
                                          <a:s>&#xd;
          )</a:s>
                                       </a:s>
                                    </a:s>
                                 </a:s>
                                 <a:s>&#xd;
      )</a:s>
                              </a:s>
                           </a:s>
                           <a:s>&#xd;
    )</a:s>
                        </a:s>
                     </a:s>
                  </a:s>
               </a:s>
            </a:s>
         </annotation>
         <expression localId="33" locator="20:3-27:5" xsi:type="Query">
            <source localId="13" locator="20:3-20:49" alias="InpatientEncounter">
               <expression localId="12" locator="20:3-20:30" name="Inpatient Encounter" libraryName="Global" xsi:type="ExpressionRef"/>
            </source>
            <where localId="32" locator="21:5-27:5" xsi:type="Not">
               <operand localId="31" locator="21:15-27:5" xsi:type="Exists">
                  <operand localId="30" locator="21:24-26:7" xsi:type="Query">
                     <source localId="15" locator="21:26-21:72" alias="EncounterDiagnoses">
                        <expression localId="14" locator="21:26-21:53" path="diagnoses" scope="InpatientEncounter" xsi:type="Property"/>
                     </source>
                     <where localId="29" locator="22:11-25:11" xsi:type="Or">
                        <operand localId="24" locator="22:19-23:68" xsi:type="Or">
                           <operand localId="19" locator="22:19-22:57" xsi:type="InValueSet">
                              <code localId="17" locator="22:19-22:41" path="code" scope="EncounterDiagnoses" xsi:type="Property"/>
                              <valueset localId="18" locator="22:46-22:57" name="Obstetrics"/>
                           </operand>
                           <operand localId="23" locator="23:18-23:68" xsi:type="InValueSet">
                              <code localId="21" locator="23:18-23:40" path="code" scope="EncounterDiagnoses" xsi:type="Property"/>
                              <valueset localId="22" locator="23:45-23:68" name="Venous Thromboembolism"/>
                           </operand>
                        </operand>
                        <operand localId="28" locator="24:18-24:60" xsi:type="InValueSet">
                           <code localId="26" locator="24:18-24:40" path="code" scope="EncounterDiagnoses" xsi:type="Property"/>
                           <valueset localId="27" locator="24:45-24:60" name="Obstetrics VTE"/>
                        </operand>
                     </where>
                  </operand>
               </operand>
            </where>
         </expression>
      </def>
      <def localId="52" locator="29:1-34:63" name="Encounter With Age Range and Without VTE Diagnosis or Obstetrical Conditions" context="Patient" accessLevel="Public">
         <annotation xsi:type="a:Annotation">
            <a:s r="52">
               <a:s>define &quot;Encounter With Age Range and Without VTE Diagnosis or Obstetrical Conditions&quot;:
  </a:s>
               <a:s r="51">
                  <a:s r="49">
                     <a:s>( </a:s>
                     <a:s r="49">
                        <a:s>
                           <a:s r="36">
                              <a:s r="35">
                                 <a:s>
                                    <a:s>Global.&quot;Inpatient Encounter&quot;</a:s>
                                 </a:s>
                              </a:s>
                              <a:s> InpatientEncounter</a:s>
                           </a:s>
                        </a:s>
                        <a:s>&#xd;
      </a:s>
                        <a:s r="48">
                           <a:s>with </a:s>
                           <a:s r="38">
                              <a:s r="37">
                                 <a:s r="37">
                                    <a:s>[&quot;Patient Characteristic Birthdate&quot;: </a:s>
                                    <a:s>
                                       <a:s>&quot;Birth date&quot;</a:s>
                                    </a:s>
                                    <a:s>]</a:s>
                                 </a:s>
                              </a:s>
                              <a:s> BirthDate</a:s>
                           </a:s>
                           <a:s>&#xd;
        such that </a:s>
                           <a:s r="47">
                              <a:s r="45">
                                 <a:s r="39">
                                    <a:s>Global</a:s>
                                 </a:s>
                                 <a:s>.</a:s>
                                 <a:s r="45">
                                    <a:s>&quot;CalendarAgeInYearsAt&quot; ( </a:s>
                                    <a:s r="41">
                                       <a:s r="40">
                                          <a:s>BirthDate</a:s>
                                       </a:s>
                                       <a:s>.</a:s>
                                       <a:s r="41">
                                          <a:s>birthDatetime</a:s>
                                       </a:s>
                                    </a:s>
                                    <a:s>, </a:s>
                                    <a:s r="44">
                                       <a:s>start of </a:s>
                                       <a:s r="43">
                                          <a:s r="42">
                                             <a:s>InpatientEncounter</a:s>
                                          </a:s>
                                          <a:s>.</a:s>
                                          <a:s r="43">
                                             <a:s>relevantPeriod</a:s>
                                          </a:s>
                                       </a:s>
                                    </a:s>
                                    <a:s> )</a:s>
                                 </a:s>
                              </a:s>
                              <a:s r="46"> >= 18</a:s>
                           </a:s>
                        </a:s>
                     </a:s>
                     <a:s>&#xd;
  )</a:s>
                  </a:s>
                  <a:s>&#xd;
    intersect </a:s>
                  <a:s r="50">
                     <a:s>&quot;Admission Without VTE or Obstetrical Conditions&quot;</a:s>
                  </a:s>
               </a:s>
            </a:s>
         </annotation>
         <expression localId="51" locator="30:3-34:63" xsi:type="Intersect">
            <operand localId="49" locator="30:3-33:3" xsi:type="Query">
               <source localId="36" locator="30:5-30:51" alias="InpatientEncounter">
                  <expression localId="35" locator="30:5-30:32" name="Inpatient Encounter" libraryName="Global" xsi:type="ExpressionRef"/>
               </source>
               <relationship localId="48" locator="31:7-32:125" alias="BirthDate" xsi:type="With">
                  <expression localId="37" locator="31:12-31:61" xmlns:ns1="urn:healthit-gov:qdm:v5_5" dataType="ns1:PatientCharacteristicBirthdate" codeProperty="code" xsi:type="Retrieve">
                     <codes xsi:type="ToList">
                        <operand locator="31:49-31:60" name="Birth date" xsi:type="CodeRef"/>
                     </codes>
                  </expression>
                  <suchThat localId="47" locator="32:19-32:125" xsi:type="GreaterOrEqual">
                     <operand localId="45" locator="32:19-32:119" name="CalendarAgeInYearsAt" libraryName="Global" xsi:type="FunctionRef">
                        <operand localId="41" locator="32:51-32:73" path="birthDatetime" scope="BirthDate" xsi:type="Property"/>
                        <operand localId="44" locator="32:76-32:117" xsi:type="Start">
                           <operand localId="43" locator="32:85-32:117" path="relevantPeriod" scope="InpatientEncounter" xsi:type="Property"/>
                        </operand>
                     </operand>
                     <operand localId="46" locator="32:124-32:125" valueType="t:Integer" value="18" xsi:type="Literal"/>
                  </suchThat>
               </relationship>
            </operand>
            <operand localId="50" locator="34:15-34:63" name="Admission Without VTE or Obstetrical Conditions" xsi:type="ExpressionRef"/>
         </expression>
      </def>
      <def localId="68" locator="36:1-37:149" name="FromDayOfStartOfHospitalizationToDayAfterAdmission" context="Patient" accessLevel="Public" xsi:type="FunctionDef">
         <annotation xsi:type="a:Annotation">
            <a:s r="68">
               <a:s>define function &quot;FromDayOfStartOfHospitalizationToDayAfterAdmission&quot;(Encounter </a:s>
               <a:s r="53">
                  <a:s>&quot;Encounter, Performed&quot;</a:s>
               </a:s>
               <a:s> ):
  </a:s>
               <a:s r="67">
                  <a:s r="67">
                     <a:s>Interval[</a:s>
                     <a:s r="59">
                        <a:s r="54">
                           <a:s>Global</a:s>
                        </a:s>
                        <a:s>.</a:s>
                        <a:s r="59">
                           <a:s>&quot;ToDate&quot;(</a:s>
                           <a:s r="58">
                              <a:s>start of </a:s>
                              <a:s r="57">
                                 <a:s r="55">
                                    <a:s>Global</a:s>
                                 </a:s>
                                 <a:s>.</a:s>
                                 <a:s r="57">
                                    <a:s>&quot;HospitalizationWithObservation&quot;(</a:s>
                                    <a:s r="56">
                                       <a:s>Encounter</a:s>
                                    </a:s>
                                    <a:s>)</a:s>
                                 </a:s>
                              </a:s>
                           </a:s>
                           <a:s>)</a:s>
                        </a:s>
                     </a:s>
                     <a:s>, </a:s>
                     <a:s r="66">
                        <a:s r="60">
                           <a:s>Global</a:s>
                        </a:s>
                        <a:s>.</a:s>
                        <a:s r="66">
                           <a:s>&quot;ToDate&quot;(</a:s>
                           <a:s r="65">
                              <a:s r="63">
                                 <a:s>start of </a:s>
                                 <a:s r="62">
                                    <a:s r="61">
                                       <a:s>Encounter</a:s>
                                    </a:s>
                                    <a:s>.</a:s>
                                    <a:s r="62">
                                       <a:s>relevantPeriod</a:s>
                                    </a:s>
                                 </a:s>
                              </a:s>
                              <a:s> + </a:s>
                              <a:s r="64">
                                 <a:s>2 days</a:s>
                              </a:s>
                           </a:s>
                           <a:s>)</a:s>
                        </a:s>
                     </a:s>
                     <a:s>)</a:s>
                  </a:s>
               </a:s>
            </a:s>
         </annotation>
         <expression localId="67" locator="37:3-37:149" lowClosed="true" highClosed="false" xsi:type="Interval">
            <low localId="59" locator="37:12-37:87" name="ToDate" libraryName="Global" xsi:type="FunctionRef">
               <operand localId="58" locator="37:28-37:86" xsi:type="Start">
                  <operand localId="57" locator="37:37-37:86" name="HospitalizationWithObservation" libraryName="Global" xsi:type="FunctionRef">
                     <operand localId="56" locator="37:77-37:85" name="Encounter" xsi:type="OperandRef"/>
                  </operand>
               </operand>
            </low>
            <high localId="66" locator="37:90-37:148" name="ToDate" libraryName="Global" xsi:type="FunctionRef">
               <operand localId="65" locator="37:106-37:147" xsi:type="Add">
                  <operand localId="63" locator="37:106-37:138" xsi:type="Start">
                     <operand localId="62" locator="37:115-37:138" path="relevantPeriod" xsi:type="Property">
                        <source localId="61" locator="37:115-37:123" name="Encounter" xsi:type="OperandRef"/>
                     </operand>
                  </operand>
                  <operand localId="64" locator="37:142-37:147" value="2" unit="days" xsi:type="Quantity"/>
               </operand>
            </high>
         </expression>
         <operand name="Encounter">
            <operandTypeSpecifier localId="53" locator="36:80-36:101" xmlns:ns2="urn:healthit-gov:qdm:v5_5" name="ns2:PositiveEncounterPerformed" xsi:type="NamedTypeSpecifier"/>
         </operand>
      </def>
      <def localId="76" locator="45:1-46:71" name="FirstICULocationPeriod" context="Patient" accessLevel="Public" xsi:type="FunctionDef">
         <annotation xsi:type="a:Annotation">
            <a:s r="76">
               <a:s>define function &quot;FirstICULocationPeriod&quot;(Encounter </a:s>
               <a:s r="71">
                  <a:s>&quot;Encounter, Performed&quot;</a:s>
               </a:s>
               <a:s> ):
  </a:s>
               <a:s r="75">
                  <a:s r="75">
                     <a:s r="74">
                        <a:s r="72">
                           <a:s>Global</a:s>
                        </a:s>
                        <a:s>.</a:s>
                        <a:s r="74">
                           <a:s>&quot;FirstInpatientIntensiveCareUnit&quot; ( </a:s>
                           <a:s r="73">
                              <a:s>Encounter</a:s>
                           </a:s>
                           <a:s> )</a:s>
                        </a:s>
                     </a:s>
                     <a:s>.</a:s>
                     <a:s r="75">
                        <a:s>locationPeriod</a:s>
                     </a:s>
                  </a:s>
               </a:s>
            </a:s>
         </annotation>
         <expression localId="75" locator="46:3-46:71" path="locationPeriod" xsi:type="Property">
            <source localId="74" locator="46:3-46:56" name="FirstInpatientIntensiveCareUnit" libraryName="Global" xsi:type="FunctionRef">
               <operand localId="73" locator="46:46-46:54" name="Encounter" xsi:type="OperandRef"/>
            </source>
         </expression>
         <operand name="Encounter">
            <operandTypeSpecifier localId="71" locator="45:52-45:73" xmlns:ns3="urn:healthit-gov:qdm:v5_5" name="ns3:PositiveEncounterPerformed" xsi:type="NamedTypeSpecifier"/>
         </operand>
      </def>
      <def localId="79" locator="39:1-40:46" name="StartOfFirstICU" context="Patient" accessLevel="Public" xsi:type="FunctionDef">
         <annotation xsi:type="a:Annotation">
            <a:s r="79">
               <a:s>define function &quot;StartOfFirstICU&quot;(Encounter </a:s>
               <a:s r="69">
                  <a:s>&quot;Encounter, Performed&quot;</a:s>
               </a:s>
               <a:s> ):
  </a:s>
               <a:s r="78">
                  <a:s r="78">
                     <a:s>start of </a:s>
                     <a:s r="77">
                        <a:s>&quot;FirstICULocationPeriod&quot;(</a:s>
                        <a:s r="70">
                           <a:s>Encounter</a:s>
                        </a:s>
                        <a:s>)</a:s>
                     </a:s>
                  </a:s>
               </a:s>
            </a:s>
         </annotation>
         <expression localId="78" locator="40:3-40:46" xsi:type="Start">
            <operand localId="77" locator="40:12-40:46" name="FirstICULocationPeriod" xsi:type="FunctionRef">
               <operand localId="70" locator="40:37-40:45" name="Encounter" xsi:type="OperandRef"/>
            </operand>
         </expression>
         <operand name="Encounter">
            <operandTypeSpecifier localId="69" locator="39:45-39:66" xmlns:ns4="urn:healthit-gov:qdm:v5_5" name="ns4:PositiveEncounterPerformed" xsi:type="NamedTypeSpecifier"/>
         </operand>
      </def>
      <def localId="94" locator="42:1-43:141" name="FromDayOfStartOfHospitalizationToDayAfterFirstICU" context="Patient" accessLevel="Public" xsi:type="FunctionDef">
         <annotation xsi:type="a:Annotation">
            <a:s r="94">
               <a:s>define function &quot;FromDayOfStartOfHospitalizationToDayAfterFirstICU&quot;(Encounter </a:s>
               <a:s r="80">
                  <a:s>&quot;Encounter, Performed&quot;</a:s>
               </a:s>
               <a:s> ):
  </a:s>
               <a:s r="93">
                  <a:s r="93">
                     <a:s>Interval[</a:s>
                     <a:s r="86">
                        <a:s r="81">
                           <a:s>Global</a:s>
                        </a:s>
                        <a:s>.</a:s>
                        <a:s r="86">
                           <a:s>&quot;ToDate&quot;(</a:s>
                           <a:s r="85">
                              <a:s>start of </a:s>
                              <a:s r="84">
                                 <a:s r="82">
                                    <a:s>Global</a:s>
                                 </a:s>
                                 <a:s>.</a:s>
                                 <a:s r="84">
                                    <a:s>&quot;HospitalizationWithObservation&quot;(</a:s>
                                    <a:s r="83">
                                       <a:s>Encounter</a:s>
                                    </a:s>
                                    <a:s>)</a:s>
                                 </a:s>
                              </a:s>
                           </a:s>
                           <a:s>)</a:s>
                        </a:s>
                     </a:s>
                     <a:s>, </a:s>
                     <a:s r="92">
                        <a:s r="87">
                           <a:s>Global</a:s>
                        </a:s>
                        <a:s>.</a:s>
                        <a:s r="92">
                           <a:s>&quot;ToDate&quot;(</a:s>
                           <a:s r="91">
                              <a:s r="89">
                                 <a:s>StartOfFirstICU(</a:s>
                                 <a:s r="88">
                                    <a:s>Encounter</a:s>
                                 </a:s>
                                 <a:s>)</a:s>
                              </a:s>
                              <a:s>+ </a:s>
                              <a:s r="90">
                                 <a:s>2 days</a:s>
                              </a:s>
                           </a:s>
                           <a:s>)</a:s>
                        </a:s>
                     </a:s>
                     <a:s>)</a:s>
                  </a:s>
               </a:s>
            </a:s>
         </annotation>
         <expression localId="93" locator="43:3-43:141" lowClosed="true" highClosed="false" xsi:type="Interval">
            <low localId="86" locator="43:12-43:87" name="ToDate" libraryName="Global" xsi:type="FunctionRef">
               <operand localId="85" locator="43:28-43:86" xsi:type="Start">
                  <operand localId="84" locator="43:37-43:86" name="HospitalizationWithObservation" libraryName="Global" xsi:type="FunctionRef">
                     <operand localId="83" locator="43:77-43:85" name="Encounter" xsi:type="OperandRef"/>
                  </operand>
               </operand>
            </low>
            <high localId="92" locator="43:90-43:140" name="ToDate" libraryName="Global" xsi:type="FunctionRef">
               <operand localId="91" locator="43:106-43:139" xsi:type="Add">
                  <operand localId="89" locator="43:106-43:131" name="StartOfFirstICU" xsi:type="FunctionRef">
                     <operand localId="88" locator="43:122-43:130" name="Encounter" xsi:type="OperandRef"/>
                  </operand>
                  <operand localId="90" locator="43:134-43:139" value="2" unit="days" xsi:type="Quantity"/>
               </operand>
            </high>
         </expression>
         <operand name="Encounter">
            <operandTypeSpecifier localId="80" locator="42:79-42:100" xmlns:ns5="urn:healthit-gov:qdm:v5_5" name="ns5:PositiveEncounterPerformed" xsi:type="NamedTypeSpecifier"/>
         </operand>
      </def>
   </statements>
</library>
