<?xml version="1.0" encoding="UTF-8"?>
<library xmlns="urn:hl7-org:elm:r1" xmlns:t="urn:hl7-org:elm-types:r1" xmlns:xsi="http://www.w3.org/2001/XMLSchema-instance" xmlns:xsd="http://www.w3.org/2001/XMLSchema" xmlns:fhir="http://hl7.org/fhir" xmlns:qdm43="urn:healthit-gov:qdm:v4_3" xmlns:qdm53="urn:healthit-gov:qdm:v5_3" xmlns:a="urn:hl7-org:cql-annotations:r1">
   <annotation translatorOptions="EnableAnnotations,EnableLocators,DisableListDemotion,DisableListPromotion,DisableMethodInvocation" xsi:type="a:CqlToElmInfo"/>
   <annotation xsi:type="a:Annotation">
      <a:s r="281">
         <a:s>library AlaraCTOQR version '0.1.006'</a:s>
      </a:s>
   </annotation>
   <identifier id="AlaraCTOQR" version="0.1.006"/>
   <schemaIdentifier id="urn:hl7-org:elm" version="r1"/>
   <usings>
      <def localIdentifier="System" uri="urn:hl7-org:elm-types:r1"/>
      <def localId="1" locator="3:1-3:23" localIdentifier="QDM" uri="urn:healthit-gov:qdm:v5_6" version="5.6">
         <annotation xsi:type="a:Annotation">
            <a:s r="1">
               <a:s>using </a:s>
               <a:s>
                  <a:s>QDM</a:s>
               </a:s>
               <a:s> version '5.6'</a:s>
            </a:s>
         </annotation>
      </def>
   </usings>
   <includes>
      <def localId="2" locator="5:1-5:64" localIdentifier="Global" path="MATGlobalCommonFunctions" version="7.0.000">
         <annotation xsi:type="a:Annotation">
            <a:s r="2">
               <a:s>include </a:s>
               <a:s>
                  <a:s>MATGlobalCommonFunctions</a:s>
               </a:s>
               <a:s> version '7.0.000' called Global</a:s>
            </a:s>
         </annotation>
      </def>
   </includes>
   <parameters>
      <def localId="18" locator="20:1-20:49" name="Measurement Period" accessLevel="Public">
         <annotation xsi:type="a:Annotation">
            <a:s r="18">
               <a:s>parameter &quot;Measurement Period&quot; </a:s>
               <a:s r="17">
                  <a:s>Interval&lt;</a:s>
                  <a:s r="16">
                     <a:s>DateTime</a:s>
                  </a:s>
                  <a:s>></a:s>
               </a:s>
            </a:s>
         </annotation>
         <parameterTypeSpecifier localId="17" locator="20:32-20:49" xsi:type="IntervalTypeSpecifier">
            <pointType localId="16" locator="20:41-20:48" name="t:DateTime" xsi:type="NamedTypeSpecifier"/>
         </parameterTypeSpecifier>
      </def>
   </parameters>
   <codeSystems>
      <def localId="3" locator="7:1-7:51" name="LOINC" id="urn:oid:2.16.840.1.113883.6.1" accessLevel="Public">
         <annotation xsi:type="a:Annotation">
            <a:s r="3">
               <a:s>codesystem &quot;LOINC&quot;: 'urn:oid:2.16.840.1.113883.6.1'</a:s>
            </a:s>
         </annotation>
      </def>
   </codeSystems>
   <valueSets>
      <def localId="4" locator="9:1-9:115" name="Emergency Department Evaluation and Management Visit" id="urn:oid:2.16.840.1.113883.3.464.1003.101.12.1010" accessLevel="Public">
         <annotation xsi:type="a:Annotation">
            <a:s r="4">
               <a:s>valueset &quot;Emergency Department Evaluation and Management Visit&quot;: 'urn:oid:2.16.840.1.113883.3.464.1003.101.12.1010'</a:s>
            </a:s>
         </annotation>
      </def>
      <def localId="5" locator="10:1-10:58" name="Ethnicity" id="urn:oid:2.16.840.1.114222.4.11.837" accessLevel="Public">
         <annotation xsi:type="a:Annotation">
            <a:s r="5">
               <a:s>valueset &quot;Ethnicity&quot;: 'urn:oid:2.16.840.1.114222.4.11.837'</a:s>
            </a:s>
         </annotation>
      </def>
      <def localId="6" locator="11:1-11:68" name="ONC Administrative Sex" id="urn:oid:2.16.840.1.113762.1.4.1" accessLevel="Public">
         <annotation xsi:type="a:Annotation">
            <a:s r="6">
               <a:s>valueset &quot;ONC Administrative Sex&quot;: 'urn:oid:2.16.840.1.113762.1.4.1'</a:s>
            </a:s>
         </annotation>
      </def>
      <def localId="7" locator="12:1-12:81" name="Outpatient Encounter Locations" id="urn:oid:2.16.840.1.113762.1.4.1228.6" accessLevel="Public">
         <annotation xsi:type="a:Annotation">
            <a:s r="7">
               <a:s>valueset &quot;Outpatient Encounter Locations&quot;: 'urn:oid:2.16.840.1.113762.1.4.1228.6'</a:s>
            </a:s>
         </annotation>
      </def>
      <def localId="8" locator="13:1-13:55" name="Payer" id="urn:oid:2.16.840.1.114222.4.11.3591" accessLevel="Public">
         <annotation xsi:type="a:Annotation">
            <a:s r="8">
               <a:s>valueset &quot;Payer&quot;: 'urn:oid:2.16.840.1.114222.4.11.3591'</a:s>
            </a:s>
         </annotation>
      </def>
      <def localId="9" locator="14:1-14:53" name="Race" id="urn:oid:2.16.840.1.114222.4.11.836" accessLevel="Public">
         <annotation xsi:type="a:Annotation">
            <a:s r="9">
               <a:s>valueset &quot;Race&quot;: 'urn:oid:2.16.840.1.114222.4.11.836'</a:s>
            </a:s>
         </annotation>
      </def>
   </valueSets>
   <codes>
      <def localId="11" locator="16:1-16:94" name="Calculated CT global noise" id="96912-1" display="Calculated CT global noise" accessLevel="Public">
         <annotation xsi:type="a:Annotation">
            <a:s r="11">
               <a:s>code &quot;Calculated CT global noise&quot;: '96912-1' from </a:s>
               <a:s r="10">
                  <a:s>&quot;LOINC&quot;</a:s>
               </a:s>
               <a:s> display 'Calculated CT global noise'</a:s>
            </a:s>
         </annotation>
         <codeSystem localId="10" locator="16:51-16:57" name="LOINC"/>
      </def>
      <def localId="13" locator="17:1-17:106" name="Calculated CT size-adjusted dose" id="96913-9" display="Calculated CT size-adjusted dose" accessLevel="Public">
         <annotation xsi:type="a:Annotation">
            <a:s r="13">
               <a:s>code &quot;Calculated CT size-adjusted dose&quot;: '96913-9' from </a:s>
               <a:s r="12">
                  <a:s>&quot;LOINC&quot;</a:s>
               </a:s>
               <a:s> display 'Calculated CT size-adjusted dose'</a:s>
            </a:s>
         </annotation>
         <codeSystem localId="12" locator="17:57-17:63" name="LOINC"/>
      </def>
      <def localId="15" locator="18:1-18:110" name="CT dose and image quality category" id="96914-7" display="CT dose and image quality category" accessLevel="Public">
         <annotation xsi:type="a:Annotation">
            <a:s r="15">
               <a:s>code &quot;CT dose and image quality category&quot;: '96914-7' from </a:s>
               <a:s r="14">
                  <a:s>&quot;LOINC&quot;</a:s>
               </a:s>
               <a:s> display 'CT dose and image quality category'</a:s>
            </a:s>
         </annotation>
         <codeSystem localId="14" locator="18:59-18:65" name="LOINC"/>
      </def>
   </codes>
   <contexts>
      <def locator="22:1-22:15" name="Patient"/>
   </contexts>
   <statements>
      <def locator="22:1-22:15" name="Patient" context="Patient">
         <expression xsi:type="SingletonFrom">
            <operand locator="22:1-22:15" xmlns:ns0="urn:healthit-gov:qdm:v5_6" dataType="ns0:Patient" templateId="Patient" xsi:type="Retrieve"/>
         </expression>
      </def>
      <def localId="20" locator="24:1-25:51" name="SDE Ethnicity" context="Patient" accessLevel="Public">
         <annotation xsi:type="a:Annotation">
            <a:s r="20">
               <a:s>define &quot;SDE Ethnicity&quot;:
  </a:s>
               <a:s r="19">
                  <a:s>[&quot;Patient Characteristic Ethnicity&quot;: </a:s>
                  <a:s>
                     <a:s>&quot;Ethnicity&quot;</a:s>
                  </a:s>
                  <a:s>]</a:s>
               </a:s>
            </a:s>
         </annotation>
         <expression localId="19" locator="25:3-25:51" xmlns:ns1="urn:healthit-gov:qdm:v5_6" dataType="ns1:PatientCharacteristicEthnicity" codeProperty="code" codeComparator="in" xsi:type="Retrieve">
            <codes locator="25:40-25:50" name="Ethnicity" xsi:type="ValueSetRef"/>
         </expression>
      </def>
      <def localId="22" locator="27:1-28:43" name="SDE Payer" context="Patient" accessLevel="Public">
         <annotation xsi:type="a:Annotation">
            <a:s r="22">
               <a:s>define &quot;SDE Payer&quot;:
  </a:s>
               <a:s r="21">
                  <a:s>[&quot;Patient Characteristic Payer&quot;: </a:s>
                  <a:s>
                     <a:s>&quot;Payer&quot;</a:s>
                  </a:s>
                  <a:s>]</a:s>
               </a:s>
            </a:s>
         </annotation>
         <expression localId="21" locator="28:3-28:43" xmlns:ns2="urn:healthit-gov:qdm:v5_6" dataType="ns2:PatientCharacteristicPayer" codeProperty="code" codeComparator="in" xsi:type="Retrieve">
            <codes locator="28:36-28:42" name="Payer" xsi:type="ValueSetRef"/>
         </expression>
      </def>
      <def localId="24" locator="30:1-31:41" name="SDE Race" context="Patient" accessLevel="Public">
         <annotation xsi:type="a:Annotation">
            <a:s r="24">
               <a:s>define &quot;SDE Race&quot;:
  </a:s>
               <a:s r="23">
                  <a:s>[&quot;Patient Characteristic Race&quot;: </a:s>
                  <a:s>
                     <a:s>&quot;Race&quot;</a:s>
                  </a:s>
                  <a:s>]</a:s>
               </a:s>
            </a:s>
         </annotation>
         <expression localId="23" locator="31:3-31:41" xmlns:ns3="urn:healthit-gov:qdm:v5_6" dataType="ns3:PatientCharacteristicRace" codeProperty="code" codeComparator="in" xsi:type="Retrieve">
            <codes locator="31:35-31:40" name="Race" xsi:type="ValueSetRef"/>
         </expression>
      </def>
      <def localId="26" locator="33:1-34:58" name="SDE Sex" context="Patient" accessLevel="Public">
         <annotation xsi:type="a:Annotation">
            <a:s r="26">
               <a:s>define &quot;SDE Sex&quot;:
  </a:s>
               <a:s r="25">
                  <a:s>[&quot;Patient Characteristic Sex&quot;: </a:s>
                  <a:s>
                     <a:s>&quot;ONC Administrative Sex&quot;</a:s>
                  </a:s>
                  <a:s>]</a:s>
               </a:s>
            </a:s>
         </annotation>
         <expression localId="25" locator="34:3-34:58" xmlns:ns4="urn:healthit-gov:qdm:v5_6" dataType="ns4:PatientCharacteristicSex" codeProperty="code" codeComparator="in" xsi:type="Retrieve">
            <codes locator="34:34-34:57" name="ONC Administrative Sex" xsi:type="ValueSetRef"/>
         </expression>
      </def>
      <def localId="40" locator="36:1-39:58" name="Qualifying ED Encounters" context="Patient" accessLevel="Public">
         <annotation xsi:type="a:Annotation">
            <a:s r="40">
               <a:s>define &quot;Qualifying ED Encounters&quot;:
  </a:s>
               <a:s r="39">
                  <a:s>
                     <a:s r="28">
                        <a:s r="27">
                           <a:s r="27">
                              <a:s>[&quot;Encounter, Performed&quot;: </a:s>
                              <a:s>
                                 <a:s>&quot;Emergency Department Evaluation and Management Visit&quot;</a:s>
                              </a:s>
                              <a:s>]</a:s>
                           </a:s>
                        </a:s>
                        <a:s> OutpatientEncounter</a:s>
                     </a:s>
                  </a:s>
                  <a:s>
    </a:s>
                  <a:s r="38">
                     <a:s>where </a:s>
                     <a:s r="38">
                        <a:s r="32">
                           <a:s r="30">
                              <a:s r="29">
                                 <a:s>OutpatientEncounter</a:s>
                              </a:s>
                              <a:s>.</a:s>
                              <a:s r="30">
                                 <a:s>relevantPeriod</a:s>
                              </a:s>
                           </a:s>
                           <a:s r="32"> overlaps </a:s>
                           <a:s r="31">
                              <a:s>&quot;Measurement Period&quot;</a:s>
                           </a:s>
                        </a:s>
                        <a:s>
      and </a:s>
                        <a:s r="37">
                           <a:s r="35">
                              <a:s>AgeInYearsAt(</a:s>
                              <a:s r="34">
                                 <a:s>start of </a:s>
                                 <a:s r="33">
                                    <a:s>&quot;Measurement Period&quot;</a:s>
                                 </a:s>
                              </a:s>
                              <a:s>)</a:s>
                           </a:s>
                           <a:s r="36">>= 18</a:s>
                        </a:s>
                     </a:s>
                  </a:s>
               </a:s>
            </a:s>
         </annotation>
         <expression localId="39" locator="37:3-39:58" xsi:type="Query">
            <source localId="28" locator="37:3-37:102" alias="OutpatientEncounter">
               <expression localId="27" locator="37:3-37:82" xmlns:ns5="urn:healthit-gov:qdm:v5_6" dataType="ns5:PositiveEncounterPerformed" templateId="PositiveEncounterPerformed" codeProperty="code" codeComparator="in" xsi:type="Retrieve">
                  <codes locator="37:28-37:81" name="Emergency Department Evaluation and Management Visit" xsi:type="ValueSetRef"/>
               </expression>
            </source>
            <where localId="38" locator="38:5-39:58" xsi:type="And">
               <operand localId="32" locator="38:11-38:74" xsi:type="Overlaps">
                  <operand localId="30" locator="38:11-38:44" path="relevantPeriod" scope="OutpatientEncounter" xsi:type="Property"/>
                  <operand localId="31" locator="38:55-38:74" name="Measurement Period" xsi:type="ParameterRef"/>
               </operand>
               <operand localId="37" locator="39:11-39:58" xsi:type="GreaterOrEqual">
                  <operand localId="35" locator="39:11-39:53" precision="Year" xsi:type="CalculateAgeAt">
                     <operand path="birthDatetime" xsi:type="Property">
                        <source name="Patient" xsi:type="ExpressionRef"/>
                     </operand>
                     <operand localId="34" locator="39:24-39:52" xsi:type="Start">
                        <operand localId="33" locator="39:33-39:52" name="Measurement Period" xsi:type="ParameterRef"/>
                     </operand>
                  </operand>
                  <operand localId="36" locator="39:57-39:58" valueType="t:Integer" value="18" xsi:type="Literal"/>
               </operand>
            </where>
         </expression>
      </def>
      <def localId="49" locator="41:1-43:74" name="Qualifying Outpatient CTScans" context="Patient" accessLevel="Public">
         <annotation xsi:type="a:Annotation">
            <a:s r="49">
               <a:s>define &quot;Qualifying Outpatient CTScans&quot;:
  </a:s>
               <a:s r="48">
                  <a:s>
                     <a:s r="42">
                        <a:s r="41">
                           <a:s r="41">
                              <a:s>[&quot;Diagnostic Study, Performed&quot;: </a:s>
                              <a:s>
                                 <a:s>&quot;CT dose and image quality category&quot;</a:s>
                              </a:s>
                              <a:s>]</a:s>
                           </a:s>
                        </a:s>
                        <a:s> CTScan</a:s>
                     </a:s>
                  </a:s>
                  <a:s>
    </a:s>
                  <a:s r="47">
                     <a:s>where </a:s>
                     <a:s r="47">
                        <a:s r="45">
                           <a:s r="44">
                              <a:s r="43">
                                 <a:s>CTScan</a:s>
                              </a:s>
                              <a:s>.</a:s>
                              <a:s r="44">
                                 <a:s>facilityLocation</a:s>
                              </a:s>
                           </a:s>
                           <a:s>.</a:s>
                           <a:s r="45">
                              <a:s>code</a:s>
                           </a:s>
                        </a:s>
                        <a:s> in </a:s>
                        <a:s r="46">
                           <a:s>&quot;Outpatient Encounter Locations&quot;</a:s>
                        </a:s>
                     </a:s>
                  </a:s>
               </a:s>
            </a:s>
         </annotation>
         <expression localId="48" locator="42:3-43:74" xsi:type="Query">
            <source localId="42" locator="42:3-42:78" alias="CTScan">
               <expression localId="41" locator="42:3-42:71" xmlns:ns6="urn:healthit-gov:qdm:v5_6" dataType="ns6:PositiveDiagnosticStudyPerformed" templateId="PositiveDiagnosticStudyPerformed" codeProperty="code" codeComparator="~" xsi:type="Retrieve">
                  <codes xsi:type="ToList">
                     <operand locator="42:35-42:70" name="CT dose and image quality category" xsi:type="CodeRef"/>
                  </codes>
               </expression>
            </source>
            <where localId="47" locator="43:5-43:74" xsi:type="InValueSet">
               <code localId="45" locator="43:11-43:38" path="code" xsi:type="Property">
                  <source localId="44" locator="43:11-43:33" path="facilityLocation" scope="CTScan" xsi:type="Property"/>
               </code>
               <valueset localId="46" locator="43:43-43:74" name="Outpatient Encounter Locations" xsi:type="ValueSetRef"/>
            </where>
         </expression>
      </def>
      <def localId="67" locator="45:1-50:41" name="Initial Population" context="Patient" accessLevel="Public">
         <annotation xsi:type="a:Annotation">
            <a:s r="67">
               <a:s>define &quot;Initial Population&quot;:
  </a:s>
               <a:s r="66">
                  <a:s r="64">
                     <a:s>( </a:s>
                     <a:s r="64">
                        <a:s>
                           <a:s r="51">
                              <a:s r="50">
                                 <a:s r="50">
                                    <a:s>[&quot;Diagnostic Study, Performed&quot;: </a:s>
                                    <a:s>
                                       <a:s>&quot;CT dose and image quality category&quot;</a:s>
                                    </a:s>
                                    <a:s>]</a:s>
                                 </a:s>
                              </a:s>
                              <a:s> CTScan</a:s>
                           </a:s>
                        </a:s>
                        <a:s>
      </a:s>
                        <a:s r="63">
                           <a:s>with </a:s>
                           <a:s r="53">
                              <a:s r="52">
                                 <a:s>
                                    <a:s>&quot;Qualifying ED Encounters&quot;</a:s>
                                 </a:s>
                              </a:s>
                              <a:s> EDEncounters</a:s>
                           </a:s>
                           <a:s>
        such that </a:s>
                           <a:s r="62">
                              <a:s r="59">
                                 <a:s r="54">
                                    <a:s>Global</a:s>
                                 </a:s>
                                 <a:s>.</a:s>
                                 <a:s r="59">
                                    <a:s>&quot;NormalizeInterval&quot; ( </a:s>
                                    <a:s r="56">
                                       <a:s r="55">
                                          <a:s>CTScan</a:s>
                                       </a:s>
                                       <a:s>.</a:s>
                                       <a:s r="56">
                                          <a:s>relevantDatetime</a:s>
                                       </a:s>
                                    </a:s>
                                    <a:s>, </a:s>
                                    <a:s r="58">
                                       <a:s r="57">
                                          <a:s>CTScan</a:s>
                                       </a:s>
                                       <a:s>.</a:s>
                                       <a:s r="58">
                                          <a:s>relevantPeriod</a:s>
                                       </a:s>
                                    </a:s>
                                    <a:s> )</a:s>
                                 </a:s>
                              </a:s>
                              <a:s r="62"> starts during </a:s>
                              <a:s r="61">
                                 <a:s r="60">
                                    <a:s>EDEncounters</a:s>
                                 </a:s>
                                 <a:s>.</a:s>
                                 <a:s r="61">
                                    <a:s>relevantPeriod</a:s>
                                 </a:s>
                              </a:s>
                           </a:s>
                        </a:s>
                     </a:s>
                     <a:s>
  )</a:s>
                  </a:s>
                  <a:s>
    union </a:s>
                  <a:s r="65">
                     <a:s>&quot;Qualifying Outpatient CTScans&quot;</a:s>
                  </a:s>
               </a:s>
            </a:s>
         </annotation>
         <expression localId="66" locator="46:3-50:41" xsi:type="Union">
            <operand localId="64" locator="46:3-49:3" xsi:type="Query">
               <source localId="51" locator="46:5-46:80" alias="CTScan">
                  <expression localId="50" locator="46:5-46:73" xmlns:ns7="urn:healthit-gov:qdm:v5_6" dataType="ns7:PositiveDiagnosticStudyPerformed" templateId="PositiveDiagnosticStudyPerformed" codeProperty="code" codeComparator="~" xsi:type="Retrieve">
                     <codes xsi:type="ToList">
                        <operand locator="46:37-46:72" name="CT dose and image quality category" xsi:type="CodeRef"/>
                     </codes>
                  </expression>
               </source>
               <relationship localId="63" locator="47:7-48:137" alias="EDEncounters" xsi:type="With">
                  <expression localId="52" locator="47:12-47:37" name="Qualifying ED Encounters" xsi:type="ExpressionRef"/>
                  <suchThat localId="62" locator="48:19-48:137" xsi:type="In">
                     <operand locator="48:97-48:102" xsi:type="Start">
                        <operand localId="59" locator="48:19-48:95" name="NormalizeInterval" libraryName="Global" xsi:type="FunctionRef">
                           <operand localId="56" locator="48:48-48:70" path="relevantDatetime" scope="CTScan" xsi:type="Property"/>
                           <operand localId="58" locator="48:73-48:93" path="relevantPeriod" scope="CTScan" xsi:type="Property"/>
                        </operand>
                     </operand>
                     <operand localId="61" locator="48:111-48:137" path="relevantPeriod" scope="EDEncounters" xsi:type="Property"/>
                  </suchThat>
               </relationship>
            </operand>
            <operand localId="65" locator="50:11-50:41" name="Qualifying Outpatient CTScans" xsi:type="ExpressionRef"/>
         </expression>
      </def>
      <def localId="92" locator="92:1-97:3" name="Global Noise Value" context="Patient" accessLevel="Public" xsi:type="FunctionDef">
         <annotation xsi:type="a:Annotation">
            <a:s r="92">
               <a:s>define function &quot;Global Noise Value&quot;(Study </a:s>
               <a:s r="71">
                  <a:s>&quot;Diagnostic Study, Performed&quot;</a:s>
               </a:s>
               <a:s> ):
  </a:s>
               <a:s r="91">
                  <a:s r="91">
                     <a:s>singleton from </a:s>
                     <a:s r="90">
                        <a:s>( </a:s>
                        <a:s r="90">
                           <a:s>
                              <a:s r="73">
                                 <a:s r="72">
                                    <a:s>
                                       <a:s>Study.components</a:s>
                                    </a:s>
                                 </a:s>
                                 <a:s> C</a:s>
                              </a:s>
                           </a:s>
                           <a:s>
      </a:s>
                           <a:s r="83">
                              <a:s>where </a:s>
                              <a:s r="83">
                                 <a:s r="77">
                                    <a:s r="75">
                                       <a:s r="74">
                                          <a:s>C</a:s>
                                       </a:s>
                                       <a:s>.</a:s>
                                       <a:s r="75">
                                          <a:s>code</a:s>
                                       </a:s>
                                    </a:s>
                                    <a:s> ~ </a:s>
                                    <a:s r="76">
                                       <a:s>&quot;Calculated CT global noise&quot;</a:s>
                                    </a:s>
                                 </a:s>
                                 <a:s>
        and </a:s>
                                 <a:s r="82">
                                    <a:s r="80">
                                       <a:s r="79">
                                          <a:s r="78">
                                             <a:s>C</a:s>
                                          </a:s>
                                          <a:s>.</a:s>
                                          <a:s r="79">
                                             <a:s>result</a:s>
                                          </a:s>
                                       </a:s>
                                       <a:s>.</a:s>
                                       <a:s r="80">
                                          <a:s>unit</a:s>
                                       </a:s>
                                    </a:s>
                                    <a:s> = </a:s>
                                    <a:s r="81">
                                       <a:s>'[hnsf\'U]'</a:s>
                                    </a:s>
                                 </a:s>
                              </a:s>
                           </a:s>
                           <a:s>
      </a:s>
                           <a:s r="89">
                              <a:s>return </a:s>
                              <a:s r="88">
                                 <a:s r="86">
                                    <a:s r="85">
                                       <a:s r="84">
                                          <a:s>C</a:s>
                                       </a:s>
                                       <a:s>.</a:s>
                                       <a:s r="85">
                                          <a:s>result</a:s>
                                       </a:s>
                                    </a:s>
                                    <a:s>.</a:s>
                                    <a:s r="86">
                                       <a:s>value</a:s>
                                    </a:s>
                                 </a:s>
                                 <a:s> as </a:s>
                                 <a:s r="87">
                                    <a:s>Decimal</a:s>
                                 </a:s>
                              </a:s>
                           </a:s>
                        </a:s>
                        <a:s>
  )</a:s>
                     </a:s>
                  </a:s>
               </a:s>
            </a:s>
         </annotation>
         <expression localId="91" locator="93:3-97:3" xsi:type="SingletonFrom">
            <operand localId="90" locator="93:18-97:3" xsi:type="Query">
               <source localId="73" locator="93:20-93:37" alias="C">
                  <expression localId="72" locator="93:20-93:35" path="components" xsi:type="Property">
                     <source name="Study" xsi:type="OperandRef"/>
                  </expression>
               </source>
               <where localId="83" locator="94:7-95:39" xsi:type="And">
                  <operand localId="77" locator="94:13-94:49" xsi:type="Equivalent">
                     <operand localId="75" locator="94:13-94:18" path="code" scope="C" xsi:type="Property"/>
                     <operand localId="76" locator="94:22-94:49" name="Calculated CT global noise" xsi:type="CodeRef"/>
                  </operand>
                  <operand localId="82" locator="95:13-95:39" xsi:type="Equal">
                     <operand localId="80" locator="95:13-95:25" path="unit" xsi:type="Property">
                        <source localId="79" locator="95:13-95:20" path="result" scope="C" xsi:type="Property"/>
                     </operand>
                     <operand localId="81" locator="95:29-95:39" valueType="t:String" value="[hnsf'U]" xsi:type="Literal"/>
                  </operand>
               </where>
               <return localId="89" locator="96:7-96:38">
                  <expression localId="88" locator="96:14-96:38" strict="false" xsi:type="As">
                     <operand localId="86" locator="96:14-96:27" path="value" xsi:type="Property">
                        <source localId="85" locator="96:14-96:21" path="result" scope="C" xsi:type="Property"/>
                     </operand>
                     <asTypeSpecifier localId="87" locator="96:32-96:38" name="t:Decimal" xsi:type="NamedTypeSpecifier"/>
                  </expression>
               </return>
            </operand>
         </expression>
         <operand name="Study">
            <operandTypeSpecifier localId="71" locator="92:44-92:72" xmlns:ns8="urn:healthit-gov:qdm:v5_6" name="ns8:PositiveDiagnosticStudyPerformed" xsi:type="NamedTypeSpecifier"/>
         </operand>
      </def>
      <def localId="117" locator="99:1-104:3" name="Size Adjusted Value" context="Patient" accessLevel="Public" xsi:type="FunctionDef">
         <annotation xsi:type="a:Annotation">
            <a:s r="117">
               <a:s>define function &quot;Size Adjusted Value&quot;(Study </a:s>
               <a:s r="96">
                  <a:s>&quot;Diagnostic Study, Performed&quot;</a:s>
               </a:s>
               <a:s> ):
  </a:s>
               <a:s r="116">
                  <a:s r="116">
                     <a:s>singleton from </a:s>
                     <a:s r="115">
                        <a:s>( </a:s>
                        <a:s r="115">
                           <a:s>
                              <a:s r="98">
                                 <a:s r="97">
                                    <a:s>
                                       <a:s>Study.components</a:s>
                                    </a:s>
                                 </a:s>
                                 <a:s> C</a:s>
                              </a:s>
                           </a:s>
                           <a:s>
      </a:s>
                           <a:s r="108">
                              <a:s>where </a:s>
                              <a:s r="108">
                                 <a:s r="102">
                                    <a:s r="100">
                                       <a:s r="99">
                                          <a:s>C</a:s>
                                       </a:s>
                                       <a:s>.</a:s>
                                       <a:s r="100">
                                          <a:s>code</a:s>
                                       </a:s>
                                    </a:s>
                                    <a:s> ~ </a:s>
                                    <a:s r="101">
                                       <a:s>&quot;Calculated CT size-adjusted dose&quot;</a:s>
                                    </a:s>
                                 </a:s>
                                 <a:s>
        and </a:s>
                                 <a:s r="107">
                                    <a:s r="105">
                                       <a:s r="104">
                                          <a:s r="103">
                                             <a:s>C</a:s>
                                          </a:s>
                                          <a:s>.</a:s>
                                          <a:s r="104">
                                             <a:s>result</a:s>
                                          </a:s>
                                       </a:s>
                                       <a:s>.</a:s>
                                       <a:s r="105">
                                          <a:s>unit</a:s>
                                       </a:s>
                                    </a:s>
                                    <a:s> = </a:s>
                                    <a:s r="106">
                                       <a:s>'mGy.cm'</a:s>
                                    </a:s>
                                 </a:s>
                              </a:s>
                           </a:s>
                           <a:s>
      </a:s>
                           <a:s r="114">
                              <a:s>return </a:s>
                              <a:s r="113">
                                 <a:s r="111">
                                    <a:s r="110">
                                       <a:s r="109">
                                          <a:s>C</a:s>
                                       </a:s>
                                       <a:s>.</a:s>
                                       <a:s r="110">
                                          <a:s>result</a:s>
                                       </a:s>
                                    </a:s>
                                    <a:s>.</a:s>
                                    <a:s r="111">
                                       <a:s>value</a:s>
                                    </a:s>
                                 </a:s>
                                 <a:s> as </a:s>
                                 <a:s r="112">
                                    <a:s>Decimal</a:s>
                                 </a:s>
                              </a:s>
                           </a:s>
                        </a:s>
                        <a:s>
  )</a:s>
                     </a:s>
                  </a:s>
               </a:s>
            </a:s>
         </annotation>
         <expression localId="116" locator="100:3-104:3" xsi:type="SingletonFrom">
            <operand localId="115" locator="100:18-104:3" xsi:type="Query">
               <source localId="98" locator="100:20-100:37" alias="C">
                  <expression localId="97" locator="100:20-100:35" path="components" xsi:type="Property">
                     <source name="Study" xsi:type="OperandRef"/>
                  </expression>
               </source>
               <where localId="108" locator="101:7-102:36" xsi:type="And">
                  <operand localId="102" locator="101:13-101:55" xsi:type="Equivalent">
                     <operand localId="100" locator="101:13-101:18" path="code" scope="C" xsi:type="Property"/>
                     <operand localId="101" locator="101:22-101:55" name="Calculated CT size-adjusted dose" xsi:type="CodeRef"/>
                  </operand>
                  <operand localId="107" locator="102:13-102:36" xsi:type="Equal">
                     <operand localId="105" locator="102:13-102:25" path="unit" xsi:type="Property">
                        <source localId="104" locator="102:13-102:20" path="result" scope="C" xsi:type="Property"/>
                     </operand>
                     <operand localId="106" locator="102:29-102:36" valueType="t:String" value="mGy.cm" xsi:type="Literal"/>
                  </operand>
               </where>
               <return localId="114" locator="103:7-103:38">
                  <expression localId="113" locator="103:14-103:38" strict="false" xsi:type="As">
                     <operand localId="111" locator="103:14-103:27" path="value" xsi:type="Property">
                        <source localId="110" locator="103:14-103:21" path="result" scope="C" xsi:type="Property"/>
                     </operand>
                     <asTypeSpecifier localId="112" locator="103:32-103:38" name="t:Decimal" xsi:type="NamedTypeSpecifier"/>
                  </expression>
               </return>
            </operand>
         </expression>
         <operand name="Study">
            <operandTypeSpecifier localId="96" locator="99:45-99:73" xmlns:ns9="urn:healthit-gov:qdm:v5_6" name="ns9:PositiveDiagnosticStudyPerformed" xsi:type="NamedTypeSpecifier"/>
         </operand>
      </def>
      <def localId="126" locator="52:1-56:31" name="Denominator" context="Patient" accessLevel="Public">
         <annotation xsi:type="a:Annotation">
            <a:s r="126">
               <a:s>define &quot;Denominator&quot;:
  </a:s>
               <a:s r="125">
                  <a:s>
                     <a:s r="69">
                        <a:s r="68">
                           <a:s>
                              <a:s>&quot;Initial Population&quot;</a:s>
                           </a:s>
                        </a:s>
                        <a:s> IP</a:s>
                     </a:s>
                  </a:s>
                  <a:s>
    </a:s>
                  <a:s r="124">
                     <a:s>where </a:s>
                     <a:s r="124">
                        <a:s r="120">
                           <a:s r="94">
                              <a:s r="93">
                                 <a:s>&quot;Global Noise Value&quot;(</a:s>
                                 <a:s r="70">
                                    <a:s>IP</a:s>
                                 </a:s>
                                 <a:s>)</a:s>
                              </a:s>
                              <a:s>is not null</a:s>
                           </a:s>
                           <a:s>
      and </a:s>
                           <a:s r="119">
                              <a:s r="118">
                                 <a:s>&quot;Size Adjusted Value&quot;(</a:s>
                                 <a:s r="95">
                                    <a:s>IP</a:s>
                                 </a:s>
                                 <a:s>)</a:s>
                              </a:s>
                              <a:s>is not null</a:s>
                           </a:s>
                        </a:s>
                        <a:s>
      and </a:s>
                        <a:s r="123">
                           <a:s r="122">
                              <a:s r="121">
                                 <a:s>IP</a:s>
                              </a:s>
                              <a:s>.</a:s>
                              <a:s r="122">
                                 <a:s>result</a:s>
                              </a:s>
                           </a:s>
                           <a:s> is not null</a:s>
                        </a:s>
                     </a:s>
                  </a:s>
               </a:s>
            </a:s>
         </annotation>
         <expression localId="125" locator="53:3-56:31" xsi:type="Query">
            <source localId="69" locator="53:3-53:25" alias="IP">
               <expression localId="68" locator="53:3-53:22" name="Initial Population" xsi:type="ExpressionRef"/>
            </source>
            <where localId="124" locator="54:5-56:31" xsi:type="And">
               <operand localId="120" locator="54:11-55:46" xsi:type="And">
                  <operand localId="94" locator="54:11-54:45" xsi:type="Not">
                     <operand locator="54:11-54:45" xsi:type="IsNull">
                        <operand localId="93" locator="54:11-54:34" name="Global Noise Value" xsi:type="FunctionRef">
                           <operand localId="70" locator="54:32-54:33" name="IP" xsi:type="AliasRef"/>
                        </operand>
                     </operand>
                  </operand>
                  <operand localId="119" locator="55:11-55:46" xsi:type="Not">
                     <operand locator="55:11-55:46" xsi:type="IsNull">
                        <operand localId="118" locator="55:11-55:35" name="Size Adjusted Value" xsi:type="FunctionRef">
                           <operand localId="95" locator="55:33-55:34" name="IP" xsi:type="AliasRef"/>
                        </operand>
                     </operand>
                  </operand>
               </operand>
               <operand localId="123" locator="56:11-56:31" xsi:type="Not">
                  <operand locator="56:11-56:31" xsi:type="IsNull">
                     <operand localId="122" locator="56:11-56:19" path="result" scope="IP" xsi:type="Property"/>
                  </operand>
               </operand>
            </where>
         </expression>
      </def>
      <def localId="135" locator="58:1-60:40" name="Denominator Exclusion" context="Patient" accessLevel="Public">
         <annotation xsi:type="a:Annotation">
            <a:s r="135">
               <a:s>define &quot;Denominator Exclusion&quot;:
  </a:s>
               <a:s r="134">
                  <a:s>
                     <a:s r="128">
                        <a:s r="127">
                           <a:s>
                              <a:s>&quot;Denominator&quot;</a:s>
                           </a:s>
                        </a:s>
                        <a:s> Denom</a:s>
                     </a:s>
                  </a:s>
                  <a:s>
    </a:s>
                  <a:s r="133">
                     <a:s>where </a:s>
                     <a:s r="133">
                        <a:s r="131">
                           <a:s r="130">
                              <a:s r="129">
                                 <a:s>Denom</a:s>
                              </a:s>
                              <a:s>.</a:s>
                              <a:s r="130">
                                 <a:s>result</a:s>
                              </a:s>
                           </a:s>
                           <a:s>.</a:s>
                           <a:s r="131">
                              <a:s>code</a:s>
                           </a:s>
                        </a:s>
                        <a:s> ~ </a:s>
                        <a:s r="132">
                           <a:s>'FULLBODY'</a:s>
                        </a:s>
                     </a:s>
                  </a:s>
               </a:s>
            </a:s>
         </annotation>
         <expression localId="134" locator="59:3-60:40" xsi:type="Query">
            <source localId="128" locator="59:3-59:21" alias="Denom">
               <expression localId="127" locator="59:3-59:15" name="Denominator" xsi:type="ExpressionRef"/>
            </source>
            <where localId="133" locator="60:5-60:40" xsi:type="Equivalent">
               <operand localId="131" locator="60:11-60:27" path="code" xsi:type="Property">
                  <source localId="130" locator="60:11-60:22" path="result" scope="Denom" xsi:type="Property"/>
               </operand>
               <operand localId="132" locator="60:31-60:40" valueType="t:String" value="FULLBODY" xsi:type="Literal"/>
            </where>
         </expression>
      </def>
      <def localId="163" locator="66:1-70:5" name="Qualifies" context="Patient" accessLevel="Public" xsi:type="FunctionDef">
         <annotation xsi:type="a:Annotation">
            <a:s r="163">
               <a:s>define function &quot;Qualifies&quot;(Study </a:s>
               <a:s r="144">
                  <a:s>&quot;Diagnostic Study, Performed&quot;</a:s>
               </a:s>
               <a:s>, code </a:s>
               <a:s r="145">
                  <a:s>String</a:s>
               </a:s>
               <a:s>, noiseThreshold </a:s>
               <a:s r="146">
                  <a:s>Decimal</a:s>
               </a:s>
               <a:s>, sizeDoseThreshold </a:s>
               <a:s r="147">
                  <a:s>Decimal</a:s>
               </a:s>
               <a:s> ):
  </a:s>
               <a:s r="162">
                  <a:s r="162">
                     <a:s r="152">
                        <a:s r="150">
                           <a:s r="149">
                              <a:s r="148">
                                 <a:s>Study</a:s>
                              </a:s>
                              <a:s>.</a:s>
                              <a:s r="149">
                                 <a:s>result</a:s>
                              </a:s>
                           </a:s>
                           <a:s>.</a:s>
                           <a:s r="150">
                              <a:s>code</a:s>
                           </a:s>
                        </a:s>
                        <a:s> ~ </a:s>
                        <a:s r="151">
                           <a:s>code</a:s>
                        </a:s>
                     </a:s>
                     <a:s>
    and </a:s>
                     <a:s r="161">
                        <a:s>( </a:s>
                        <a:s r="161">
                           <a:s r="156">
                              <a:s r="154">
                                 <a:s>&quot;Global Noise Value&quot;(</a:s>
                                 <a:s r="153">
                                    <a:s>Study</a:s>
                                 </a:s>
                                 <a:s>)</a:s>
                              </a:s>
                              <a:s>>= </a:s>
                              <a:s r="155">
                                 <a:s>noiseThreshold</a:s>
                              </a:s>
                           </a:s>
                           <a:s>
        or </a:s>
                           <a:s r="160">
                              <a:s r="158">
                                 <a:s>&quot;Size Adjusted Value&quot;(</a:s>
                                 <a:s r="157">
                                    <a:s>Study</a:s>
                                 </a:s>
                                 <a:s>)</a:s>
                              </a:s>
                              <a:s>>= </a:s>
                              <a:s r="159">
                                 <a:s>sizeDoseThreshold</a:s>
                              </a:s>
                           </a:s>
                        </a:s>
                        <a:s>
    )</a:s>
                     </a:s>
                  </a:s>
               </a:s>
            </a:s>
         </annotation>
         <expression localId="162" locator="67:3-70:5" xsi:type="And">
            <operand localId="152" locator="67:3-67:26" xsi:type="Equivalent">
               <operand localId="150" locator="67:3-67:19" path="code" xsi:type="Property">
                  <source localId="149" locator="67:3-67:14" path="result" xsi:type="Property">
                     <source localId="148" locator="67:3-67:7" name="Study" xsi:type="OperandRef"/>
                  </source>
               </operand>
               <operand localId="151" locator="67:23-67:26" name="code" xsi:type="OperandRef"/>
            </operand>
            <operand localId="161" locator="68:9-70:5" xsi:type="Or">
               <operand localId="156" locator="68:11-68:54" xsi:type="GreaterOrEqual">
                  <operand localId="154" locator="68:11-68:37" name="Global Noise Value" xsi:type="FunctionRef">
                     <operand localId="153" locator="68:32-68:36" name="Study" xsi:type="OperandRef"/>
                  </operand>
                  <operand localId="155" locator="68:41-68:54" name="noiseThreshold" xsi:type="OperandRef"/>
               </operand>
               <operand localId="160" locator="69:12-69:59" xsi:type="GreaterOrEqual">
                  <operand localId="158" locator="69:12-69:39" name="Size Adjusted Value" xsi:type="FunctionRef">
                     <operand localId="157" locator="69:34-69:38" name="Study" xsi:type="OperandRef"/>
                  </operand>
                  <operand localId="159" locator="69:43-69:59" name="sizeDoseThreshold" xsi:type="OperandRef"/>
               </operand>
            </operand>
         </expression>
         <operand name="Study">
            <operandTypeSpecifier localId="144" locator="66:35-66:63" xmlns:ns10="urn:healthit-gov:qdm:v5_6" name="ns10:PositiveDiagnosticStudyPerformed" xsi:type="NamedTypeSpecifier"/>
         </operand>
         <operand name="code">
            <operandTypeSpecifier localId="145" locator="66:71-66:76" name="t:String" xsi:type="NamedTypeSpecifier"/>
         </operand>
         <operand name="noiseThreshold">
            <operandTypeSpecifier localId="146" locator="66:94-66:100" name="t:Decimal" xsi:type="NamedTypeSpecifier"/>
         </operand>
         <operand name="sizeDoseThreshold">
            <operandTypeSpecifier localId="147" locator="66:121-66:127" name="t:Decimal" xsi:type="NamedTypeSpecifier"/>
         </operand>
      </def>
      <def localId="267" locator="72:1-90:47" name="CT Scan Qualifies" context="Patient" accessLevel="Public" xsi:type="FunctionDef">
         <annotation xsi:type="a:Annotation">
            <a:s r="267">
               <a:s>define function &quot;CT Scan Qualifies&quot;(IP </a:s>
               <a:s r="139">
                  <a:s>&quot;Diagnostic Study, Performed&quot;</a:s>
               </a:s>
               <a:s> ):
  </a:s>
               <a:s r="266">
                  <a:s r="266">
                     <a:s r="260">
                        <a:s r="254">
                           <a:s r="248">
                              <a:s r="242">
                                 <a:s r="236">
                                    <a:s r="230">
                                       <a:s r="224">
                                          <a:s r="218">
                                             <a:s r="212">
                                                <a:s r="206">
                                                   <a:s r="200">
                                                      <a:s r="194">
                                                         <a:s r="188">
                                                            <a:s r="182">
                                                               <a:s r="176">
                                                                  <a:s r="170">
                                                                     <a:s r="164">
                                                                        <a:s>&quot;Qualifies&quot;(</a:s>
                                                                        <a:s r="140">
                                                                           <a:s>IP</a:s>
                                                                        </a:s>
                                                                        <a:s>, </a:s>
                                                                        <a:s r="141">
                                                                           <a:s>'ABDOPEL LD'</a:s>
                                                                        </a:s>
                                                                        <a:s r="142">, 64, 598)</a:s>
                                                                     </a:s>
                                                                     <a:s>
    or </a:s>
                                                                     <a:s r="169">
                                                                        <a:s>&quot;Qualifies&quot;(</a:s>
                                                                        <a:s r="165">
                                                                           <a:s>IP</a:s>
                                                                        </a:s>
                                                                        <a:s>, </a:s>
                                                                        <a:s r="166">
                                                                           <a:s>'ABDOPEL RT'</a:s>
                                                                        </a:s>
                                                                        <a:s r="167">, 29, 644)</a:s>
                                                                     </a:s>
                                                                  </a:s>
                                                                  <a:s>
    or </a:s>
                                                                  <a:s r="175">
                                                                     <a:s>&quot;Qualifies&quot;(</a:s>
                                                                     <a:s r="171">
                                                                        <a:s>IP</a:s>
                                                                     </a:s>
                                                                     <a:s>, </a:s>
                                                                     <a:s r="172">
                                                                        <a:s>'ABDOPEL HD'</a:s>
                                                                     </a:s>
                                                                     <a:s r="173">, 29, 1260)</a:s>
                                                                  </a:s>
                                                               </a:s>
                                                               <a:s>
    or </a:s>
                                                               <a:s r="181">
                                                                  <a:s>&quot;Qualifies&quot;(</a:s>
                                                                  <a:s r="177">
                                                                     <a:s>IP</a:s>
                                                                  </a:s>
                                                                  <a:s>, </a:s>
                                                                  <a:s r="178">
                                                                     <a:s>'CARDIAC LD'</a:s>
                                                                  </a:s>
                                                                  <a:s r="179">, 55, 93)</a:s>
                                                               </a:s>
                                                            </a:s>
                                                            <a:s>
    or </a:s>
                                                            <a:s r="187">
                                                               <a:s>&quot;Qualifies&quot;(</a:s>
                                                               <a:s r="183">
                                                                  <a:s>IP</a:s>
                                                               </a:s>
                                                               <a:s>, </a:s>
                                                               <a:s r="184">
                                                                  <a:s>'CARDIAC RT'</a:s>
                                                               </a:s>
                                                               <a:s r="185">, 32, 576)</a:s>
                                                            </a:s>
                                                         </a:s>
                                                         <a:s>
    or </a:s>
                                                         <a:s r="193">
                                                            <a:s>&quot;Qualifies&quot;(</a:s>
                                                            <a:s r="189">
                                                               <a:s>IP</a:s>
                                                            </a:s>
                                                            <a:s>, </a:s>
                                                            <a:s r="190">
                                                               <a:s>'CHEST LD'</a:s>
                                                            </a:s>
                                                            <a:s r="191">, 55, 377)</a:s>
                                                         </a:s>
                                                      </a:s>
                                                      <a:s>
    or </a:s>
                                                      <a:s r="199">
                                                         <a:s>&quot;Qualifies&quot;(</a:s>
                                                         <a:s r="195">
                                                            <a:s>IP</a:s>
                                                         </a:s>
                                                         <a:s>, </a:s>
                                                         <a:s r="196">
                                                            <a:s>'CHEST RT'</a:s>
                                                         </a:s>
                                                         <a:s r="197">, 49, 377)</a:s>
                                                      </a:s>
                                                   </a:s>
                                                   <a:s>
    or </a:s>
                                                   <a:s r="205">
                                                      <a:s>&quot;Qualifies&quot;(</a:s>
                                                      <a:s r="201">
                                                         <a:s>IP</a:s>
                                                      </a:s>
                                                      <a:s>, </a:s>
                                                      <a:s r="202">
                                                         <a:s>'CHEST-CARDIAC HD'</a:s>
                                                      </a:s>
                                                      <a:s r="203">, 49, 1282)</a:s>
                                                   </a:s>
                                                </a:s>
                                                <a:s>
    or </a:s>
                                                <a:s r="211">
                                                   <a:s>&quot;Qualifies&quot;(</a:s>
                                                   <a:s r="207">
                                                      <a:s>IP</a:s>
                                                   </a:s>
                                                   <a:s>, </a:s>
                                                   <a:s r="208">
                                                      <a:s>'HEAD LD'</a:s>
                                                   </a:s>
                                                   <a:s r="209">, 115, 582)</a:s>
                                                </a:s>
                                             </a:s>
                                             <a:s>
    or </a:s>
                                             <a:s r="217">
                                                <a:s>&quot;Qualifies&quot;(</a:s>
                                                <a:s r="213">
                                                   <a:s>IP</a:s>
                                                </a:s>
                                                <a:s>, </a:s>
                                                <a:s r="214">
                                                   <a:s>'HEAD RT'</a:s>
                                                </a:s>
                                                <a:s r="215">, 115, 1025)</a:s>
                                             </a:s>
                                          </a:s>
                                          <a:s>
    or </a:s>
                                          <a:s r="223">
                                             <a:s>&quot;Qualifies&quot;(</a:s>
                                             <a:s r="219">
                                                <a:s>IP</a:s>
                                             </a:s>
                                             <a:s>, </a:s>
                                             <a:s r="220">
                                                <a:s>'HEAD HD'</a:s>
                                             </a:s>
                                             <a:s r="221">, 115, 1832)</a:s>
                                          </a:s>
                                       </a:s>
                                       <a:s>
    or </a:s>
                                       <a:s r="229">
                                          <a:s>&quot;Qualifies&quot;(</a:s>
                                          <a:s r="225">
                                             <a:s>IP</a:s>
                                          </a:s>
                                          <a:s>, </a:s>
                                          <a:s r="226">
                                             <a:s>'EXTREMITIES'</a:s>
                                          </a:s>
                                          <a:s r="227">, 73, 320)</a:s>
                                       </a:s>
                                    </a:s>
                                    <a:s>
    or </a:s>
                                    <a:s r="235">
                                       <a:s>&quot;Qualifies&quot;(</a:s>
                                       <a:s r="231">
                                          <a:s>IP</a:s>
                                       </a:s>
                                       <a:s>, </a:s>
                                       <a:s r="232">
                                          <a:s>'NECK-CSPINE'</a:s>
                                       </a:s>
                                       <a:s r="233">, 25, 1260)</a:s>
                                    </a:s>
                                 </a:s>
                                 <a:s>
    or </a:s>
                                 <a:s r="241">
                                    <a:s>&quot;Qualifies&quot;(</a:s>
                                    <a:s r="237">
                                       <a:s>IP</a:s>
                                    </a:s>
                                    <a:s>, </a:s>
                                    <a:s r="238">
                                       <a:s>'TSPINE-LSPINE'</a:s>
                                    </a:s>
                                    <a:s r="239">, 25, 1260)</a:s>
                                 </a:s>
                              </a:s>
                              <a:s>
    or </a:s>
                              <a:s r="247">
                                 <a:s>&quot;Qualifies&quot;(</a:s>
                                 <a:s r="243">
                                    <a:s>IP</a:s>
                                 </a:s>
                                 <a:s>, </a:s>
                                 <a:s r="244">
                                    <a:s>'CAP'</a:s>
                                 </a:s>
                                 <a:s r="245">, 29, 1637)</a:s>
                              </a:s>
                           </a:s>
                           <a:s>
    or </a:s>
                           <a:s r="253">
                              <a:s>&quot;Qualifies&quot;(</a:s>
                              <a:s r="249">
                                 <a:s>IP</a:s>
                              </a:s>
                              <a:s>, </a:s>
                              <a:s r="250">
                                 <a:s>'TLSPINE'</a:s>
                              </a:s>
                              <a:s r="251">, 25, 2520)</a:s>
                           </a:s>
                        </a:s>
                        <a:s>
    or </a:s>
                        <a:s r="259">
                           <a:s>&quot;Qualifies&quot;(</a:s>
                           <a:s r="255">
                              <a:s>IP</a:s>
                           </a:s>
                           <a:s>, </a:s>
                           <a:s r="256">
                              <a:s>'HEADNECK RT'</a:s>
                           </a:s>
                           <a:s r="257">, 25, 2285)</a:s>
                        </a:s>
                     </a:s>
                     <a:s>
    or </a:s>
                     <a:s r="265">
                        <a:s>&quot;Qualifies&quot;(</a:s>
                        <a:s r="261">
                           <a:s>IP</a:s>
                        </a:s>
                        <a:s>, </a:s>
                        <a:s r="262">
                           <a:s>'HEADNECK HD'</a:s>
                        </a:s>
                        <a:s r="263">, 25, 3092)</a:s>
                     </a:s>
                  </a:s>
               </a:s>
            </a:s>
         </annotation>
         <expression localId="266" locator="73:3-90:47" xsi:type="Or">
            <operand localId="260" locator="73:3-89:47" xsi:type="Or">
               <operand localId="254" locator="73:3-88:43" xsi:type="Or">
                  <operand localId="248" locator="73:3-87:39" xsi:type="Or">
                     <operand localId="242" locator="73:3-86:49" xsi:type="Or">
                        <operand localId="236" locator="73:3-85:47" xsi:type="Or">
                           <operand localId="230" locator="73:3-84:46" xsi:type="Or">
                              <operand localId="224" locator="73:3-83:44" xsi:type="Or">
                                 <operand localId="218" locator="73:3-82:44" xsi:type="Or">
                                    <operand localId="212" locator="73:3-81:43" xsi:type="Or">
                                       <operand localId="206" locator="73:3-80:52" xsi:type="Or">
                                          <operand localId="200" locator="73:3-79:43" xsi:type="Or">
                                             <operand localId="194" locator="73:3-78:43" xsi:type="Or">
                                                <operand localId="188" locator="73:3-77:45" xsi:type="Or">
                                                   <operand localId="182" locator="73:3-76:44" xsi:type="Or">
                                                      <operand localId="176" locator="73:3-75:46" xsi:type="Or">
                                                         <operand localId="170" locator="73:3-74:45" xsi:type="Or">
                                                            <operand localId="164" locator="73:3-73:40" name="Qualifies" xsi:type="FunctionRef">
                                                               <operand localId="140" locator="73:15-73:16" name="IP" xsi:type="OperandRef"/>
                                                               <operand localId="141" locator="73:19-73:30" valueType="t:String" value="ABDOPEL LD" xsi:type="Literal"/>
                                                               <operand xsi:type="ToDecimal">
                                                                  <operand localId="142" locator="73:33-73:34" valueType="t:Integer" value="64" xsi:type="Literal"/>
                                                               </operand>
                                                               <operand xsi:type="ToDecimal">
                                                                  <operand localId="143" locator="73:37-73:39" valueType="t:Integer" value="598" xsi:type="Literal"/>
                                                               </operand>
                                                            </operand>
                                                            <operand localId="169" locator="74:8-74:45" name="Qualifies" xsi:type="FunctionRef">
                                                               <operand localId="165" locator="74:20-74:21" name="IP" xsi:type="OperandRef"/>
                                                               <operand localId="166" locator="74:24-74:35" valueType="t:String" value="ABDOPEL RT" xsi:type="Literal"/>
                                                               <operand xsi:type="ToDecimal">
                                                                  <operand localId="167" locator="74:38-74:39" valueType="t:Integer" value="29" xsi:type="Literal"/>
                                                               </operand>
                                                               <operand xsi:type="ToDecimal">
                                                                  <operand localId="168" locator="74:42-74:44" valueType="t:Integer" value="644" xsi:type="Literal"/>
                                                               </operand>
                                                            </operand>
                                                         </operand>
                                                         <operand localId="175" locator="75:8-75:46" name="Qualifies" xsi:type="FunctionRef">
                                                            <operand localId="171" locator="75:20-75:21" name="IP" xsi:type="OperandRef"/>
                                                            <operand localId="172" locator="75:24-75:35" valueType="t:String" value="ABDOPEL HD" xsi:type="Literal"/>
                                                            <operand xsi:type="ToDecimal">
                                                               <operand localId="173" locator="75:38-75:39" valueType="t:Integer" value="29" xsi:type="Literal"/>
                                                            </operand>
                                                            <operand xsi:type="ToDecimal">
                                                               <operand localId="174" locator="75:42-75:45" valueType="t:Integer" value="1260" xsi:type="Literal"/>
                                                            </operand>
                                                         </operand>
                                                      </operand>
                                                      <operand localId="181" locator="76:8-76:44" name="Qualifies" xsi:type="FunctionRef">
                                                         <operand localId="177" locator="76:20-76:21" name="IP" xsi:type="OperandRef"/>
                                                         <operand localId="178" locator="76:24-76:35" valueType="t:String" value="CARDIAC LD" xsi:type="Literal"/>
                                                         <operand xsi:type="ToDecimal">
                                                            <operand localId="179" locator="76:38-76:39" valueType="t:Integer" value="55" xsi:type="Literal"/>
                                                         </operand>
                                                         <operand xsi:type="ToDecimal">
                                                            <operand localId="180" locator="76:42-76:43" valueType="t:Integer" value="93" xsi:type="Literal"/>
                                                         </operand>
                                                      </operand>
                                                   </operand>
                                                   <operand localId="187" locator="77:8-77:45" name="Qualifies" xsi:type="FunctionRef">
                                                      <operand localId="183" locator="77:20-77:21" name="IP" xsi:type="OperandRef"/>
                                                      <operand localId="184" locator="77:24-77:35" valueType="t:String" value="CARDIAC RT" xsi:type="Literal"/>
                                                      <operand xsi:type="ToDecimal">
                                                         <operand localId="185" locator="77:38-77:39" valueType="t:Integer" value="32" xsi:type="Literal"/>
                                                      </operand>
                                                      <operand xsi:type="ToDecimal">
                                                         <operand localId="186" locator="77:42-77:44" valueType="t:Integer" value="576" xsi:type="Literal"/>
                                                      </operand>
                                                   </operand>
                                                </operand>
                                                <operand localId="193" locator="78:8-78:43" name="Qualifies" xsi:type="FunctionRef">
                                                   <operand localId="189" locator="78:20-78:21" name="IP" xsi:type="OperandRef"/>
                                                   <operand localId="190" locator="78:24-78:33" valueType="t:String" value="CHEST LD" xsi:type="Literal"/>
                                                   <operand xsi:type="ToDecimal">
                                                      <operand localId="191" locator="78:36-78:37" valueType="t:Integer" value="55" xsi:type="Literal"/>
                                                   </operand>
                                                   <operand xsi:type="ToDecimal">
                                                      <operand localId="192" locator="78:40-78:42" valueType="t:Integer" value="377" xsi:type="Literal"/>
                                                   </operand>
                                                </operand>
                                             </operand>
                                             <operand localId="199" locator="79:8-79:43" name="Qualifies" xsi:type="FunctionRef">
                                                <operand localId="195" locator="79:20-79:21" name="IP" xsi:type="OperandRef"/>
                                                <operand localId="196" locator="79:24-79:33" valueType="t:String" value="CHEST RT" xsi:type="Literal"/>
                                                <operand xsi:type="ToDecimal">
                                                   <operand localId="197" locator="79:36-79:37" valueType="t:Integer" value="49" xsi:type="Literal"/>
                                                </operand>
                                                <operand xsi:type="ToDecimal">
                                                   <operand localId="198" locator="79:40-79:42" valueType="t:Integer" value="377" xsi:type="Literal"/>
                                                </operand>
                                             </operand>
                                          </operand>
                                          <operand localId="205" locator="80:8-80:52" name="Qualifies" xsi:type="FunctionRef">
                                             <operand localId="201" locator="80:20-80:21" name="IP" xsi:type="OperandRef"/>
                                             <operand localId="202" locator="80:24-80:41" valueType="t:String" value="CHEST-CARDIAC HD" xsi:type="Literal"/>
                                             <operand xsi:type="ToDecimal">
                                                <operand localId="203" locator="80:44-80:45" valueType="t:Integer" value="49" xsi:type="Literal"/>
                                             </operand>
                                             <operand xsi:type="ToDecimal">
                                                <operand localId="204" locator="80:48-80:51" valueType="t:Integer" value="1282" xsi:type="Literal"/>
                                             </operand>
                                          </operand>
                                       </operand>
                                       <operand localId="211" locator="81:8-81:43" name="Qualifies" xsi:type="FunctionRef">
                                          <operand localId="207" locator="81:20-81:21" name="IP" xsi:type="OperandRef"/>
                                          <operand localId="208" locator="81:24-81:32" valueType="t:String" value="HEAD LD" xsi:type="Literal"/>
                                          <operand xsi:type="ToDecimal">
                                             <operand localId="209" locator="81:35-81:37" valueType="t:Integer" value="115" xsi:type="Literal"/>
                                          </operand>
                                          <operand xsi:type="ToDecimal">
                                             <operand localId="210" locator="81:40-81:42" valueType="t:Integer" value="582" xsi:type="Literal"/>
                                          </operand>
                                       </operand>
                                    </operand>
                                    <operand localId="217" locator="82:8-82:44" name="Qualifies" xsi:type="FunctionRef">
                                       <operand localId="213" locator="82:20-82:21" name="IP" xsi:type="OperandRef"/>
                                       <operand localId="214" locator="82:24-82:32" valueType="t:String" value="HEAD RT" xsi:type="Literal"/>
                                       <operand xsi:type="ToDecimal">
                                          <operand localId="215" locator="82:35-82:37" valueType="t:Integer" value="115" xsi:type="Literal"/>
                                       </operand>
                                       <operand xsi:type="ToDecimal">
                                          <operand localId="216" locator="82:40-82:43" valueType="t:Integer" value="1025" xsi:type="Literal"/>
                                       </operand>
                                    </operand>
                                 </operand>
                                 <operand localId="223" locator="83:8-83:44" name="Qualifies" xsi:type="FunctionRef">
                                    <operand localId="219" locator="83:20-83:21" name="IP" xsi:type="OperandRef"/>
                                    <operand localId="220" locator="83:24-83:32" valueType="t:String" value="HEAD HD" xsi:type="Literal"/>
                                    <operand xsi:type="ToDecimal">
                                       <operand localId="221" locator="83:35-83:37" valueType="t:Integer" value="115" xsi:type="Literal"/>
                                    </operand>
                                    <operand xsi:type="ToDecimal">
                                       <operand localId="222" locator="83:40-83:43" valueType="t:Integer" value="1832" xsi:type="Literal"/>
                                    </operand>
                                 </operand>
                              </operand>
                              <operand localId="229" locator="84:8-84:46" name="Qualifies" xsi:type="FunctionRef">
                                 <operand localId="225" locator="84:20-84:21" name="IP" xsi:type="OperandRef"/>
                                 <operand localId="226" locator="84:24-84:36" valueType="t:String" value="EXTREMITIES" xsi:type="Literal"/>
                                 <operand xsi:type="ToDecimal">
                                    <operand localId="227" locator="84:39-84:40" valueType="t:Integer" value="73" xsi:type="Literal"/>
                                 </operand>
                                 <operand xsi:type="ToDecimal">
                                    <operand localId="228" locator="84:43-84:45" valueType="t:Integer" value="320" xsi:type="Literal"/>
                                 </operand>
                              </operand>
                           </operand>
                           <operand localId="235" locator="85:8-85:47" name="Qualifies" xsi:type="FunctionRef">
                              <operand localId="231" locator="85:20-85:21" name="IP" xsi:type="OperandRef"/>
                              <operand localId="232" locator="85:24-85:36" valueType="t:String" value="NECK-CSPINE" xsi:type="Literal"/>
                              <operand xsi:type="ToDecimal">
                                 <operand localId="233" locator="85:39-85:40" valueType="t:Integer" value="25" xsi:type="Literal"/>
                              </operand>
                              <operand xsi:type="ToDecimal">
                                 <operand localId="234" locator="85:43-85:46" valueType="t:Integer" value="1260" xsi:type="Literal"/>
                              </operand>
                           </operand>
                        </operand>
                        <operand localId="241" locator="86:8-86:49" name="Qualifies" xsi:type="FunctionRef">
                           <operand localId="237" locator="86:20-86:21" name="IP" xsi:type="OperandRef"/>
                           <operand localId="238" locator="86:24-86:38" valueType="t:String" value="TSPINE-LSPINE" xsi:type="Literal"/>
                           <operand xsi:type="ToDecimal">
                              <operand localId="239" locator="86:41-86:42" valueType="t:Integer" value="25" xsi:type="Literal"/>
                           </operand>
                           <operand xsi:type="ToDecimal">
                              <operand localId="240" locator="86:45-86:48" valueType="t:Integer" value="1260" xsi:type="Literal"/>
                           </operand>
                        </operand>
                     </operand>
                     <operand localId="247" locator="87:8-87:39" name="Qualifies" xsi:type="FunctionRef">
                        <operand localId="243" locator="87:20-87:21" name="IP" xsi:type="OperandRef"/>
                        <operand localId="244" locator="87:24-87:28" valueType="t:String" value="CAP" xsi:type="Literal"/>
                        <operand xsi:type="ToDecimal">
                           <operand localId="245" locator="87:31-87:32" valueType="t:Integer" value="29" xsi:type="Literal"/>
                        </operand>
                        <operand xsi:type="ToDecimal">
                           <operand localId="246" locator="87:35-87:38" valueType="t:Integer" value="1637" xsi:type="Literal"/>
                        </operand>
                     </operand>
                  </operand>
                  <operand localId="253" locator="88:8-88:43" name="Qualifies" xsi:type="FunctionRef">
                     <operand localId="249" locator="88:20-88:21" name="IP" xsi:type="OperandRef"/>
                     <operand localId="250" locator="88:24-88:32" valueType="t:String" value="TLSPINE" xsi:type="Literal"/>
                     <operand xsi:type="ToDecimal">
                        <operand localId="251" locator="88:35-88:36" valueType="t:Integer" value="25" xsi:type="Literal"/>
                     </operand>
                     <operand xsi:type="ToDecimal">
                        <operand localId="252" locator="88:39-88:42" valueType="t:Integer" value="2520" xsi:type="Literal"/>
                     </operand>
                  </operand>
               </operand>
               <operand localId="259" locator="89:8-89:47" name="Qualifies" xsi:type="FunctionRef">
                  <operand localId="255" locator="89:20-89:21" name="IP" xsi:type="OperandRef"/>
                  <operand localId="256" locator="89:24-89:36" valueType="t:String" value="HEADNECK RT" xsi:type="Literal"/>
                  <operand xsi:type="ToDecimal">
                     <operand localId="257" locator="89:39-89:40" valueType="t:Integer" value="25" xsi:type="Literal"/>
                  </operand>
                  <operand xsi:type="ToDecimal">
                     <operand localId="258" locator="89:43-89:46" valueType="t:Integer" value="2285" xsi:type="Literal"/>
                  </operand>
               </operand>
            </operand>
            <operand localId="265" locator="90:8-90:47" name="Qualifies" xsi:type="FunctionRef">
               <operand localId="261" locator="90:20-90:21" name="IP" xsi:type="OperandRef"/>
               <operand localId="262" locator="90:24-90:36" valueType="t:String" value="HEADNECK HD" xsi:type="Literal"/>
               <operand xsi:type="ToDecimal">
                  <operand localId="263" locator="90:39-90:40" valueType="t:Integer" value="25" xsi:type="Literal"/>
               </operand>
               <operand xsi:type="ToDecimal">
                  <operand localId="264" locator="90:43-90:46" valueType="t:Integer" value="3092" xsi:type="Literal"/>
               </operand>
            </operand>
         </expression>
         <operand name="IP">
            <operandTypeSpecifier localId="139" locator="72:40-72:68" xmlns:ns11="urn:healthit-gov:qdm:v5_6" name="ns11:PositiveDiagnosticStudyPerformed" xsi:type="NamedTypeSpecifier"/>
         </operand>
      </def>
      <def localId="270" locator="62:1-64:36" name="Numerator" context="Patient" accessLevel="Public">
         <annotation xsi:type="a:Annotation">
            <a:s r="270">
               <a:s>define &quot;Numerator&quot;:
  </a:s>
               <a:s r="269">
                  <a:s>
                     <a:s r="137">
                        <a:s r="136">
                           <a:s>
                              <a:s>&quot;Denominator&quot;</a:s>
                           </a:s>
                        </a:s>
                        <a:s> Denom</a:s>
                     </a:s>
                  </a:s>
                  <a:s>
    </a:s>
                  <a:s r="268">
                     <a:s>where </a:s>
                     <a:s r="268">
                        <a:s>&quot;CT Scan Qualifies&quot;(</a:s>
                        <a:s r="138">
                           <a:s>Denom</a:s>
                        </a:s>
                        <a:s>)</a:s>
                     </a:s>
                  </a:s>
               </a:s>
            </a:s>
         </annotation>
         <expression localId="269" locator="63:3-64:36" xsi:type="Query">
            <source localId="137" locator="63:3-63:21" alias="Denom">
               <expression localId="136" locator="63:3-63:15" name="Denominator" xsi:type="ExpressionRef"/>
            </source>
            <where localId="268" locator="64:5-64:36" name="CT Scan Qualifies" xsi:type="FunctionRef">
               <operand localId="138" locator="64:31-64:35" name="Denom" xsi:type="AliasRef"/>
            </where>
         </expression>
      </def>
   </statements>
</library>
