<?xml version="1.0" encoding="UTF-8" standalone="yes"?>
<QualityMeasureDocument xmlns="urn:hl7-org:v3" xmlns:cql-ext="urn:hhs-cql:hqmf-n1-extensions:v1"
                        xmlns:xsi="http://www.w3.org/2001/XMLSchema-instance">

      <!--
            **************************************************************
            Measure Details Section
            **************************************************************
        -->

      <typeId extension="POQM_HD000001UV02" root="2.16.840.1.113883.1.3"/>
   <templateId>
      <item extension="2021-02-01" root="2.16.840.1.113883.10.20.28.1.2"/>
   </templateId>
   <id root="2c928082-7ac4-569d-017a-c9e9b22e01b4"/>
   <code code="57024-2" codeSystem="2.16.840.1.113883.6.1">
      <displayName value="Health Quality Measure Document"/>
   </code>
   <title value="Elective Delivery"/>
   <text
         value="Patients with elective vaginal deliveries or elective cesarean births at &gt;= 37 and &lt; 39 weeks of gestation completed"/>
   <statusCode code="COMPLETED"/>
   <setId root="fd7ca18d-b56d-4bca-af35-71ce36b15246"/>
   <versionNumber value="10.1.001"/>
   <author>
      <responsibleParty classCode="ASSIGNED">
         <representedResponsibleOrganization classCode="ORG" determinerCode="INSTANCE">
            <id>
               <item root="1.3.6.1.4.1.33895"/>
            </id>
            <name>
               <item>
                  <part value="The Joint Commission"/>
               </item>
            </name>
         </representedResponsibleOrganization>
      </responsibleParty>
   </author>
   <custodian>
      <responsibleParty classCode="ASSIGNED">
         <representedResponsibleOrganization classCode="ORG" determinerCode="INSTANCE">
            <id>
               <item root="5"/>
            </id>
            <name>
               <item>
                  <part value="The Joint Commission"/>
               </item>
            </name>
         </representedResponsibleOrganization>
      </responsibleParty>
   </custodian>
   <verifier>
      <responsibleParty classCode="ASSIGNED">
         <representedResponsibleOrganization classCode="ORG" determinerCode="INSTANCE">
            <id>
               <item root="2.16.840.1.113883.3.560"/>
            </id>
            <name>
               <item>
                  <part value="National Quality Forum"/>
               </item>
            </name>
         </representedResponsibleOrganization>
      </responsibleParty>
   </verifier>
   <!--Payer-->
     	 <definition>
      <valueSet classCode="OBS" moodCode="DEF">
         <id root="2.16.840.1.114222.4.11.3591"/>
         <title value="Payer"/>
      </valueSet>
   </definition>
   <!--Medical Induction of Labor-->
     	 <definition>
      <valueSet classCode="OBS" moodCode="DEF">
         <id root="2.16.840.1.113883.3.117.1.7.1.288"/>
         <title value="Medical Induction of Labor"/>
      </valueSet>
   </definition>
   <!--ONC Administrative Sex-->
     	 <definition>
      <valueSet classCode="OBS" moodCode="DEF">
         <id root="2.16.840.1.113762.1.4.1"/>
         <title value="ONC Administrative Sex"/>
      </valueSet>
   </definition>
   <!--Oxytocin-->
     	 <definition>
      <valueSet classCode="OBS" moodCode="DEF">
         <id root="2.16.840.1.113762.1.4.1045.55"/>
         <title value="Oxytocin"/>
      </valueSet>
   </definition>
   <!--Encounter Inpatient-->
     	 <definition>
      <valueSet classCode="OBS" moodCode="DEF">
         <id root="2.16.840.1.113883.3.666.5.307"/>
         <title value="Encounter Inpatient"/>
      </valueSet>
   </definition>
   <!--Dinoprostone-->
     	 <definition>
      <valueSet classCode="OBS" moodCode="DEF">
         <id root="2.16.840.1.113762.1.4.1045.56"/>
         <title value="Dinoprostone"/>
      </valueSet>
   </definition>
   <!--Estimated Gestational Age at Delivery-->
     	 <definition>
      <valueSet classCode="OBS" moodCode="DEF">
         <id root="2.16.840.1.113762.1.4.1045.26"/>
         <title value="Estimated Gestational Age at Delivery"/>
      </valueSet>
   </definition>
   <!--Observation Services-->
     	 <definition>
      <valueSet classCode="OBS" moodCode="DEF">
         <id root="2.16.840.1.113762.1.4.1111.143"/>
         <title value="Observation Services"/>
      </valueSet>
   </definition>
   <!--Labor-->
     	 <definition>
      <valueSet classCode="OBS" moodCode="DEF">
         <id root="2.16.840.1.113883.3.117.1.7.1.281"/>
         <title value="Labor"/>
      </valueSet>
   </definition>
   <!--Classical Cesarean Birth-->
     	 <definition>
      <valueSet classCode="OBS" moodCode="DEF">
         <id root="2.16.840.1.113883.3.117.1.7.1.421"/>
         <title value="Classical Cesarean Birth"/>
      </valueSet>
   </definition>
   <!--Delivery Procedures-->
     	 <definition>
      <valueSet classCode="OBS" moodCode="DEF">
         <id root="2.16.840.1.113762.1.4.1045.59"/>
         <title value="Delivery Procedures"/>
      </valueSet>
   </definition>
   <!--Transabdominal Cerclage-->
     	 <definition>
      <valueSet classCode="OBS" moodCode="DEF">
         <id root="2.16.840.1.113762.1.4.1110.18"/>
         <title value="Transabdominal Cerclage"/>
      </valueSet>
   </definition>
   <!--Metroplasty-->
     	 <definition>
      <valueSet classCode="OBS" moodCode="DEF">
         <id root="2.16.840.1.113762.1.4.1110.25"/>
         <title value="Metroplasty"/>
      </valueSet>
   </definition>
   <!--Ethnicity-->
     	 <definition>
      <valueSet classCode="OBS" moodCode="DEF">
         <id root="2.16.840.1.114222.4.11.837"/>
         <title value="Ethnicity"/>
      </valueSet>
   </definition>
   <!--Myomectomy-->
     	 <definition>
      <valueSet classCode="OBS" moodCode="DEF">
         <id root="2.16.840.1.113883.3.117.1.7.1.422"/>
         <title value="Myomectomy"/>
      </valueSet>
   </definition>
   <!--ED Visit and OB Triage-->
     	 <definition>
      <valueSet classCode="OBS" moodCode="DEF">
         <id root="2.16.840.1.113762.1.4.1029.369"/>
         <title value="ED Visit and OB Triage"/>
      </valueSet>
   </definition>
   <!--Race-->
     	 <definition>
      <valueSet classCode="OBS" moodCode="DEF">
         <id root="2.16.840.1.114222.4.11.836"/>
         <title value="Race"/>
      </valueSet>
   </definition>
   <!--Uterine Horn-->
     	 <definition>
      <valueSet classCode="OBS" moodCode="DEF">
         <id root="2.16.840.1.113762.1.4.1110.24"/>
         <title value="Uterine Horn"/>
      </valueSet>
   </definition>
   <!--Perforation of Uterus-->
     	 <definition>
      <valueSet classCode="OBS" moodCode="DEF">
         <id root="2.16.840.1.113762.1.4.1110.14"/>
         <title value="Perforation of Uterus"/>
      </valueSet>
   </definition>
   <!--Uterine Window-->
     	 <definition>
      <valueSet classCode="OBS" moodCode="DEF">
         <id root="2.16.840.1.113883.3.117.1.7.1.137"/>
         <title value="Uterine Window"/>
      </valueSet>
   </definition>
   <!--Cesarean Birth-->
     	 <definition>
      <valueSet classCode="OBS" moodCode="DEF">
         <id root="2.16.840.1.113883.3.117.1.7.1.282"/>
         <title value="Cesarean Birth"/>
      </valueSet>
   </definition>
   <!--Uterine Rupture-->
     	 <definition>
      <valueSet classCode="OBS" moodCode="DEF">
         <id root="2.16.840.1.113762.1.4.1110.16"/>
         <title value="Uterine Rupture"/>
      </valueSet>
   </definition>
   <!--Conditions Possibly Justifying Elective Delivery Prior to 39 Weeks Gestation-->
     	 <definition>
      <valueSet classCode="OBS" moodCode="DEF">
         <id root="2.16.840.1.113883.3.117.1.7.1.286"/>
         <title value="Conditions Possibly Justifying Elective Delivery Prior to 39 Weeks Gestation"/>
      </valueSet>
   </definition>
   <!--Cornual Ectopic Pregnancy-->
     	 <definition>
      <valueSet classCode="OBS" moodCode="DEF">
         <id root="2.16.840.1.113762.1.4.1110.12"/>
         <title value="Cornual Ectopic Pregnancy"/>
      </valueSet>
   </definition>
   <!--Date and time of obstetric delivery-CODE:/CodeSystem/LOINC/Version/2.69/Code/93857-1/Info-->
      <definition>
      <cql-ext:code code="93857-1" codeSystem="2.16.840.1.113883.6.1" codeSystemName="LOINC">
         <displayName value="Date and time of obstetric delivery"/>
      </cql-ext:code>
   </definition>
   <!--Birth date-CODE:/CodeSystem/LOINC/Version/2.69/Code/21112-8/Info-->
      <definition>
      <cql-ext:code code="21112-8" codeSystem="2.16.840.1.113883.6.1" codeSystemName="LOINC">
         <displayName value="Birth date"/>
      </cql-ext:code>
   </definition>
   <!--Delivery date Estimated-CODE:/CodeSystem/LOINC/Version/2.69/Code/11778-8/Info-->
      <definition>
      <cql-ext:code code="11778-8" codeSystem="2.16.840.1.113883.6.1" codeSystemName="LOINC">
         <displayName value="Delivery date Estimated"/>
      </cql-ext:code>
   </definition>
   <relatedDocument typeCode="COMP">
      <expressionDocument>
         <id root="34F6FA3F-8C18-4EAF-84F1-FECC384B1F9B"/>
         <text mediaType="text/cql">
            <reference value="https://emeasuretool.cms.gov/libraries/fd7ca18d-b56d-4bca-af35-71ce36b15246/ElectiveDelivery-10.1.001.cql"/>
            <translation mediaType="application/elm+xml">
               <reference value="https://emeasuretool.cms.gov/libraries/fd7ca18d-b56d-4bca-af35-71ce36b15246/ElectiveDelivery-10.1.001.xml"/>
            </translation>
            <translation mediaType="application/elm+json">
               <reference value="https://emeasuretool.cms.gov/libraries/fd7ca18d-b56d-4bca-af35-71ce36b15246/ElectiveDelivery-10.1.001.json"/>
            </translation>
         </text>
         <setId extension="fd7ca18d-b56d-4bca-af35-71ce36b15246"
                identifierName="ElectiveDelivery"
                root="https://emeasuretool.cms.gov/libraries"/>
         <versionNumber value="10.1.001"/>
      </expressionDocument>
   </relatedDocument>
   <relatedDocument typeCode="COMP">
      <expressionDocument>
         <id root="2c9280827a14d92c017a1fa6bf580674"/>
         <text mediaType="text/cql">
            <reference value="https://emeasuretool.cms.gov/libraries/8bdc0a19-b210-4a58-8a07-f5d95a34eca9/MATGlobalCommonFunctions-6.3.000.cql"/>
            <translation mediaType="application/elm+xml">
               <reference value="https://emeasuretool.cms.gov/libraries/8bdc0a19-b210-4a58-8a07-f5d95a34eca9/MATGlobalCommonFunctions-6.3.000.xml"/>
            </translation>
            <translation mediaType="application/elm+json">
               <reference value="https://emeasuretool.cms.gov/libraries/8bdc0a19-b210-4a58-8a07-f5d95a34eca9/MATGlobalCommonFunctions-6.3.000.json"/>
            </translation>
         </text>
         <setId extension="8bdc0a19-b210-4a58-8a07-f5d95a34eca9"
                identifierName="MATGlobalCommonFunctions"
                root="https://emeasuretool.cms.gov/libraries"/>
         <versionNumber value="6.3.000"/>
      </expressionDocument>
   </relatedDocument>
   <relatedDocument typeCode="COMP">
      <expressionDocument>
         <id root="2c9280827a14d92c017a3f5b4e441012"/>
         <text mediaType="text/cql">
            <reference value="https://emeasuretool.cms.gov/libraries/037cce0a-d996-4c98-bc66-f8aa5bbce760/PCMaternal-2.3.000.cql"/>
            <translation mediaType="application/elm+xml">
               <reference value="https://emeasuretool.cms.gov/libraries/037cce0a-d996-4c98-bc66-f8aa5bbce760/PCMaternal-2.3.000.xml"/>
            </translation>
            <translation mediaType="application/elm+json">
               <reference value="https://emeasuretool.cms.gov/libraries/037cce0a-d996-4c98-bc66-f8aa5bbce760/PCMaternal-2.3.000.json"/>
            </translation>
         </text>
         <setId extension="037cce0a-d996-4c98-bc66-f8aa5bbce760" identifierName="PCMaternal"
                root="https://emeasuretool.cms.gov/libraries"/>
         <versionNumber value="2.3.000"/>
      </expressionDocument>
   </relatedDocument>
   <controlVariable>
      <measurePeriod>
         <id extension="measureperiod" root="553dd61b-69ca-4f7a-9ff2-7ec46fee2bef"/>
         <code code="MSRTP" codeSystem="2.16.840.1.113883.5.4">
            <originalText value="Measurement Period"/>
         </code>
         <value xsi:type="PIVL_TS">
            <phase highClosed="true" lowClosed="true">
               <low value="20210101"/>
               <width unit="a" value="1" xsi:type="PQ"/>
            </phase>
            <period unit="a" value="1"/>
         </value>
      </measurePeriod>
   </controlVariable>
   <subjectOf>
      <measureAttribute>
         <code nullFlavor="OTH">
            <originalText value="eCQM Identifier (Measure Authoring Tool)"/>
         </code>
         <value mediaType="text/plain" value="113" xsi:type="ED"/>
      </measureAttribute>
   </subjectOf>
   <subjectOf>
      <measureAttribute>
         <code nullFlavor="OTH">
            <originalText value="NQF Number"/>
         </code>
         <value mediaType="text/plain" value="0469e" xsi:type="ED"/>
      </measureAttribute>
   </subjectOf>
   <subjectOf>
      <measureAttribute>
         <code code="COPY" codeSystem="2.16.840.1.113883.5.4">
            <displayName value="Copyright"/>
         </code>
         <value mediaType="text/plain"
                value="Measure specifications are in the Public Domain&#xA;&#xA;LOINC(R) copyright 2004-2020 Regenstrief Institute, Inc. &#xA;&#xA;This material contains SNOMED Clinical Terms(R) (SNOMED CT[R]) copyright 2004-2020 International Health Terminology Standards Development Organisation. ICD-10 copyright 2020 World Health Organization. All Rights Reserved."
                xsi:type="ED"/>
      </measureAttribute>
   </subjectOf>
   <subjectOf>
      <measureAttribute>
         <code code="DISC" codeSystem="2.16.840.1.113883.5.4">
            <displayName value="Disclaimer"/>
         </code>
         <value mediaType="text/plain"
                value="These performance measures are not clinical guidelines and do not establish a standard of medical care and have not been tested for all potential applications. The measures and specifications are provided without warranty."
                xsi:type="ED"/>
      </measureAttribute>
   </subjectOf>
   <subjectOf>
      <measureAttribute>
         <code code="MSRSCORE" codeSystem="2.16.840.1.113883.5.4">
            <displayName value="Measure Scoring"/>
         </code>
         <value code="PROPOR" codeSystem="2.16.840.1.113883.5.1063" xsi:type="CD">
            <displayName value="Proportion"/>
         </value>
      </measureAttribute>
   </subjectOf>
   <subjectOf>
      <measureAttribute>
         <code code="MSRTYPE" codeSystem="2.16.840.1.113883.5.4">
            <displayName value="Measure Type"/>
         </code>
         <value code="PROCESS" codeSystem="2.16.840.1.113883.5.1063" xsi:type="CD">
            <displayName value="PROCESS"/>
         </value>
      </measureAttribute>
   </subjectOf>
   <subjectOf>
      <measureAttribute>
         <code code="STRAT" codeSystem="2.16.840.1.113883.5.4">
            <displayName value="Stratification"/>
         </code>
         <value mediaType="text/plain" value="None" xsi:type="ED"/>
      </measureAttribute>
   </subjectOf>
   <subjectOf>
      <measureAttribute>
         <code code="MSRADJ" codeSystem="2.16.840.1.113883.5.4">
            <displayName value="Risk Adjustment"/>
         </code>
         <value mediaType="text/plain" value="None" xsi:type="ED"/>
      </measureAttribute>
   </subjectOf>
   <subjectOf>
      <measureAttribute>
         <code code="MSRAGG" codeSystem="2.16.840.1.113883.5.4">
            <displayName value="Rate Aggregation"/>
         </code>
         <value mediaType="text/plain" value="None" xsi:type="ED"/>
      </measureAttribute>
   </subjectOf>
   <subjectOf>
      <measureAttribute>
         <code code="RAT" codeSystem="2.16.840.1.113883.5.4">
            <displayName value="Rationale"/>
         </code>
         <value mediaType="text/plain"
                value="For almost 3 decades, the American College of Obstetricians and Gynecologists (ACOG) and the American Academy of Pediatrics (AAP) have had in place a standard requiring 39 completed weeks gestation prior to ELECTIVE delivery, either vaginal or operative (ACOG, 1996). A survey conducted in 2007 of almost 20,000 births in HCA hospitals throughout the U.S. carried out in conjunction with the March of Dimes at the request of ACOG revealed that almost 1/3 of all babies delivered in the United States are electively delivered with 5% of all deliveries in the U.S. delivered in a manner violating ACOG/AAP guidelines. Most of these are for convenience, and result in significant short term neonatal morbidity (neonatal intensive care unit admission rates of 13- 21%) (Clark et al., 2009).&#xA;&#xA;According to Glantz (2005), compared to spontaneous labor, elective inductions result in more cesarean births and longer maternal length of stay. The American Academy of Family Physicians (2000) also notes that elective induction doubles the cesarean delivery rate. Repeat elective cesarean births before 39 weeks gestation also result in higher rates of adverse respiratory outcomes, mechanical ventilation, sepsis and hypoglycemia for the newborns (Tita et al., 2009)."
                xsi:type="ED"/>
      </measureAttribute>
   </subjectOf>
   <subjectOf>
      <measureAttribute>
         <code code="CRS" codeSystem="2.16.840.1.113883.5.4">
            <displayName value="Clinical Recommendation Statement"/>
         </code>
         <value mediaType="text/plain"
                value="Guidelines from the American College of Obstetricians and Gynecologists and the American Academy of Pediatrics do not support non-medically indicated elective deliveries at &lt;39 weeks gestation. Evidence suggests that early term deliveries result in significant short term neonatal morbidity. Therefore, it is recommended that elective deliveries should not be performed at &lt;39 weeks gestation unless medically-indicated."
                xsi:type="ED"/>
      </measureAttribute>
   </subjectOf>
   <subjectOf>
      <measureAttribute>
         <code code="IDUR" codeSystem="2.16.840.1.113883.5.4">
            <displayName value="Improvement Notation"/>
         </code>
         <value mediaType="text/plain" value="Improvement noted as a decrease in the rate"
                xsi:type="ED"/>
      </measureAttribute>
   </subjectOf>
   <subjectOf>
      <measureAttribute>
         <code code="REF" codeSystem="2.16.840.1.113883.5.4">
            <displayName value="Reference"/>
         </code>
         <value mediaType="text/plain"
                value="CITATIONAmerican Academy of Family Physicians. (2000). Tips from Other Journals: Elective induction doubles cesarean delivery rate, 61, 4.Retrieved December 29, 2008 at: http://www.aafp.org/afp/2000/0215/p1173.html"
                xsi:type="ED"/>
      </measureAttribute>
   </subjectOf>
   <subjectOf>
      <measureAttribute>
         <code code="REF" codeSystem="2.16.840.1.113883.5.4">
            <displayName value="Reference"/>
         </code>
         <value mediaType="text/plain"
                value="CITATIONAmerican College of Obstetricians and Gynecologists. (November 1996). ACOG Educational Bulletin."
                xsi:type="ED"/>
      </measureAttribute>
   </subjectOf>
   <subjectOf>
      <measureAttribute>
         <code code="REF" codeSystem="2.16.840.1.113883.5.4">
            <displayName value="Reference"/>
         </code>
         <value mediaType="text/plain"
                value="CITATIONClark, S., Miller, D., Belfort, M., Dildy, G., Frye, D., &amp; Meyers, J. (2009). Neonatal and maternal outcomes associated with elective delivery. [Electronic Version]. Am J Obstet Gynecol. 200:156.e1-156.e4."
                xsi:type="ED"/>
      </measureAttribute>
   </subjectOf>
   <subjectOf>
      <measureAttribute>
         <code code="REF" codeSystem="2.16.840.1.113883.5.4">
            <displayName value="Reference"/>
         </code>
         <value mediaType="text/plain"
                value="CITATIONGlantz, J. (Apr.2005). Elective induction vs. spontaneous labor associations and outcomes. [Electronic Version]. J Reprod Med. 50(4):235-40."
                xsi:type="ED"/>
      </measureAttribute>
   </subjectOf>
   <subjectOf>
      <measureAttribute>
         <code code="REF" codeSystem="2.16.840.1.113883.5.4">
            <displayName value="Reference"/>
         </code>
         <value mediaType="text/plain"
                value="CITATIONTita, A., Landon, M., Spong, C., Lai, Y., Leveno, K., Varner, M, et al. (2009). Timing of elective repeat cesarean delivery at term and neonatal outcomes. [Electronic Version]. NEJM. 360:2, 111-120."
                xsi:type="ED"/>
      </measureAttribute>
   </subjectOf>
   <subjectOf>
      <measureAttribute>
         <code code="REF" codeSystem="2.16.840.1.113883.5.4">
            <displayName value="Reference"/>
         </code>
         <value mediaType="text/plain"
                value="CITATIONAmerican College of Obstetricians and Gynecologists.  Revitalize:  Obstetrics Data Definitions (Version 1.0)"
                xsi:type="ED"/>
      </measureAttribute>
   </subjectOf>
   <subjectOf>
      <measureAttribute>
         <code code="REF" codeSystem="2.16.840.1.113883.5.4">
            <displayName value="Reference"/>
         </code>
         <value mediaType="text/plain"
                value="CITATIONBorders, E.B., Birsner, M.L., Gyanmfi-Bannerbaum, C. (2019). Avoidance of nonmedically indicated early-term deliveries and associated neonatal morbidities.  American College of Obstetricians and Gynecologists Committee Opinion, 133:2, e156-163."
                xsi:type="ED"/>
      </measureAttribute>
   </subjectOf>
   <subjectOf>
      <measureAttribute>
         <code code="DEF" codeSystem="2.16.840.1.113883.5.4">
            <displayName value="Definition"/>
         </code>
         <value mediaType="text/plain" value="None" xsi:type="ED"/>
      </measureAttribute>
   </subjectOf>
   <subjectOf>
      <measureAttribute>
         <code code="GUIDE" codeSystem="2.16.840.1.113883.5.4">
            <displayName value="Guidance"/>
         </code>
         <value mediaType="text/plain"
                value="This eCQM is an episode-based measure. An episode is defined as each inpatient hospitalization or encounter that ends during the measurement period.&#xA;&#xA;This version of the eCQM uses QDM version 5.5. Please refer to the eCQI resource center (https://ecqi.healthit.gov/qdm) for more information on the QDM.&#xA;&#xA;Stillbirth: The chart-abstracted measure  (PC-01 Elective Delivery) contains a denominator exclusion data element for Stillbirth.  The eCQM Denominator Exclusion value set entitled &quot;Conditions Possibly Justifying Elective Delivery&quot; includes SNOMED CT and ICD-10-CM concepts representing Stillbirth and History of Stillbirth. &#xA;&#xA;This measure allows for 2 approaches to determine estimated gestational age (EGA) in the following order of precedence:&#xA;&#xA;1.  The EGA is calculated using the American College of Obstetricians and Gynecologists ReVITALize guidelines.*&#xA;2.  The EGA is obtained from a discrete field in the electronic health record.  This option is only used when the calculated EGA is not available.&#xA;&#xA;Wherever gestational age is mentioned, relative to the delivery, the intent is to capture the last estimated gestational age prior to or at the time of delivery.  &#xA; &#xA;*ACOG ReVITALize Guidelines for Calculating Gestational Age:      &#xA;     &#xA;                                Gestational Age = (280-(EDD minus Reference Date))/7&#xA;&#xA;--Estimated Due Date (EDD):  The best obstetrical Estimated Due Date is determined by last menstrual period if confirmed by early ultrasound or no ultrasound performed, or early ultrasound if no known last menstrual period or the ultrasound is not consistent with last menstrual period, or known date of fertilization (eg, assisted reproductive technology) &#xA;--Reference Date is the date on which you are trying to determine gestational age. For purposes of this eCQM, Reference Date would be the Date of Delivery.   &#xA;&#xA;Note however the calculation may yield a non-whole number and gestational age should be rounded off to the nearest completed week. For example, an infant born on the 5th day of the 36th week (35 weeks and 5/7 days) is at a gestational age of 35 weeks, not 36 weeks."
                xsi:type="ED"/>
      </measureAttribute>
   </subjectOf>
   <subjectOf>
      <measureAttribute>
         <code code="TRANF" codeSystem="2.16.840.1.113883.5.4">
            <displayName value="Transmission Format"/>
         </code>
         <value mediaType="text/plain" value="TBD" xsi:type="ED"/>
      </measureAttribute>
   </subjectOf>
   <subjectOf>
      <measureAttribute>
         <code code="IPOP" codeSystem="2.16.840.1.113883.5.4">
            <displayName value="Initial Population"/>
         </code>
         <value mediaType="text/plain"
                value="Inpatient hospitalizations for patients age &gt;= 8 years and &lt; 65 admitted to the hospital for inpatient acute care who undergo a delivery procedure that ends during the measurement period"
                xsi:type="ED"/>
      </measureAttribute>
   </subjectOf>
   <subjectOf>
      <measureAttribute>
         <code code="DENOM" codeSystem="2.16.840.1.113883.5.4">
            <displayName value="Denominator"/>
         </code>
         <value mediaType="text/plain"
                value="Inpatient hospitalizations for patients delivering newborns with &gt;= 37 and &lt; 39 weeks of gestation completed"
                xsi:type="ED"/>
      </measureAttribute>
   </subjectOf>
   <subjectOf>
      <measureAttribute>
         <code code="DENEX" codeSystem="2.16.840.1.113883.5.4">
            <displayName value="Denominator Exclusions"/>
         </code>
         <value mediaType="text/plain"
                value="Inpatient hospitalizations for patients with conditions possibly justifying elective delivery prior to 39 weeks gestation"
                xsi:type="ED"/>
      </measureAttribute>
   </subjectOf>
   <subjectOf>
      <measureAttribute>
         <code code="NUMER" codeSystem="2.16.840.1.113883.5.4">
            <displayName value="Numerator"/>
         </code>
         <value mediaType="text/plain"
                value="Inpatient hospitalizations for patients with elective deliveries by either: &#xA;       -     Medical induction of labor while not in labor prior to the procedure&#xA;       -     Cesarean birth while not in labor and with no history of a prior uterine surgery"
                xsi:type="ED"/>
      </measureAttribute>
   </subjectOf>
   <subjectOf>
      <measureAttribute>
         <code code="NUMEX" codeSystem="2.16.840.1.113883.5.4">
            <displayName value="Numerator Exclusions"/>
         </code>
         <value mediaType="text/plain" value="Not Applicable" xsi:type="ED"/>
      </measureAttribute>
   </subjectOf>
   <subjectOf>
      <measureAttribute>
         <code code="DENEXCEP" codeSystem="2.16.840.1.113883.5.4">
            <displayName value="Denominator Exceptions"/>
         </code>
         <value mediaType="text/plain" value="None" xsi:type="ED"/>
      </measureAttribute>
   </subjectOf>
   <subjectOf>
      <measureAttribute>
         <code code="SDE" codeSystem="2.16.840.1.113883.5.4">
            <displayName value="Supplemental Data Elements"/>
         </code>
         <value mediaType="text/plain"
                value="For every patient evaluated by this measure also identify payer, race, ethnicity and sex"
                xsi:type="ED"/>
      </measureAttribute>
   </subjectOf>
   <componentOf>
      <qualityMeasureSet classCode="ACT">
         <id root="fd7ca18d-b56d-4bca-af35-71ce36b15246"/>
         <title value="eMeasure Perinatal Care (ePC)"/>
      </qualityMeasureSet>
   </componentOf>
   <!--Data Criteria Section-->
   <component>
      <dataCriteriaSection>
         <templateId>
            <item extension="2021-02-01" root="2.16.840.1.113883.10.20.28.2.6"/>
         </templateId>
         <code code="57025-9" codeSystem="2.16.840.1.113883.6.1"/>
         <title value="Data Criteria Section"/>
         <text/>
         <entry typeCode="DRIV">
            <localVariableName value="Payer_PatientCharacteristicPayer_G5hXx"/>
            <observationCriteria classCode="OBS" moodCode="EVN">
               <templateId>
                  <item extension="2017-05-01" root="2.16.840.1.113883.10.20.28.4.58"/>
               </templateId>
               <id extension="Payer_PatientCharacteristicPayer"
                   root="9a8df058-befc-496b-bcef-a20bcab2344b"/>
               <code code="48768-6" codeSystem="2.16.840.1.113883.6.1" codeSystemName="LOINC">
                  <displayName value="Payer"/>
               </code>
               <title value="Patient Characteristic Payer"/>
               <statusCode code="COMPLETED"/>
               <value valueSet="2.16.840.1.114222.4.11.3591" xsi:type="CD"/>
            </observationCriteria>
         </entry>
         <entry typeCode="DRIV">
            <localVariableName value="MedicalInductionofLabor_ProcedurePerformed_kLt8m"/>
            <procedureCriteria classCode="PROC" moodCode="EVN">
               <templateId>
                  <item extension="2021-02-01" root="2.16.840.1.113883.10.20.28.4.67"/>
               </templateId>
               <id extension="MedicalInductionofLabor_ProcedurePerformed"
                   root="40280381-3d27-5493-013d-4dbf057b684f"/>
               <code valueSet="2.16.840.1.113883.3.117.1.7.1.288"/>
               <title value="Procedure, Performed"/>
               <statusCode code="COMPLETED"/>
            </procedureCriteria>
         </entry>
         <entry typeCode="DRIV">
            <localVariableName value="ONCAdministrativeSex_PatientCharacteristicSex_A97Pt"/>
            <observationCriteria classCode="OBS" moodCode="EVN">
               <templateId>
                  <item extension="2017-05-01" root="2.16.840.1.113883.10.20.28.4.55"/>
               </templateId>
               <id extension="ONCAdministrativeSex_PatientCharacteristicSex"
                   root="cf773199-0e78-44e9-b3c0-fdd018b827a4"/>
               <code code="263495000" codeSystem="2.16.840.1.113883.6.96" codeSystemName="SNOMED CT">
                  <displayName value="Gender"/>
               </code>
               <title value="Patient Characteristic Sex"/>
               <statusCode code="COMPLETED"/>
               <value valueSet="2.16.840.1.113762.1.4.1" xsi:type="CD"/>
            </observationCriteria>
         </entry>
         <entry typeCode="DRIV">
            <localVariableName value="Oxytocin_MedicationAdministered_r9o6B"/>
            <substanceAdministrationCriteria classCode="SBADM" moodCode="EVN">
               <templateId>
                  <item extension="2021-02-01" root="2.16.840.1.113883.10.20.28.4.45"/>
               </templateId>
               <id extension="Oxytocin_MedicationAdministered"
                   root="bccecee4-a26d-4090-aea5-606acd578dca"/>
               <code code="416118004" codeSystem="2.16.840.1.113883.6.96"/>
               <title value="Medication, Administered"/>
               <statusCode code="COMPLETED"/>
			            <participation typeCode="CSM">
                  <role classCode="MANU">
                     <playingManufacturedMaterial classCode="MMAT" determinerCode="KIND">
                        <code valueSet="2.16.840.1.113762.1.4.1045.55"/>
                     </playingManufacturedMaterial>
                  </role>
               </participation>
		          </substanceAdministrationCriteria>
         </entry>
         <entry typeCode="DRIV">
            <localVariableName value="EncounterInpatient_EncounterPerformed_CSlvi"/>
            <encounterCriteria classCode="ENC" moodCode="EVN">
               <templateId>
                  <item extension="2021-02-01" root="2.16.840.1.113883.10.20.28.4.5"/>
               </templateId>
               <id extension="EncounterInpatient_EncounterPerformed"
                   root="7c8fbb7c-3c15-47eb-b52d-66886da53844"/>
               <code valueSet="2.16.840.1.113883.3.666.5.307"/>
               <title value="Encounter, Performed"/>
               <statusCode code="COMPLETED"/>
            </encounterCriteria>
         </entry>
         <entry typeCode="DRIV">
            <localVariableName value="Dinoprostone_MedicationAdministered_KS0zj"/>
            <substanceAdministrationCriteria classCode="SBADM" moodCode="EVN">
               <templateId>
                  <item extension="2021-02-01" root="2.16.840.1.113883.10.20.28.4.45"/>
               </templateId>
               <id extension="Dinoprostone_MedicationAdministered"
                   root="d1b8e009-0b47-49fe-901d-f61943ea9ba0"/>
               <code code="416118004" codeSystem="2.16.840.1.113883.6.96"/>
               <title value="Medication, Administered"/>
               <statusCode code="COMPLETED"/>
			            <participation typeCode="CSM">
                  <role classCode="MANU">
                     <playingManufacturedMaterial classCode="MMAT" determinerCode="KIND">
                        <code valueSet="2.16.840.1.113762.1.4.1045.56"/>
                     </playingManufacturedMaterial>
                  </role>
               </participation>
		          </substanceAdministrationCriteria>
         </entry>
         <entry typeCode="DRIV">
            <localVariableName value="EstimatedGestationalAgeatDelivery_AssessmentPerformed_V3Qka"/>
            <observationCriteria classCode="OBS" moodCode="EVN">
               <templateId>
                  <item extension="2021-02-01" root="2.16.840.1.113883.10.20.28.4.117"/>
               </templateId>
               <id extension="EstimatedGestationalAgeatDelivery_AssessmentPerformed"
                   root="ae918b35-8b62-4a95-b7a4-ea5ec79228d0"/>
               <code valueSet="2.16.840.1.113762.1.4.1045.26"/>
               <title value="Assessment, Performed"/>
               <statusCode code="COMPLETED"/>
            </observationCriteria>
         </entry>
         <entry typeCode="DRIV">
            <localVariableName value="ObservationServices_EncounterPerformed_LbEIZ"/>
            <encounterCriteria classCode="ENC" moodCode="EVN">
               <templateId>
                  <item extension="2021-02-01" root="2.16.840.1.113883.10.20.28.4.5"/>
               </templateId>
               <id extension="ObservationServices_EncounterPerformed"
                   root="fc27bc50-96f1-47fc-a074-727ad7275a87"/>
               <code valueSet="2.16.840.1.113762.1.4.1111.143"/>
               <title value="Encounter, Performed"/>
               <statusCode code="COMPLETED"/>
            </encounterCriteria>
         </entry>
         <entry typeCode="DRIV">
            <localVariableName value="Labor_AssessmentPerformed_S3PNW"/>
            <observationCriteria classCode="OBS" moodCode="EVN">
               <templateId>
                  <item extension="2021-02-01" root="2.16.840.1.113883.10.20.28.4.117"/>
               </templateId>
               <id extension="Labor_AssessmentPerformed"
                   root="40280381-3d27-5493-013d-4dbf057b6852"/>
               <code valueSet="2.16.840.1.113883.3.117.1.7.1.281"/>
               <title value="Assessment, Performed"/>
               <statusCode code="COMPLETED"/>
            </observationCriteria>
         </entry>
         <entry typeCode="DRIV">
            <localVariableName value="ClassicalCesareanBirth_ProcedurePerformed_GoxwF"/>
            <procedureCriteria classCode="PROC" moodCode="EVN">
               <templateId>
                  <item extension="2021-02-01" root="2.16.840.1.113883.10.20.28.4.67"/>
               </templateId>
               <id extension="ClassicalCesareanBirth_ProcedurePerformed"
                   root="40280381-3d27-5493-013d-4dbf057b6867"/>
               <code valueSet="2.16.840.1.113883.3.117.1.7.1.421"/>
               <title value="Procedure, Performed"/>
               <statusCode code="COMPLETED"/>
            </procedureCriteria>
         </entry>
         <entry typeCode="DRIV">
            <localVariableName value="DeliveryProcedures_ProcedurePerformed_uYy39"/>
            <procedureCriteria classCode="PROC" moodCode="EVN">
               <templateId>
                  <item extension="2021-02-01" root="2.16.840.1.113883.10.20.28.4.67"/>
               </templateId>
               <id extension="DeliveryProcedures_ProcedurePerformed"
                   root="449779a6-00d9-41a2-864e-7572be8bc1c6"/>
               <code valueSet="2.16.840.1.113762.1.4.1045.59"/>
               <title value="Procedure, Performed"/>
               <statusCode code="COMPLETED"/>
            </procedureCriteria>
         </entry>
         <entry typeCode="DRIV">
            <localVariableName value="TransabdominalCerclage_ProcedurePerformed_mziqR"/>
            <procedureCriteria classCode="PROC" moodCode="EVN">
               <templateId>
                  <item extension="2021-02-01" root="2.16.840.1.113883.10.20.28.4.67"/>
               </templateId>
               <id extension="TransabdominalCerclage_ProcedurePerformed"
                   root="b0e25a33-f0f4-45bc-8d2d-f85f6d75ebe5"/>
               <code valueSet="2.16.840.1.113762.1.4.1110.18"/>
               <title value="Procedure, Performed"/>
               <statusCode code="COMPLETED"/>
            </procedureCriteria>
         </entry>
         <entry typeCode="DRIV">
            <localVariableName value="Metroplasty_ProcedurePerformed_grGVW"/>
            <procedureCriteria classCode="PROC" moodCode="EVN">
               <templateId>
                  <item extension="2021-02-01" root="2.16.840.1.113883.10.20.28.4.67"/>
               </templateId>
               <id extension="Metroplasty_ProcedurePerformed"
                   root="c61c8e17-72ac-49cd-92fd-fc6d74e16829"/>
               <code valueSet="2.16.840.1.113762.1.4.1110.25"/>
               <title value="Procedure, Performed"/>
               <statusCode code="COMPLETED"/>
            </procedureCriteria>
         </entry>
         <entry typeCode="DRIV">
            <localVariableName value="Ethnicity_PatientCharacteristicEthnicity_8QU1F"/>
            <observationCriteria classCode="OBS" moodCode="EVN">
               <templateId>
                  <item extension="2017-05-01" root="2.16.840.1.113883.10.20.28.4.56"/>
               </templateId>
               <id extension="Ethnicity_PatientCharacteristicEthnicity"
                   root="60d545d9-de1a-400b-946b-2779922f425a"/>
               <code code="54133-4" codeSystem="2.16.840.1.113883.6.1" codeSystemName="LOINC">
                  <displayName value="Ethnicity"/>
               </code>
               <title value="Patient Characteristic Ethnicity"/>
               <statusCode code="COMPLETED"/>
               <value valueSet="2.16.840.1.114222.4.11.837" xsi:type="CD"/>
            </observationCriteria>
         </entry>
         <entry typeCode="DRIV">
            <localVariableName value="Myomectomy_ProcedurePerformed_9iBL1"/>
            <procedureCriteria classCode="PROC" moodCode="EVN">
               <templateId>
                  <item extension="2021-02-01" root="2.16.840.1.113883.10.20.28.4.67"/>
               </templateId>
               <id extension="Myomectomy_ProcedurePerformed"
                   root="40280381-3d27-5493-013d-4dbf057b6868"/>
               <code valueSet="2.16.840.1.113883.3.117.1.7.1.422"/>
               <title value="Procedure, Performed"/>
               <statusCode code="COMPLETED"/>
            </procedureCriteria>
         </entry>
         <entry typeCode="DRIV">
            <localVariableName value="EDVisitandOBTriage_EncounterPerformed_JKxi7"/>
            <encounterCriteria classCode="ENC" moodCode="EVN">
               <templateId>
                  <item extension="2021-02-01" root="2.16.840.1.113883.10.20.28.4.5"/>
               </templateId>
               <id extension="EDVisitandOBTriage_EncounterPerformed"
                   root="79f0f95e-c034-49a7-826a-03d1cd864086"/>
               <code valueSet="2.16.840.1.113762.1.4.1029.369"/>
               <title value="Encounter, Performed"/>
               <statusCode code="COMPLETED"/>
            </encounterCriteria>
         </entry>
         <entry typeCode="DRIV">
            <localVariableName value="Race_PatientCharacteristicRace_pyQlb"/>
            <observationCriteria classCode="OBS" moodCode="EVN">
               <templateId>
                  <item extension="2017-05-01" root="2.16.840.1.113883.10.20.28.4.59"/>
               </templateId>
               <id extension="Race_PatientCharacteristicRace"
                   root="e8313196-72ea-48e0-bad5-5c056ec889fb"/>
               <code code="32624-9" codeSystem="2.16.840.1.113883.6.1" codeSystemName="LOINC">
                  <displayName value="Race"/>
               </code>
               <title value="Patient Characteristic Race"/>
               <statusCode code="COMPLETED"/>
               <value valueSet="2.16.840.1.114222.4.11.836" xsi:type="CD"/>
            </observationCriteria>
         </entry>
         <entry typeCode="DRIV">
            <localVariableName value="UterineHorn_ProcedurePerformed_hG4R3"/>
            <procedureCriteria classCode="PROC" moodCode="EVN">
               <templateId>
                  <item extension="2021-02-01" root="2.16.840.1.113883.10.20.28.4.67"/>
               </templateId>
               <id extension="UterineHorn_ProcedurePerformed"
                   root="277f20b1-077b-4d15-8e55-30eefefc79bc"/>
               <code valueSet="2.16.840.1.113762.1.4.1110.24"/>
               <title value="Procedure, Performed"/>
               <statusCode code="COMPLETED"/>
            </procedureCriteria>
         </entry>
         <entry typeCode="DRIV">
            <localVariableName value="PerforationofUterus_Diagnosis_5GtYj"/>
            <observationCriteria classCode="OBS" moodCode="EVN">
               <templateId>
                  <item extension="2021-02-01" root="2.16.840.1.113883.10.20.28.4.110"/>
               </templateId>
               <id extension="PerforationofUterus_Diagnosis"
                   root="1b471a86-a4a3-4152-acb5-ad24cd7fabbb"/>
               <code code="282291009" codeSystem="2.16.840.1.113883.6.96" codeSystemName="SNOMED CT">
                  <displayName value="Diagnosis"/>
               </code>
               <title value="Diagnosis"/>
               <statusCode code="COMPLETED"/>
               <value valueSet="2.16.840.1.113762.1.4.1110.14" xsi:type="CD"/>
            </observationCriteria>
         </entry>
         <entry typeCode="DRIV">
            <localVariableName value="UterineWindow_Diagnosis_kcpJr"/>
            <observationCriteria classCode="OBS" moodCode="EVN">
               <templateId>
                  <item extension="2021-02-01" root="2.16.840.1.113883.10.20.28.4.110"/>
               </templateId>
               <id extension="UterineWindow_Diagnosis" root="c6d49175-63a2-4c58-b014-70340768e092"/>
               <code code="282291009" codeSystem="2.16.840.1.113883.6.96" codeSystemName="SNOMED CT">
                  <displayName value="Diagnosis"/>
               </code>
               <title value="Diagnosis"/>
               <statusCode code="COMPLETED"/>
               <value valueSet="2.16.840.1.113883.3.117.1.7.1.137" xsi:type="CD"/>
            </observationCriteria>
         </entry>
         <entry typeCode="DRIV">
            <localVariableName value="CesareanBirth_ProcedurePerformed_H5OEd"/>
            <procedureCriteria classCode="PROC" moodCode="EVN">
               <templateId>
                  <item extension="2021-02-01" root="2.16.840.1.113883.10.20.28.4.67"/>
               </templateId>
               <id extension="CesareanBirth_ProcedurePerformed"
                   root="d3def494-54e9-43b5-8c4c-eae055172880"/>
               <code valueSet="2.16.840.1.113883.3.117.1.7.1.282"/>
               <title value="Procedure, Performed"/>
               <statusCode code="COMPLETED"/>
            </procedureCriteria>
         </entry>
         <entry typeCode="DRIV">
            <localVariableName value="UterineRupture_Diagnosis_OX68I"/>
            <observationCriteria classCode="OBS" moodCode="EVN">
               <templateId>
                  <item extension="2021-02-01" root="2.16.840.1.113883.10.20.28.4.110"/>
               </templateId>
               <id extension="UterineRupture_Diagnosis"
                   root="fb95a6a0-2e8d-4525-8d38-85281afe355a"/>
               <code code="282291009" codeSystem="2.16.840.1.113883.6.96" codeSystemName="SNOMED CT">
                  <displayName value="Diagnosis"/>
               </code>
               <title value="Diagnosis"/>
               <statusCode code="COMPLETED"/>
               <value valueSet="2.16.840.1.113762.1.4.1110.16" xsi:type="CD"/>
            </observationCriteria>
         </entry>
         <entry typeCode="DRIV">
            <localVariableName value="ConditionsPossiblyJustifyingElectiveDeliveryPriorto39WeeksGestation_Diagnosis_Up2xu"/>
            <observationCriteria classCode="OBS" moodCode="EVN">
               <templateId>
                  <item extension="2021-02-01" root="2.16.840.1.113883.10.20.28.4.110"/>
               </templateId>
               <id extension="ConditionsPossiblyJustifyingElectiveDeliveryPriorto39WeeksGestation_Diagnosis"
                   root="50b03724-f417-48ac-a0e2-b99e06de5425"/>
               <code code="282291009" codeSystem="2.16.840.1.113883.6.96" codeSystemName="SNOMED CT">
                  <displayName value="Diagnosis"/>
               </code>
               <title value="Diagnosis"/>
               <statusCode code="COMPLETED"/>
               <value valueSet="2.16.840.1.113883.3.117.1.7.1.286" xsi:type="CD"/>
            </observationCriteria>
         </entry>
         <entry typeCode="DRIV">
            <localVariableName value="CornualEctopicPregnancy_Diagnosis_m6g0m"/>
            <observationCriteria classCode="OBS" moodCode="EVN">
               <templateId>
                  <item extension="2021-02-01" root="2.16.840.1.113883.10.20.28.4.110"/>
               </templateId>
               <id extension="CornualEctopicPregnancy_Diagnosis"
                   root="429d09e5-cd8f-4a20-9434-fe07890357fb"/>
               <code code="282291009" codeSystem="2.16.840.1.113883.6.96" codeSystemName="SNOMED CT">
                  <displayName value="Diagnosis"/>
               </code>
               <title value="Diagnosis"/>
               <statusCode code="COMPLETED"/>
               <value valueSet="2.16.840.1.113762.1.4.1110.12" xsi:type="CD"/>
            </observationCriteria>
         </entry>
         <entry typeCode="DRIV">
            <observationCriteria classCode="OBS" moodCode="EVN">
               <templateId>
                  <item extension="2021-02-01" root="2.16.840.1.113883.10.20.28.4.117"/>
               </templateId>
               <id extension="93857-1_AssessmentPerformed"
                   root="9ACCEAC5-7CA8-406D-BF60-D686435B3EE1"/>
               <code code="93857-1" codeSystem="2.16.840.1.113883.6.1" codeSystemName="LOINC"/>
               <title value="Assessment, Performed"/>
               <statusCode code="COMPLETED"/>
            </observationCriteria>
         </entry>
         <entry typeCode="DRIV">
            <observationCriteria classCode="OBS" moodCode="EVN">
               <templateId>
                  <item extension="2017-05-01" root="2.16.840.1.113883.10.20.28.4.54"/>
               </templateId>
               <id extension="21112-8_PatientCharacteristicBirthdate"
                   root="273DBCA6-648F-4E23-9045-CDD964073C26"/>
               <code code="21112-8" codeSystem="2.16.840.1.113883.6.1" codeSystemName="LOINC"/>
               <title value="Patient Characteristic Birthdate"/>
               <statusCode code="COMPLETED"/>
            </observationCriteria>
         </entry>
         <entry typeCode="DRIV">
            <observationCriteria classCode="OBS" moodCode="EVN">
               <templateId>
                  <item extension="2021-02-01" root="2.16.840.1.113883.10.20.28.4.117"/>
               </templateId>
               <id extension="11778-8_AssessmentPerformed"
                   root="57D0177D-2705-4B12-8CA3-E73C2B5E4171"/>
               <code code="11778-8" codeSystem="2.16.840.1.113883.6.1" codeSystemName="LOINC"/>
               <title value="Assessment, Performed"/>
               <statusCode code="COMPLETED"/>
            </observationCriteria>
         </entry>
      </dataCriteriaSection>
   </component>
   <component>
      <populationCriteriaSection>
         <templateId>
            <item extension="2017-08-01" root="2.16.840.1.113883.10.20.28.2.7"/>
         </templateId>
         <id extension="PopulationCriteria1" root="3E0CD9CE-2D71-4B22-BD54-5CC8863F9BF1"/>
         <code code="57026-7" codeSystem="2.16.840.1.113883.6.1"/>
         <title value="Population Criteria Section"/>
         <text/>
         <component typeCode="COMP">
            <initialPopulationCriteria classCode="OBS" moodCode="EVN">
               <id extension="initialPopulation" root="313617D6-BF86-4FA6-AAA0-9DE938C81D53"/>
               <code code="IPOP" codeSystem="2.16.840.1.113883.5.4" codeSystemName="Act Code"/>
               <precondition typeCode="PRCN">
                  <criteriaReference classCode="OBS" moodCode="EVN">
                     <id extension="ElectiveDelivery.&quot;Initial Population&quot;"
                         root="34F6FA3F-8C18-4EAF-84F1-FECC384B1F9B"/>
                  </criteriaReference>
               </precondition>
            </initialPopulationCriteria>
         </component>
         <component typeCode="COMP">
            <denominatorCriteria classCode="OBS" moodCode="EVN">
               <id extension="denominator" root="E467EB03-8A2D-41BF-825E-8C5193549800"/>
               <code code="DENOM" codeSystem="2.16.840.1.113883.5.4" codeSystemName="Act Code"/>
               <precondition typeCode="PRCN">
                  <criteriaReference classCode="OBS" moodCode="EVN">
                     <id extension="ElectiveDelivery.&quot;Denominator&quot;"
                         root="34F6FA3F-8C18-4EAF-84F1-FECC384B1F9B"/>
                  </criteriaReference>
               </precondition>
            </denominatorCriteria>
         </component>
         <component typeCode="COMP">
            <denominatorExclusionCriteria classCode="OBS" moodCode="EVN">
               <id extension="denominatorExclusions" root="C027BA97-B763-4E19-A5A8-3F19CEB7E0B8"/>
               <code code="DENEX" codeSystem="2.16.840.1.113883.5.4" codeSystemName="Act Code"/>
               <precondition typeCode="PRCN">
                  <criteriaReference classCode="OBS" moodCode="EVN">
                     <id extension="ElectiveDelivery.&quot;Denominator Exclusion&quot;"
                         root="34F6FA3F-8C18-4EAF-84F1-FECC384B1F9B"/>
                  </criteriaReference>
               </precondition>
            </denominatorExclusionCriteria>
         </component>
         <component typeCode="COMP">
            <numeratorCriteria classCode="OBS" moodCode="EVN">
               <id extension="numerator" root="069FBC68-64F8-4F34-BF70-B7E9B86ABE97"/>
               <code code="NUMER" codeSystem="2.16.840.1.113883.5.4" codeSystemName="Act Code"/>
               <precondition typeCode="PRCN">
                  <criteriaReference classCode="OBS" moodCode="EVN">
                     <id extension="ElectiveDelivery.&quot;Numerator&quot;"
                         root="34F6FA3F-8C18-4EAF-84F1-FECC384B1F9B"/>
                  </criteriaReference>
               </precondition>
            </numeratorCriteria>
         </component>
         <component typeCode="COMP">
            <cql-ext:supplementalDataElement>
               <id extension="Supplemental Data Elements"
                   root="5613F179-787E-402D-9646-64B7D263C1A9"/>
               <code code="SDE" codeSystem="2.16.840.1.113883.5.4" codeSystemName="Act Code"/>
               <precondition typeCode="PRCN">
                  <criteriaReference classCode="OBS" moodCode="EVN">
                     <id extension="ElectiveDelivery.&quot;SDE Ethnicity&quot;"
                         root="34F6FA3F-8C18-4EAF-84F1-FECC384B1F9B"/>
                  </criteriaReference>
               </precondition>
            </cql-ext:supplementalDataElement>
         </component>
         <component typeCode="COMP">
            <cql-ext:supplementalDataElement>
               <id extension="Supplemental Data Elements"
                   root="9C748F89-B2FA-4705-B8B3-E3DEBCD8EE66"/>
               <code code="SDE" codeSystem="2.16.840.1.113883.5.4" codeSystemName="Act Code"/>
               <precondition typeCode="PRCN">
                  <criteriaReference classCode="OBS" moodCode="EVN">
                     <id extension="ElectiveDelivery.&quot;SDE Payer&quot;"
                         root="34F6FA3F-8C18-4EAF-84F1-FECC384B1F9B"/>
                  </criteriaReference>
               </precondition>
            </cql-ext:supplementalDataElement>
         </component>
         <component typeCode="COMP">
            <cql-ext:supplementalDataElement>
               <id extension="Supplemental Data Elements"
                   root="7980507F-21A3-472F-913B-9ABDE67E1CF3"/>
               <code code="SDE" codeSystem="2.16.840.1.113883.5.4" codeSystemName="Act Code"/>
               <precondition typeCode="PRCN">
                  <criteriaReference classCode="OBS" moodCode="EVN">
                     <id extension="ElectiveDelivery.&quot;SDE Race&quot;"
                         root="34F6FA3F-8C18-4EAF-84F1-FECC384B1F9B"/>
                  </criteriaReference>
               </precondition>
            </cql-ext:supplementalDataElement>
         </component>
         <component typeCode="COMP">
            <cql-ext:supplementalDataElement>
               <id extension="Supplemental Data Elements"
                   root="8753DA59-9743-4394-8BA7-B1842C8C502F"/>
               <code code="SDE" codeSystem="2.16.840.1.113883.5.4" codeSystemName="Act Code"/>
               <precondition typeCode="PRCN">
                  <criteriaReference classCode="OBS" moodCode="EVN">
                     <id extension="ElectiveDelivery.&quot;SDE Sex&quot;"
                         root="34F6FA3F-8C18-4EAF-84F1-FECC384B1F9B"/>
                  </criteriaReference>
               </precondition>
            </cql-ext:supplementalDataElement>
         </component>
      </populationCriteriaSection>
   </component>
</QualityMeasureDocument>