<?xml version="1.0" encoding="UTF-8"?>
<library xmlns="urn:hl7-org:elm:r1" xmlns:t="urn:hl7-org:elm-types:r1" xmlns:xsi="http://www.w3.org/2001/XMLSchema-instance" xmlns:xsd="http://www.w3.org/2001/XMLSchema" xmlns:fhir="http://hl7.org/fhir" xmlns:qdm43="urn:healthit-gov:qdm:v4_3" xmlns:qdm53="urn:healthit-gov:qdm:v5_3" xmlns:a="urn:hl7-org:cql-annotations:r1">
   <annotation translatorOptions="EnableAnnotations,EnableLocators,DisableListDemotion,DisableListPromotion,DisableMethodInvocation" xsi:type="a:CqlToElmInfo"/>
   <annotation xsi:type="a:Annotation">
      <a:s r="226">
         <a:s>library PCMaternal version '2.3.000'</a:s>
      </a:s>
   </annotation>
   <identifier id="PCMaternal" version="2.3.000"/>
   <schemaIdentifier id="urn:hl7-org:elm" version="r1"/>
   <usings>
      <def localIdentifier="System" uri="urn:hl7-org:elm-types:r1"/>
      <def localId="1" locator="3:1-3:23" localIdentifier="QDM" uri="urn:healthit-gov:qdm:v5_6" version="5.6">
         <annotation xsi:type="a:Annotation">
            <a:s r="1">
               <a:s>using </a:s>
               <a:s>
                  <a:s>QDM</a:s>
               </a:s>
               <a:s> version '5.6'</a:s>
            </a:s>
         </annotation>
      </def>
   </usings>
   <includes>
      <def localId="2" locator="5:1-5:64" localIdentifier="Global" path="MATGlobalCommonFunctions" version="6.3.000">
         <annotation xsi:type="a:Annotation">
            <a:s r="2">
               <a:s>include </a:s>
               <a:s>
                  <a:s>MATGlobalCommonFunctions</a:s>
               </a:s>
               <a:s> version '6.3.000' called Global</a:s>
            </a:s>
         </annotation>
      </def>
   </includes>
   <parameters>
      <def localId="17" locator="19:1-19:49" name="Measurement Period" accessLevel="Public">
         <annotation xsi:type="a:Annotation">
            <a:s r="17">
               <a:s>parameter &quot;Measurement Period&quot; </a:s>
               <a:s r="16">
                  <a:s>Interval&lt;</a:s>
                  <a:s r="15">
                     <a:s>DateTime</a:s>
                  </a:s>
                  <a:s>></a:s>
               </a:s>
            </a:s>
         </annotation>
         <parameterTypeSpecifier localId="16" locator="19:32-19:49" xsi:type="IntervalTypeSpecifier">
            <pointType localId="15" locator="19:41-19:48" name="t:DateTime" xsi:type="NamedTypeSpecifier"/>
         </parameterTypeSpecifier>
      </def>
   </parameters>
   <codeSystems>
      <def localId="3" locator="7:1-7:51" name="LOINC" id="urn:oid:2.16.840.1.113883.6.1" accessLevel="Public">
         <annotation xsi:type="a:Annotation">
            <a:s r="3">
               <a:s>codesystem &quot;LOINC&quot;: 'urn:oid:2.16.840.1.113883.6.1'</a:s>
            </a:s>
         </annotation>
      </def>
   </codeSystems>
   <valueSets>
      <def localId="4" locator="9:1-9:71" name="Delivery Procedures" id="urn:oid:2.16.840.1.113762.1.4.1045.59" accessLevel="Public">
         <annotation xsi:type="a:Annotation">
            <a:s r="4">
               <a:s>valueset &quot;Delivery Procedures&quot;: 'urn:oid:2.16.840.1.113762.1.4.1045.59'</a:s>
            </a:s>
         </annotation>
      </def>
      <def localId="5" locator="10:1-10:75" name="ED Visit and OB Triage" id="urn:oid:2.16.840.1.113762.1.4.1029.369" accessLevel="Public">
         <annotation xsi:type="a:Annotation">
            <a:s r="5">
               <a:s>valueset &quot;ED Visit and OB Triage&quot;: 'urn:oid:2.16.840.1.113762.1.4.1029.369'</a:s>
            </a:s>
         </annotation>
      </def>
      <def localId="6" locator="11:1-11:71" name="Encounter Inpatient" id="urn:oid:2.16.840.1.113883.3.666.5.307" accessLevel="Public">
         <annotation xsi:type="a:Annotation">
            <a:s r="6">
               <a:s>valueset &quot;Encounter Inpatient&quot;: 'urn:oid:2.16.840.1.113883.3.666.5.307'</a:s>
            </a:s>
         </annotation>
      </def>
      <def localId="7" locator="12:1-12:89" name="Estimated Gestational Age at Delivery" id="urn:oid:2.16.840.1.113762.1.4.1045.26" accessLevel="Public">
         <annotation xsi:type="a:Annotation">
            <a:s r="7">
               <a:s>valueset &quot;Estimated Gestational Age at Delivery&quot;: 'urn:oid:2.16.840.1.113762.1.4.1045.26'</a:s>
            </a:s>
         </annotation>
      </def>
      <def localId="8" locator="13:1-13:73" name="Observation Services" id="urn:oid:2.16.840.1.113762.1.4.1111.143" accessLevel="Public">
         <annotation xsi:type="a:Annotation">
            <a:s r="8">
               <a:s>valueset &quot;Observation Services&quot;: 'urn:oid:2.16.840.1.113762.1.4.1111.143'</a:s>
            </a:s>
         </annotation>
      </def>
   </valueSets>
   <codes>
      <def localId="10" locator="15:1-15:62" name="Birth date" id="21112-8" display="Birth date" accessLevel="Public">
         <annotation xsi:type="a:Annotation">
            <a:s r="10">
               <a:s>code &quot;Birth date&quot;: '21112-8' from </a:s>
               <a:s r="9">
                  <a:s>&quot;LOINC&quot;</a:s>
               </a:s>
               <a:s> display 'Birth date'</a:s>
            </a:s>
         </annotation>
         <codeSystem localId="9" locator="15:35-15:41" name="LOINC"/>
      </def>
      <def localId="12" locator="16:1-16:112" name="Date and time of obstetric delivery" id="93857-1" display="Date and time of obstetric delivery" accessLevel="Public">
         <annotation xsi:type="a:Annotation">
            <a:s r="12">
               <a:s>code &quot;Date and time of obstetric delivery&quot;: '93857-1' from </a:s>
               <a:s r="11">
                  <a:s>&quot;LOINC&quot;</a:s>
               </a:s>
               <a:s> display 'Date and time of obstetric delivery'</a:s>
            </a:s>
         </annotation>
         <codeSystem localId="11" locator="16:60-16:66" name="LOINC"/>
      </def>
      <def localId="14" locator="17:1-17:88" name="Delivery date Estimated" id="11778-8" display="Delivery date Estimated" accessLevel="Public">
         <annotation xsi:type="a:Annotation">
            <a:s r="14">
               <a:s>code &quot;Delivery date Estimated&quot;: '11778-8' from </a:s>
               <a:s r="13">
                  <a:s>&quot;LOINC&quot;</a:s>
               </a:s>
               <a:s> display 'Delivery date Estimated'</a:s>
            </a:s>
         </annotation>
         <codeSystem localId="13" locator="17:48-17:54" name="LOINC"/>
      </def>
   </codes>
   <contexts>
      <def locator="21:1-21:15" name="Patient"/>
   </contexts>
   <statements>
      <def locator="21:1-21:15" name="Patient" context="Patient">
         <expression xsi:type="SingletonFrom">
            <operand locator="21:1-21:15" xmlns:ns0="urn:healthit-gov:qdm:v5_6" dataType="ns0:Patient" templateId="Patient" xsi:type="Retrieve"/>
         </expression>
      </def>
      <def localId="48" locator="23:1-28:85" name="Encounter with Age Range" context="Patient" accessLevel="Public">
         <annotation xsi:type="a:Annotation">
            <a:s r="48">
               <a:s>define &quot;Encounter with Age Range&quot;:
  </a:s>
               <a:s r="47">
                  <a:s>
                     <a:s r="19">
                        <a:s r="18">
                           <a:s r="18">
                              <a:s>[&quot;Encounter, Performed&quot;: </a:s>
                              <a:s>
                                 <a:s>&quot;Encounter Inpatient&quot;</a:s>
                              </a:s>
                              <a:s>]</a:s>
                           </a:s>
                        </a:s>
                        <a:s> EncounterInpatient</a:s>
                     </a:s>
                  </a:s>
                  <a:s>
    </a:s>
                  <a:s r="46">
                     <a:s>with </a:s>
                     <a:s r="21">
                        <a:s r="20">
                           <a:s r="20">
                              <a:s>[&quot;Patient Characteristic Birthdate&quot;: </a:s>
                              <a:s>
                                 <a:s>&quot;Birth date&quot;</a:s>
                              </a:s>
                              <a:s>]</a:s>
                           </a:s>
                        </a:s>
                        <a:s> BirthDate</a:s>
                     </a:s>
                     <a:s>
      such that </a:s>
                     <a:s r="45">
                        <a:s r="40">
                           <a:s r="30">
                              <a:s r="28">
                                 <a:s r="22">
                                    <a:s>Global</a:s>
                                 </a:s>
                                 <a:s>.</a:s>
                                 <a:s r="28">
                                    <a:s>&quot;CalendarAgeInYearsAt&quot; ( </a:s>
                                    <a:s r="24">
                                       <a:s r="23">
                                          <a:s>BirthDate</a:s>
                                       </a:s>
                                       <a:s>.</a:s>
                                       <a:s r="24">
                                          <a:s>birthDatetime</a:s>
                                       </a:s>
                                    </a:s>
                                    <a:s>, </a:s>
                                    <a:s r="27">
                                       <a:s>start of </a:s>
                                       <a:s r="26">
                                          <a:s r="25">
                                             <a:s>EncounterInpatient</a:s>
                                          </a:s>
                                          <a:s>.</a:s>
                                          <a:s r="26">
                                             <a:s>relevantPeriod</a:s>
                                          </a:s>
                                       </a:s>
                                    </a:s>
                                    <a:s> )</a:s>
                                 </a:s>
                              </a:s>
                              <a:s r="29"> >= 8</a:s>
                           </a:s>
                           <a:s>
        and </a:s>
                           <a:s r="39">
                              <a:s r="37">
                                 <a:s r="31">
                                    <a:s>Global</a:s>
                                 </a:s>
                                 <a:s>.</a:s>
                                 <a:s r="37">
                                    <a:s>&quot;CalendarAgeInYearsAt&quot; ( </a:s>
                                    <a:s r="33">
                                       <a:s r="32">
                                          <a:s>BirthDate</a:s>
                                       </a:s>
                                       <a:s>.</a:s>
                                       <a:s r="33">
                                          <a:s>birthDatetime</a:s>
                                       </a:s>
                                    </a:s>
                                    <a:s>, </a:s>
                                    <a:s r="36">
                                       <a:s>start of </a:s>
                                       <a:s r="35">
                                          <a:s r="34">
                                             <a:s>EncounterInpatient</a:s>
                                          </a:s>
                                          <a:s>.</a:s>
                                          <a:s r="35">
                                             <a:s>relevantPeriod</a:s>
                                          </a:s>
                                       </a:s>
                                    </a:s>
                                    <a:s> )</a:s>
                                 </a:s>
                              </a:s>
                              <a:s r="38"> &lt; 65</a:s>
                           </a:s>
                        </a:s>
                        <a:s>
        and </a:s>
                        <a:s r="44">
                           <a:s r="42">
                              <a:s r="41">
                                 <a:s>EncounterInpatient</a:s>
                              </a:s>
                              <a:s>.</a:s>
                              <a:s r="42">
                                 <a:s>relevantPeriod</a:s>
                              </a:s>
                           </a:s>
                           <a:s r="44"> ends during day of </a:s>
                           <a:s r="43">
                              <a:s>&quot;Measurement Period&quot;</a:s>
                           </a:s>
                        </a:s>
                     </a:s>
                  </a:s>
               </a:s>
            </a:s>
         </annotation>
         <expression localId="47" locator="24:3-28:85" xsi:type="Query">
            <source localId="19" locator="24:3-24:68" alias="EncounterInpatient">
               <expression localId="18" locator="24:3-24:49" xmlns:ns1="urn:healthit-gov:qdm:v5_6" dataType="ns1:PositiveEncounterPerformed" templateId="PositiveEncounterPerformed" codeProperty="code" codeComparator="in" xsi:type="Retrieve">
                  <codes locator="24:28-24:48" name="Encounter Inpatient" xsi:type="ValueSetRef"/>
               </expression>
            </source>
            <relationship localId="46" locator="25:5-28:85" alias="BirthDate" xsi:type="With">
               <expression localId="20" locator="25:10-25:59" xmlns:ns2="urn:healthit-gov:qdm:v5_6" dataType="ns2:PatientCharacteristicBirthdate" codeProperty="code" codeComparator="~" xsi:type="Retrieve">
                  <codes xsi:type="ToList">
                     <operand locator="25:47-25:58" name="Birth date" xsi:type="CodeRef"/>
                  </codes>
               </expression>
               <suchThat localId="45" locator="26:17-28:85" xsi:type="And">
                  <operand localId="40" locator="26:17-27:118" xsi:type="And">
                     <operand localId="30" locator="26:17-26:122" xsi:type="GreaterOrEqual">
                        <operand localId="28" locator="26:17-26:117" name="CalendarAgeInYearsAt" libraryName="Global" xsi:type="FunctionRef">
                           <operand localId="24" locator="26:49-26:71" path="birthDatetime" scope="BirthDate" xsi:type="Property"/>
                           <operand localId="27" locator="26:74-26:115" xsi:type="Start">
                              <operand localId="26" locator="26:83-26:115" path="relevantPeriod" scope="EncounterInpatient" xsi:type="Property"/>
                           </operand>
                        </operand>
                        <operand localId="29" locator="26:122" valueType="t:Integer" value="8" xsi:type="Literal"/>
                     </operand>
                     <operand localId="39" locator="27:13-27:118" xsi:type="Less">
                        <operand localId="37" locator="27:13-27:113" name="CalendarAgeInYearsAt" libraryName="Global" xsi:type="FunctionRef">
                           <operand localId="33" locator="27:45-27:67" path="birthDatetime" scope="BirthDate" xsi:type="Property"/>
                           <operand localId="36" locator="27:70-27:111" xsi:type="Start">
                              <operand localId="35" locator="27:79-27:111" path="relevantPeriod" scope="EncounterInpatient" xsi:type="Property"/>
                           </operand>
                        </operand>
                        <operand localId="38" locator="27:117-27:118" valueType="t:Integer" value="65" xsi:type="Literal"/>
                     </operand>
                  </operand>
                  <operand localId="44" locator="28:13-28:85" precision="Day" xsi:type="In">
                     <operand locator="28:47-28:50" xsi:type="End">
                        <operand localId="42" locator="28:13-28:45" path="relevantPeriod" scope="EncounterInpatient" xsi:type="Property"/>
                     </operand>
                     <operand localId="43" locator="28:66-28:85" name="Measurement Period" xsi:type="ParameterRef"/>
                  </operand>
               </suchThat>
            </relationship>
         </expression>
      </def>
      <def localId="112" locator="39:1-54:32" name="HospitalizationWithEDOBTriageObservation" context="Patient" accessLevel="Public" xsi:type="FunctionDef">
         <annotation xsi:type="a:Annotation">
            <a:s r="112">
               <a:s>define function &quot;HospitalizationWithEDOBTriageObservation&quot;(Encounter </a:s>
               <a:s r="60">
                  <a:s>&quot;Encounter, Performed&quot;</a:s>
               </a:s>
               <a:s> ):
  /*HospitalizationWithEDOBTriageObservation returns the total interval from the start of any immediately prior emergency department visit or OB Triage visit through the observation visit to the discharge of the given encounter*/
  </a:s>
               <a:s r="111">
                  <a:s r="111">
                     <a:s>
                        <a:s r="62">
                           <a:s r="61">
                              <a:s>
                                 <a:s>Encounter</a:s>
                              </a:s>
                           </a:s>
                           <a:s> Visit</a:s>
                        </a:s>
                     </a:s>
                     <a:s>
    </a:s>
                     <a:s>
                        <a:s>let </a:s>
                        <a:s r="78">
                           <a:s>ObsVisit: </a:s>
                           <a:s r="77">
                              <a:s>Last(</a:s>
                              <a:s r="76">
                                 <a:s>
                                    <a:s r="64">
                                       <a:s r="63">
                                          <a:s r="63">
                                             <a:s>[&quot;Encounter, Performed&quot;: </a:s>
                                             <a:s>
                                                <a:s>&quot;Observation Services&quot;</a:s>
                                             </a:s>
                                             <a:s>]</a:s>
                                          </a:s>
                                       </a:s>
                                       <a:s> LastObs</a:s>
                                    </a:s>
                                 </a:s>
                                 <a:s>
        </a:s>
                                 <a:s r="71">
                                    <a:s>where </a:s>
                                    <a:s r="71">
                                       <a:s r="66">
                                          <a:s r="65">
                                             <a:s>LastObs</a:s>
                                          </a:s>
                                          <a:s>.</a:s>
                                          <a:s r="66">
                                             <a:s>relevantPeriod</a:s>
                                          </a:s>
                                       </a:s>
                                       <a:s> </a:s>
                                       <a:s r="71">
                                          <a:s>ends </a:s>
                                          <a:s r="70">
                                             <a:s>1 hour</a:s>
                                          </a:s>
                                          <a:s> or less on or before</a:s>
                                       </a:s>
                                       <a:s> </a:s>
                                       <a:s r="69">
                                          <a:s>start of </a:s>
                                          <a:s r="68">
                                             <a:s r="67">
                                                <a:s>Visit</a:s>
                                             </a:s>
                                             <a:s>.</a:s>
                                             <a:s r="68">
                                                <a:s>relevantPeriod</a:s>
                                             </a:s>
                                          </a:s>
                                       </a:s>
                                    </a:s>
                                 </a:s>
                                 <a:s>
        </a:s>
                                 <a:s r="75">
                                    <a:s>sort by 
        </a:s>
                                    <a:s r="74">
                                       <a:s r="73">
                                          <a:s>end of </a:s>
                                          <a:s r="72">
                                             <a:s>relevantPeriod</a:s>
                                          </a:s>
                                       </a:s>
                                    </a:s>
                                 </a:s>
                              </a:s>
                              <a:s>
    )</a:s>
                           </a:s>
                        </a:s>
                        <a:s>,
    </a:s>
                        <a:s r="86">
                           <a:s>VisitStart: </a:s>
                           <a:s r="85">
                              <a:s>Coalesce(</a:s>
                              <a:s r="81">
                                 <a:s>start of </a:s>
                                 <a:s r="80">
                                    <a:s r="79">
                                       <a:s>ObsVisit</a:s>
                                    </a:s>
                                    <a:s>.</a:s>
                                    <a:s r="80">
                                       <a:s>relevantPeriod</a:s>
                                    </a:s>
                                 </a:s>
                              </a:s>
                              <a:s>, </a:s>
                              <a:s r="84">
                                 <a:s>start of </a:s>
                                 <a:s r="83">
                                    <a:s r="82">
                                       <a:s>Visit</a:s>
                                    </a:s>
                                    <a:s>.</a:s>
                                    <a:s r="83">
                                       <a:s>relevantPeriod</a:s>
                                    </a:s>
                                 </a:s>
                              </a:s>
                              <a:s>)</a:s>
                           </a:s>
                        </a:s>
                        <a:s>,
    </a:s>
                        <a:s r="100">
                           <a:s>EDOBTriageVisit: </a:s>
                           <a:s r="99">
                              <a:s>Last(</a:s>
                              <a:s r="98">
                                 <a:s>
                                    <a:s r="88">
                                       <a:s r="87">
                                          <a:s r="87">
                                             <a:s>[&quot;Encounter, Performed&quot;: </a:s>
                                             <a:s>
                                                <a:s>&quot;ED Visit and OB Triage&quot;</a:s>
                                             </a:s>
                                             <a:s>]</a:s>
                                          </a:s>
                                       </a:s>
                                       <a:s> LastEDOBTriage</a:s>
                                    </a:s>
                                 </a:s>
                                 <a:s>
        </a:s>
                                 <a:s r="93">
                                    <a:s>where </a:s>
                                    <a:s r="93">
                                       <a:s r="90">
                                          <a:s r="89">
                                             <a:s>LastEDOBTriage</a:s>
                                          </a:s>
                                          <a:s>.</a:s>
                                          <a:s r="90">
                                             <a:s>relevantPeriod</a:s>
                                          </a:s>
                                       </a:s>
                                       <a:s> </a:s>
                                       <a:s r="93">
                                          <a:s>ends </a:s>
                                          <a:s r="92">
                                             <a:s>1 hour</a:s>
                                          </a:s>
                                          <a:s> or less on or before</a:s>
                                       </a:s>
                                       <a:s> </a:s>
                                       <a:s r="91">
                                          <a:s>VisitStart</a:s>
                                       </a:s>
                                    </a:s>
                                 </a:s>
                                 <a:s>
        </a:s>
                                 <a:s r="97">
                                    <a:s>sort by 
        </a:s>
                                    <a:s r="96">
                                       <a:s r="95">
                                          <a:s>end of </a:s>
                                          <a:s r="94">
                                             <a:s>relevantPeriod</a:s>
                                          </a:s>
                                       </a:s>
                                    </a:s>
                                 </a:s>
                              </a:s>
                              <a:s>
    )</a:s>
                           </a:s>
                        </a:s>
                     </a:s>
                     <a:s>
    </a:s>
                     <a:s r="110">
                        <a:s>return </a:s>
                        <a:s r="109">
                           <a:s>Interval[</a:s>
                           <a:s r="105">
                              <a:s>Coalesce(</a:s>
                              <a:s r="103">
                                 <a:s>start of </a:s>
                                 <a:s r="102">
                                    <a:s r="101">
                                       <a:s>EDOBTriageVisit</a:s>
                                    </a:s>
                                    <a:s>.</a:s>
                                    <a:s r="102">
                                       <a:s>relevantPeriod</a:s>
                                    </a:s>
                                 </a:s>
                              </a:s>
                              <a:s>, </a:s>
                              <a:s r="104">
                                 <a:s>VisitStart</a:s>
                              </a:s>
                              <a:s>)</a:s>
                           </a:s>
                           <a:s>, 
    </a:s>
                           <a:s r="108">
                              <a:s>end of </a:s>
                              <a:s r="107">
                                 <a:s r="106">
                                    <a:s>Visit</a:s>
                                 </a:s>
                                 <a:s>.</a:s>
                                 <a:s r="107">
                                    <a:s>relevantPeriod</a:s>
                                 </a:s>
                              </a:s>
                           </a:s>
                           <a:s>]</a:s>
                        </a:s>
                     </a:s>
                  </a:s>
               </a:s>
            </a:s>
         </annotation>
         <expression localId="111" locator="41:3-54:32" xsi:type="Query">
            <source localId="62" locator="41:3-41:17" alias="Visit">
               <expression localId="61" locator="41:3-41:11" name="Encounter" xsi:type="OperandRef"/>
            </source>
            <let localId="78" locator="42:9-46:5" identifier="ObsVisit">
               <expression localId="77" locator="42:19-46:5" xsi:type="Last">
                  <source localId="76" locator="42:24-45:29" xsi:type="Query">
                     <source localId="64" locator="42:24-42:79" alias="LastObs">
                        <expression localId="63" locator="42:24-42:71" xmlns:ns3="urn:healthit-gov:qdm:v5_6" dataType="ns3:PositiveEncounterPerformed" templateId="PositiveEncounterPerformed" codeProperty="code" codeComparator="in" xsi:type="Retrieve">
                           <codes locator="42:49-42:70" name="Observation Services" xsi:type="ValueSetRef"/>
                        </expression>
                     </source>
                     <where localId="71" locator="43:9-43:99" xsi:type="And">
                        <operand locator="43:43-43:56" xsi:type="In">
                           <operand locator="43:38-43:41" xsi:type="End">
                              <operand localId="66" locator="43:15-43:36" path="relevantPeriod" scope="LastObs" xsi:type="Property"/>
                           </operand>
                           <operand locator="43:43-43:56" lowClosed="true" highClosed="true" xsi:type="Interval">
                              <low locator="43:71-43:99" xsi:type="Subtract">
                                 <operand localId="69" locator="43:71-43:99" xsi:type="Start">
                                    <operand localId="68" locator="43:80-43:99" path="relevantPeriod" scope="Visit" xsi:type="Property"/>
                                 </operand>
                                 <operand localId="70" locator="43:43-43:48" value="1" unit="hour" xsi:type="Quantity"/>
                              </low>
                              <high localId="69" locator="43:71-43:99" xsi:type="Start">
                                 <operand localId="68" locator="43:80-43:99" path="relevantPeriod" scope="Visit" xsi:type="Property"/>
                              </high>
                           </operand>
                        </operand>
                        <operand locator="43:43-43:56" xsi:type="Not">
                           <operand locator="43:43-43:56" xsi:type="IsNull">
                              <operand localId="69" locator="43:71-43:99" xsi:type="Start">
                                 <operand localId="68" locator="43:80-43:99" path="relevantPeriod" scope="Visit" xsi:type="Property"/>
                              </operand>
                           </operand>
                        </operand>
                     </where>
                     <sort localId="75" locator="44:9-45:29">
                        <by localId="74" locator="45:9-45:29" direction="asc" xsi:type="ByExpression">
                           <expression localId="73" locator="45:9-45:29" xsi:type="End">
                              <operand localId="72" locator="45:16-45:29" name="relevantPeriod" xsi:type="IdentifierRef"/>
                           </expression>
                        </by>
                     </sort>
                  </source>
               </expression>
            </let>
            <let localId="86" locator="47:5-47:89" identifier="VisitStart">
               <expression localId="85" locator="47:17-47:89" xsi:type="Coalesce">
                  <operand localId="81" locator="47:26-47:57" xsi:type="Start">
                     <operand localId="80" locator="47:35-47:57" path="relevantPeriod" xsi:type="Property">
                        <source localId="79" locator="47:35-47:42" name="ObsVisit" xsi:type="QueryLetRef"/>
                     </operand>
                  </operand>
                  <operand localId="84" locator="47:60-47:88" xsi:type="Start">
                     <operand localId="83" locator="47:69-47:88" path="relevantPeriod" scope="Visit" xsi:type="Property"/>
                  </operand>
               </expression>
            </let>
            <let localId="100" locator="48:5-52:5" identifier="EDOBTriageVisit">
               <expression localId="99" locator="48:22-52:5" xsi:type="Last">
                  <source localId="98" locator="48:27-51:29" xsi:type="Query">
                     <source localId="88" locator="48:27-48:91" alias="LastEDOBTriage">
                        <expression localId="87" locator="48:27-48:76" xmlns:ns4="urn:healthit-gov:qdm:v5_6" dataType="ns4:PositiveEncounterPerformed" templateId="PositiveEncounterPerformed" codeProperty="code" codeComparator="in" xsi:type="Retrieve">
                           <codes locator="48:52-48:75" name="ED Visit and OB Triage" xsi:type="ValueSetRef"/>
                        </expression>
                     </source>
                     <where localId="93" locator="49:9-49:87" xsi:type="And">
                        <operand locator="49:50-49:63" xsi:type="In">
                           <operand locator="49:45-49:48" xsi:type="End">
                              <operand localId="90" locator="49:15-49:43" path="relevantPeriod" scope="LastEDOBTriage" xsi:type="Property"/>
                           </operand>
                           <operand locator="49:50-49:63" lowClosed="true" highClosed="true" xsi:type="Interval">
                              <low locator="49:78-49:87" xsi:type="Subtract">
                                 <operand localId="91" locator="49:78-49:87" name="VisitStart" xsi:type="QueryLetRef"/>
                                 <operand localId="92" locator="49:50-49:55" value="1" unit="hour" xsi:type="Quantity"/>
                              </low>
                              <high localId="91" locator="49:78-49:87" name="VisitStart" xsi:type="QueryLetRef"/>
                           </operand>
                        </operand>
                        <operand locator="49:50-49:63" xsi:type="Not">
                           <operand locator="49:50-49:63" xsi:type="IsNull">
                              <operand localId="91" locator="49:78-49:87" name="VisitStart" xsi:type="QueryLetRef"/>
                           </operand>
                        </operand>
                     </where>
                     <sort localId="97" locator="50:9-51:29">
                        <by localId="96" locator="51:9-51:29" direction="asc" xsi:type="ByExpression">
                           <expression localId="95" locator="51:9-51:29" xsi:type="End">
                              <operand localId="94" locator="51:16-51:29" name="relevantPeriod" xsi:type="IdentifierRef"/>
                           </expression>
                        </by>
                     </sort>
                  </source>
               </expression>
            </let>
            <return localId="110" locator="53:5-54:32">
               <expression localId="109" locator="53:12-54:32" lowClosed="true" highClosed="true" xsi:type="Interval">
                  <low localId="105" locator="53:21-53:81" xsi:type="Coalesce">
                     <operand localId="103" locator="53:30-53:68" xsi:type="Start">
                        <operand localId="102" locator="53:39-53:68" path="relevantPeriod" xsi:type="Property">
                           <source localId="101" locator="53:39-53:53" name="EDOBTriageVisit" xsi:type="QueryLetRef"/>
                        </operand>
                     </operand>
                     <operand localId="104" locator="53:71-53:80" name="VisitStart" xsi:type="QueryLetRef"/>
                  </low>
                  <high localId="108" locator="54:5-54:31" xsi:type="End">
                     <operand localId="107" locator="54:12-54:31" path="relevantPeriod" scope="Visit" xsi:type="Property"/>
                  </high>
               </expression>
            </return>
         </expression>
         <operand name="Encounter">
            <operandTypeSpecifier localId="60" locator="39:70-39:91" xmlns:ns5="urn:healthit-gov:qdm:v5_6" name="ns5:PositiveEncounterPerformed" xsi:type="NamedTypeSpecifier"/>
         </operand>
      </def>
      <def localId="117" locator="30:1-33:197" name="Delivery Encounter with Age Range" context="Patient" accessLevel="Public">
         <annotation xsi:type="a:Annotation">
            <a:s r="117">
               <a:s>define &quot;Delivery Encounter with Age Range&quot;:
  </a:s>
               <a:s r="116">
                  <a:s>
                     <a:s r="50">
                        <a:s r="49">
                           <a:s>
                              <a:s>&quot;Encounter with Age Range&quot;</a:s>
                           </a:s>
                        </a:s>
                        <a:s> EncounterWithAge</a:s>
                     </a:s>
                  </a:s>
                  <a:s>
    </a:s>
                  <a:s r="115">
                     <a:s>with </a:s>
                     <a:s r="52">
                        <a:s r="51">
                           <a:s r="51">
                              <a:s>[&quot;Procedure, Performed&quot;: </a:s>
                              <a:s>
                                 <a:s>&quot;Delivery Procedures&quot;</a:s>
                              </a:s>
                              <a:s>]</a:s>
                           </a:s>
                        </a:s>
                        <a:s> DeliveryProcedure</a:s>
                     </a:s>
                     <a:s>
      such that </a:s>
                     <a:s r="114">
                        <a:s r="58">
                           <a:s r="53">
                              <a:s>Global</a:s>
                           </a:s>
                           <a:s>.</a:s>
                           <a:s r="58">
                              <a:s>&quot;NormalizeInterval&quot; ( </a:s>
                              <a:s r="55">
                                 <a:s r="54">
                                    <a:s>DeliveryProcedure</a:s>
                                 </a:s>
                                 <a:s>.</a:s>
                                 <a:s r="55">
                                    <a:s>relevantDatetime</a:s>
                                 </a:s>
                              </a:s>
                              <a:s>, </a:s>
                              <a:s r="57">
                                 <a:s r="56">
                                    <a:s>DeliveryProcedure</a:s>
                                 </a:s>
                                 <a:s>.</a:s>
                                 <a:s r="57">
                                    <a:s>relevantPeriod</a:s>
                                 </a:s>
                              </a:s>
                              <a:s> )</a:s>
                           </a:s>
                        </a:s>
                        <a:s r="114"> starts during day of </a:s>
                        <a:s r="113">
                           <a:s>&quot;HospitalizationWithEDOBTriageObservation&quot;(</a:s>
                           <a:s r="59">
                              <a:s>EncounterWithAge</a:s>
                           </a:s>
                           <a:s>)</a:s>
                        </a:s>
                     </a:s>
                  </a:s>
               </a:s>
            </a:s>
         </annotation>
         <expression localId="116" locator="31:3-33:197" xsi:type="Query">
            <source localId="50" locator="31:3-31:45" alias="EncounterWithAge">
               <expression localId="49" locator="31:3-31:28" name="Encounter with Age Range" xsi:type="ExpressionRef"/>
            </source>
            <relationship localId="115" locator="32:5-33:197" alias="DeliveryProcedure" xsi:type="With">
               <expression localId="51" locator="32:10-32:56" xmlns:ns6="urn:healthit-gov:qdm:v5_6" dataType="ns6:PositiveProcedurePerformed" templateId="PositiveProcedurePerformed" codeProperty="code" codeComparator="in" xsi:type="Retrieve">
                  <codes locator="32:35-32:55" name="Delivery Procedures" xsi:type="ValueSetRef"/>
               </expression>
               <suchThat localId="114" locator="33:17-33:197" precision="Day" xsi:type="In">
                  <operand locator="33:117-33:122" xsi:type="Start">
                     <operand localId="58" locator="33:17-33:115" name="NormalizeInterval" libraryName="Global" xsi:type="FunctionRef">
                        <operand localId="55" locator="33:46-33:79" path="relevantDatetime" scope="DeliveryProcedure" xsi:type="Property"/>
                        <operand localId="57" locator="33:82-33:113" path="relevantPeriod" scope="DeliveryProcedure" xsi:type="Property"/>
                     </operand>
                  </operand>
                  <operand localId="113" locator="33:138-33:197" name="HospitalizationWithEDOBTriageObservation" xsi:type="FunctionRef">
                     <operand localId="59" locator="33:181-33:196" name="EncounterWithAge" xsi:type="AliasRef"/>
                  </operand>
               </suchThat>
            </relationship>
         </expression>
      </def>
      <def localId="152" locator="56:1-61:22" name="LastTimeOfDelivery" context="Patient" accessLevel="Public" xsi:type="FunctionDef">
         <annotation xsi:type="a:Annotation">
            <a:s r="152">
               <a:s>define function &quot;LastTimeOfDelivery&quot;(Encounter </a:s>
               <a:s r="121">
                  <a:s>&quot;Encounter, Performed&quot;</a:s>
               </a:s>
               <a:s> ):
  </a:s>
               <a:s r="151">
                  <a:s r="151">
                     <a:s r="149">
                        <a:s r="148">
                           <a:s>Last(</a:s>
                           <a:s r="147">
                              <a:s>
                                 <a:s r="123">
                                    <a:s r="122">
                                       <a:s r="122">
                                          <a:s>[&quot;Assessment, Performed&quot;: </a:s>
                                          <a:s>
                                             <a:s>&quot;Date and time of obstetric delivery&quot;</a:s>
                                          </a:s>
                                          <a:s>]</a:s>
                                       </a:s>
                                    </a:s>
                                    <a:s> TimeOfDelivery</a:s>
                                 </a:s>
                              </a:s>
                              <a:s>
      </a:s>
                              <a:s r="140">
                                 <a:s>where </a:s>
                                 <a:s r="140">
                                    <a:s r="132">
                                       <a:s r="129">
                                          <a:s r="124">
                                             <a:s>Global</a:s>
                                          </a:s>
                                          <a:s>.</a:s>
                                          <a:s r="129">
                                             <a:s>&quot;EarliestOf&quot;(</a:s>
                                             <a:s r="126">
                                                <a:s r="125">
                                                   <a:s>TimeOfDelivery</a:s>
                                                </a:s>
                                                <a:s>.</a:s>
                                                <a:s r="126">
                                                   <a:s>relevantDatetime</a:s>
                                                </a:s>
                                             </a:s>
                                             <a:s>, </a:s>
                                             <a:s r="128">
                                                <a:s r="127">
                                                   <a:s>TimeOfDelivery</a:s>
                                                </a:s>
                                                <a:s>.</a:s>
                                                <a:s r="128">
                                                   <a:s>relevantPeriod</a:s>
                                                </a:s>
                                             </a:s>
                                             <a:s>)</a:s>
                                          </a:s>
                                       </a:s>
                                       <a:s r="132">during </a:s>
                                       <a:s r="131">
                                          <a:s>&quot;HospitalizationWithEDOBTriageObservation&quot;(</a:s>
                                          <a:s r="130">
                                             <a:s>Encounter</a:s>
                                          </a:s>
                                          <a:s>)</a:s>
                                       </a:s>
                                    </a:s>
                                    <a:s>
        and </a:s>
                                    <a:s r="139">
                                       <a:s r="136">
                                          <a:s r="134">
                                             <a:s r="133">
                                                <a:s>TimeOfDelivery</a:s>
                                             </a:s>
                                             <a:s>.</a:s>
                                             <a:s r="134">
                                                <a:s>result</a:s>
                                             </a:s>
                                          </a:s>
                                          <a:s> as </a:s>
                                          <a:s r="135">
                                             <a:s>DateTime</a:s>
                                          </a:s>
                                       </a:s>
                                       <a:s r="139"> during </a:s>
                                       <a:s r="138">
                                          <a:s>&quot;HospitalizationWithEDOBTriageObservation&quot;(</a:s>
                                          <a:s r="137">
                                             <a:s>Encounter</a:s>
                                          </a:s>
                                          <a:s>)</a:s>
                                       </a:s>
                                    </a:s>
                                 </a:s>
                              </a:s>
                              <a:s>
      </a:s>
                              <a:s r="146">
                                 <a:s>sort by </a:s>
                                 <a:s r="145">
                                    <a:s r="144">
                                       <a:s r="141">
                                          <a:s>Global</a:s>
                                       </a:s>
                                       <a:s>.</a:s>
                                       <a:s r="144">
                                          <a:s>&quot;EarliestOf&quot;(</a:s>
                                          <a:s r="142">
                                             <a:s>relevantDatetime</a:s>
                                          </a:s>
                                          <a:s>, </a:s>
                                          <a:s r="143">
                                             <a:s>relevantPeriod</a:s>
                                          </a:s>
                                          <a:s>)</a:s>
                                       </a:s>
                                    </a:s>
                                 </a:s>
                              </a:s>
                           </a:s>
                           <a:s>
  )</a:s>
                        </a:s>
                        <a:s>.</a:s>
                        <a:s r="149">
                           <a:s>result</a:s>
                        </a:s>
                     </a:s>
                     <a:s> as </a:s>
                     <a:s r="150">
                        <a:s>DateTime</a:s>
                     </a:s>
                  </a:s>
               </a:s>
            </a:s>
         </annotation>
         <expression localId="151" locator="57:3-61:22" strict="false" xsi:type="As">
            <operand localId="149" locator="57:3-61:10" path="result" xsi:type="Property">
               <source localId="148" locator="57:3-61:3" xsi:type="Last">
                  <source localId="147" locator="57:8-60:67" xsi:type="Query">
                     <source localId="123" locator="57:8-57:86" alias="TimeOfDelivery">
                        <expression localId="122" locator="57:8-57:71" xmlns:ns7="urn:healthit-gov:qdm:v5_6" dataType="ns7:PositiveAssessmentPerformed" templateId="PositiveAssessmentPerformed" codeProperty="code" codeComparator="~" xsi:type="Retrieve">
                           <codes xsi:type="ToList">
                              <operand locator="57:34-57:70" name="Date and time of obstetric delivery" xsi:type="CodeRef"/>
                           </codes>
                        </expression>
                     </source>
                     <where localId="140" locator="58:7-59:106" xsi:type="And">
                        <operand localId="132" locator="58:13-58:155" xsi:type="In">
                           <operand localId="129" locator="58:13-58:95" name="EarliestOf" libraryName="Global" xsi:type="FunctionRef">
                              <operand localId="126" locator="58:33-58:63" path="relevantDatetime" scope="TimeOfDelivery" xsi:type="Property"/>
                              <operand localId="128" locator="58:66-58:94" path="relevantPeriod" scope="TimeOfDelivery" xsi:type="Property"/>
                           </operand>
                           <operand localId="131" locator="58:103-58:155" name="HospitalizationWithEDOBTriageObservation" xsi:type="FunctionRef">
                              <operand localId="130" locator="58:146-58:154" name="Encounter" xsi:type="OperandRef"/>
                           </operand>
                        </operand>
                        <operand localId="139" locator="59:13-59:106" xsi:type="In">
                           <operand localId="136" locator="59:13-59:45" strict="false" xsi:type="As">
                              <operand localId="134" locator="59:13-59:33" path="result" scope="TimeOfDelivery" xsi:type="Property"/>
                              <asTypeSpecifier localId="135" locator="59:38-59:45" name="t:DateTime" xsi:type="NamedTypeSpecifier"/>
                           </operand>
                           <operand localId="138" locator="59:54-59:106" name="HospitalizationWithEDOBTriageObservation" xsi:type="FunctionRef">
                              <operand localId="137" locator="59:97-59:105" name="Encounter" xsi:type="OperandRef"/>
                           </operand>
                        </operand>
                     </where>
                     <sort localId="146" locator="60:7-60:67">
                        <by localId="145" locator="60:15-60:67" direction="asc" xsi:type="ByExpression">
                           <expression localId="144" locator="60:15-60:67" name="EarliestOf" libraryName="Global" xsi:type="FunctionRef">
                              <operand localId="142" locator="60:35-60:50" name="relevantDatetime" xsi:type="IdentifierRef"/>
                              <operand localId="143" locator="60:53-60:66" name="relevantPeriod" xsi:type="IdentifierRef"/>
                           </expression>
                        </by>
                     </sort>
                  </source>
               </source>
            </operand>
            <asTypeSpecifier localId="150" locator="61:15-61:22" name="t:DateTime" xsi:type="NamedTypeSpecifier"/>
         </expression>
         <operand name="Encounter">
            <operandTypeSpecifier localId="121" locator="56:48-56:69" xmlns:ns8="urn:healthit-gov:qdm:v5_6" name="ns8:PositiveEncounterPerformed" xsi:type="NamedTypeSpecifier"/>
         </operand>
      </def>
      <def localId="185" locator="70:1-76:22" name="LastEstimatedDeliveryDate" context="Patient" accessLevel="Public" xsi:type="FunctionDef">
         <annotation xsi:type="a:Annotation">
            <a:s r="185">
               <a:s>define function &quot;LastEstimatedDeliveryDate&quot;(Encounter </a:s>
               <a:s r="155">
                  <a:s>&quot;Encounter, Performed&quot;</a:s>
               </a:s>
               <a:s> ):
  //This function identifies the last time the EDD was assessed 42 weeks or less prior to or on delivery and stores the result of that assessment.
  </a:s>
               <a:s r="184">
                  <a:s r="184">
                     <a:s r="182">
                        <a:s r="181">
                           <a:s>Last(</a:s>
                           <a:s r="180">
                              <a:s>
                                 <a:s r="157">
                                    <a:s r="156">
                                       <a:s r="156">
                                          <a:s>[&quot;Assessment, Performed&quot;: </a:s>
                                          <a:s>
                                             <a:s>&quot;Delivery date Estimated&quot;</a:s>
                                          </a:s>
                                          <a:s>]</a:s>
                                       </a:s>
                                    </a:s>
                                    <a:s> EstimatedDateOfDelivery</a:s>
                                 </a:s>
                              </a:s>
                              <a:s>
      </a:s>
                              <a:s r="173">
                                 <a:s>where </a:s>
                                 <a:s r="173">
                                    <a:s r="167">
                                       <a:s r="163">
                                          <a:s r="158">
                                             <a:s>Global</a:s>
                                          </a:s>
                                          <a:s>.</a:s>
                                          <a:s r="163">
                                             <a:s>&quot;EarliestOf&quot;(</a:s>
                                             <a:s r="160">
                                                <a:s r="159">
                                                   <a:s>EstimatedDateOfDelivery</a:s>
                                                </a:s>
                                                <a:s>.</a:s>
                                                <a:s r="160">
                                                   <a:s>relevantDatetime</a:s>
                                                </a:s>
                                             </a:s>
                                             <a:s>, </a:s>
                                             <a:s r="162">
                                                <a:s r="161">
                                                   <a:s>EstimatedDateOfDelivery</a:s>
                                                </a:s>
                                                <a:s>.</a:s>
                                                <a:s r="162">
                                                   <a:s>relevantPeriod</a:s>
                                                </a:s>
                                             </a:s>
                                             <a:s>)</a:s>
                                          </a:s>
                                       </a:s>
                                       <a:s r="167">
                                          <a:s r="166">
                                             <a:s>42 weeks</a:s>
                                          </a:s>
                                          <a:s> or less before or on</a:s>
                                       </a:s>
                                       <a:s> </a:s>
                                       <a:s r="165">
                                          <a:s>&quot;LastTimeOfDelivery&quot;(</a:s>
                                          <a:s r="164">
                                             <a:s>Encounter</a:s>
                                          </a:s>
                                          <a:s>)</a:s>
                                       </a:s>
                                    </a:s>
                                    <a:s>
        and </a:s>
                                    <a:s r="172">
                                       <a:s r="171">
                                          <a:s r="169">
                                             <a:s r="168">
                                                <a:s>EstimatedDateOfDelivery</a:s>
                                             </a:s>
                                             <a:s>.</a:s>
                                             <a:s r="169">
                                                <a:s>result</a:s>
                                             </a:s>
                                          </a:s>
                                          <a:s> as </a:s>
                                          <a:s r="170">
                                             <a:s>DateTime</a:s>
                                          </a:s>
                                       </a:s>
                                       <a:s> is not null</a:s>
                                    </a:s>
                                 </a:s>
                              </a:s>
                              <a:s>
      </a:s>
                              <a:s r="179">
                                 <a:s>sort by </a:s>
                                 <a:s r="178">
                                    <a:s r="177">
                                       <a:s r="174">
                                          <a:s>Global</a:s>
                                       </a:s>
                                       <a:s>.</a:s>
                                       <a:s r="177">
                                          <a:s>&quot;EarliestOf&quot;(</a:s>
                                          <a:s r="175">
                                             <a:s>relevantDatetime</a:s>
                                          </a:s>
                                          <a:s>, </a:s>
                                          <a:s r="176">
                                             <a:s>relevantPeriod</a:s>
                                          </a:s>
                                          <a:s>)</a:s>
                                       </a:s>
                                    </a:s>
                                 </a:s>
                              </a:s>
                           </a:s>
                           <a:s>
  )</a:s>
                        </a:s>
                        <a:s>.</a:s>
                        <a:s r="182">
                           <a:s>result</a:s>
                        </a:s>
                     </a:s>
                     <a:s> as </a:s>
                     <a:s r="183">
                        <a:s>DateTime</a:s>
                     </a:s>
                  </a:s>
               </a:s>
            </a:s>
         </annotation>
         <expression localId="184" locator="72:3-76:22" strict="false" xsi:type="As">
            <operand localId="182" locator="72:3-76:10" path="result" xsi:type="Property">
               <source localId="181" locator="72:3-76:3" xsi:type="Last">
                  <source localId="180" locator="72:8-75:67" xsi:type="Query">
                     <source localId="157" locator="72:8-72:83" alias="EstimatedDateOfDelivery">
                        <expression localId="156" locator="72:8-72:59" xmlns:ns9="urn:healthit-gov:qdm:v5_6" dataType="ns9:PositiveAssessmentPerformed" templateId="PositiveAssessmentPerformed" codeProperty="code" codeComparator="~" xsi:type="Retrieve">
                           <codes xsi:type="ToList">
                              <operand locator="72:34-72:58" name="Delivery date Estimated" xsi:type="CodeRef"/>
                           </codes>
                        </expression>
                     </source>
                     <where localId="173" locator="73:7-74:66" xsi:type="And">
                        <operand localId="167" locator="73:13-73:174" xsi:type="And">
                           <operand locator="73:114-73:129" xsi:type="In">
                              <operand localId="163" locator="73:13-73:113" name="EarliestOf" libraryName="Global" xsi:type="FunctionRef">
                                 <operand localId="160" locator="73:33-73:72" path="relevantDatetime" scope="EstimatedDateOfDelivery" xsi:type="Property"/>
                                 <operand localId="162" locator="73:75-73:112" path="relevantPeriod" scope="EstimatedDateOfDelivery" xsi:type="Property"/>
                              </operand>
                              <operand locator="73:114-73:129" lowClosed="true" highClosed="true" xsi:type="Interval">
                                 <low locator="73:144-73:174" xsi:type="Subtract">
                                    <operand localId="165" locator="73:144-73:174" name="LastTimeOfDelivery" xsi:type="FunctionRef">
                                       <operand localId="164" locator="73:165-73:173" name="Encounter" xsi:type="OperandRef"/>
                                    </operand>
                                    <operand localId="166" locator="73:114-73:121" value="42" unit="weeks" xsi:type="Quantity"/>
                                 </low>
                                 <high localId="165" locator="73:144-73:174" name="LastTimeOfDelivery" xsi:type="FunctionRef">
                                    <operand localId="164" locator="73:165-73:173" name="Encounter" xsi:type="OperandRef"/>
                                 </high>
                              </operand>
                           </operand>
                           <operand locator="73:114-73:129" xsi:type="Not">
                              <operand locator="73:114-73:129" xsi:type="IsNull">
                                 <operand localId="165" locator="73:144-73:174" name="LastTimeOfDelivery" xsi:type="FunctionRef">
                                    <operand localId="164" locator="73:165-73:173" name="Encounter" xsi:type="OperandRef"/>
                                 </operand>
                              </operand>
                           </operand>
                        </operand>
                        <operand localId="172" locator="74:13-74:66" xsi:type="Not">
                           <operand locator="74:13-74:66" xsi:type="IsNull">
                              <operand localId="171" locator="74:13-74:54" strict="false" xsi:type="As">
                                 <operand localId="169" locator="74:13-74:42" path="result" scope="EstimatedDateOfDelivery" xsi:type="Property"/>
                                 <asTypeSpecifier localId="170" locator="74:47-74:54" name="t:DateTime" xsi:type="NamedTypeSpecifier"/>
                              </operand>
                           </operand>
                        </operand>
                     </where>
                     <sort localId="179" locator="75:7-75:67">
                        <by localId="178" locator="75:15-75:67" direction="asc" xsi:type="ByExpression">
                           <expression localId="177" locator="75:15-75:67" name="EarliestOf" libraryName="Global" xsi:type="FunctionRef">
                              <operand localId="175" locator="75:35-75:50" name="relevantDatetime" xsi:type="IdentifierRef"/>
                              <operand localId="176" locator="75:53-75:66" name="relevantPeriod" xsi:type="IdentifierRef"/>
                           </expression>
                        </by>
                     </sort>
                  </source>
               </source>
            </operand>
            <asTypeSpecifier localId="183" locator="76:15-76:22" name="t:DateTime" xsi:type="NamedTypeSpecifier"/>
         </expression>
         <operand name="Encounter">
            <operandTypeSpecifier localId="155" locator="70:55-70:76" xmlns:ns10="urn:healthit-gov:qdm:v5_6" name="ns10:PositiveEncounterPerformed" xsi:type="NamedTypeSpecifier"/>
         </operand>
      </def>
      <def localId="191" locator="35:1-37:121" name="CalculatedGestationalAge" context="Patient" accessLevel="Public" xsi:type="FunctionDef">
         <annotation xsi:type="a:Annotation">
            <a:s r="191">
               <a:s>define function &quot;CalculatedGestationalAge&quot;(Encounter </a:s>
               <a:s r="118">
                  <a:s>&quot;Encounter, Performed&quot;</a:s>
               </a:s>
               <a:s> ):
  //Gestational Age = (280-(Estimated Delivery Date minus Reference Date/Delivery Date))/7
  </a:s>
               <a:s r="190">
                  <a:s r="190">
                     <a:s r="188">
                        <a:s>( </a:s>
                        <a:s r="188">
                           <a:s r="119">280 - </a:s>
                           <a:s r="187">
                              <a:s>( </a:s>
                              <a:s r="187">
                                 <a:s>difference in days between </a:s>
                                 <a:s r="153">
                                    <a:s>&quot;LastTimeOfDelivery&quot;(</a:s>
                                    <a:s r="120">
                                       <a:s>Encounter</a:s>
                                    </a:s>
                                    <a:s>)</a:s>
                                 </a:s>
                                 <a:s>and </a:s>
                                 <a:s r="186">
                                    <a:s>&quot;LastEstimatedDeliveryDate&quot;(</a:s>
                                    <a:s r="154">
                                       <a:s>Encounter</a:s>
                                    </a:s>
                                    <a:s>)</a:s>
                                 </a:s>
                              </a:s>
                              <a:s>)</a:s>
                           </a:s>
                        </a:s>
                        <a:s> )</a:s>
                     </a:s>
                     <a:s r="189"> div 7</a:s>
                  </a:s>
               </a:s>
            </a:s>
         </annotation>
         <expression localId="190" locator="37:3-37:121" xsi:type="TruncatedDivide">
            <operand localId="188" locator="37:3-37:115" xsi:type="Subtract">
               <operand localId="119" locator="37:5-37:7" valueType="t:Integer" value="280" xsi:type="Literal"/>
               <operand localId="187" locator="37:11-37:113" precision="Day" xsi:type="DifferenceBetween">
                  <operand localId="153" locator="37:40-37:70" name="LastTimeOfDelivery" xsi:type="FunctionRef">
                     <operand localId="120" locator="37:61-37:69" name="Encounter" xsi:type="OperandRef"/>
                  </operand>
                  <operand localId="186" locator="37:75-37:112" name="LastEstimatedDeliveryDate" xsi:type="FunctionRef">
                     <operand localId="154" locator="37:103-37:111" name="Encounter" xsi:type="OperandRef"/>
                  </operand>
               </operand>
            </operand>
            <operand localId="189" locator="37:121" valueType="t:Integer" value="7" xsi:type="Literal"/>
         </expression>
         <operand name="Encounter">
            <operandTypeSpecifier localId="118" locator="35:54-35:75" xmlns:ns11="urn:healthit-gov:qdm:v5_6" name="ns11:PositiveEncounterPerformed" xsi:type="NamedTypeSpecifier"/>
         </operand>
      </def>
      <def localId="224" locator="63:1-68:22" name="LastEstimatedGestationalAge" context="Patient" accessLevel="Public" xsi:type="FunctionDef">
         <annotation xsi:type="a:Annotation">
            <a:s r="224">
               <a:s>define function &quot;LastEstimatedGestationalAge&quot;(Encounter </a:s>
               <a:s r="196">
                  <a:s>&quot;Encounter, Performed&quot;</a:s>
               </a:s>
               <a:s> ):
  </a:s>
               <a:s r="223">
                  <a:s r="223">
                     <a:s r="221">
                        <a:s r="220">
                           <a:s>Last(</a:s>
                           <a:s r="219">
                              <a:s>
                                 <a:s r="198">
                                    <a:s r="197">
                                       <a:s r="197">
                                          <a:s>[&quot;Assessment, Performed&quot;: </a:s>
                                          <a:s>
                                             <a:s>&quot;Estimated Gestational Age at Delivery&quot;</a:s>
                                          </a:s>
                                          <a:s>]</a:s>
                                       </a:s>
                                    </a:s>
                                    <a:s> EstimatedGestationalAge</a:s>
                                 </a:s>
                              </a:s>
                              <a:s>
      </a:s>
                              <a:s r="212">
                                 <a:s>where </a:s>
                                 <a:s r="212">
                                    <a:s r="208">
                                       <a:s r="204">
                                          <a:s r="199">
                                             <a:s>Global</a:s>
                                          </a:s>
                                          <a:s>.</a:s>
                                          <a:s r="204">
                                             <a:s>&quot;EarliestOf&quot;(</a:s>
                                             <a:s r="201">
                                                <a:s r="200">
                                                   <a:s>EstimatedGestationalAge</a:s>
                                                </a:s>
                                                <a:s>.</a:s>
                                                <a:s r="201">
                                                   <a:s>relevantDatetime</a:s>
                                                </a:s>
                                             </a:s>
                                             <a:s>, </a:s>
                                             <a:s r="203">
                                                <a:s r="202">
                                                   <a:s>EstimatedGestationalAge</a:s>
                                                </a:s>
                                                <a:s>.</a:s>
                                                <a:s r="203">
                                                   <a:s>relevantPeriod</a:s>
                                                </a:s>
                                             </a:s>
                                             <a:s>)</a:s>
                                          </a:s>
                                       </a:s>
                                       <a:s r="208">
                                          <a:s r="207">
                                             <a:s>24 hours</a:s>
                                          </a:s>
                                          <a:s> or less before or on</a:s>
                                       </a:s>
                                       <a:s> </a:s>
                                       <a:s r="206">
                                          <a:s>&quot;LastTimeOfDelivery&quot;(</a:s>
                                          <a:s r="205">
                                             <a:s>Encounter</a:s>
                                          </a:s>
                                          <a:s>)</a:s>
                                       </a:s>
                                    </a:s>
                                    <a:s>
        and </a:s>
                                    <a:s r="211">
                                       <a:s r="210">
                                          <a:s r="209">
                                             <a:s>EstimatedGestationalAge</a:s>
                                          </a:s>
                                          <a:s>.</a:s>
                                          <a:s r="210">
                                             <a:s>result</a:s>
                                          </a:s>
                                       </a:s>
                                       <a:s> is not null</a:s>
                                    </a:s>
                                 </a:s>
                              </a:s>
                              <a:s>
      </a:s>
                              <a:s r="218">
                                 <a:s>sort by </a:s>
                                 <a:s r="217">
                                    <a:s r="216">
                                       <a:s r="213">
                                          <a:s>Global</a:s>
                                       </a:s>
                                       <a:s>.</a:s>
                                       <a:s r="216">
                                          <a:s>&quot;EarliestOf&quot;(</a:s>
                                          <a:s r="214">
                                             <a:s>relevantDatetime</a:s>
                                          </a:s>
                                          <a:s>, </a:s>
                                          <a:s r="215">
                                             <a:s>relevantPeriod</a:s>
                                          </a:s>
                                          <a:s>)</a:s>
                                       </a:s>
                                    </a:s>
                                 </a:s>
                              </a:s>
                           </a:s>
                           <a:s>
  )</a:s>
                        </a:s>
                        <a:s>.</a:s>
                        <a:s r="221">
                           <a:s>result</a:s>
                        </a:s>
                     </a:s>
                     <a:s> as </a:s>
                     <a:s r="222">
                        <a:s>Quantity</a:s>
                     </a:s>
                  </a:s>
               </a:s>
            </a:s>
         </annotation>
         <expression localId="223" locator="64:3-68:22" strict="false" xsi:type="As">
            <operand localId="221" locator="64:3-68:10" path="result" xsi:type="Property">
               <source localId="220" locator="64:3-68:3" xsi:type="Last">
                  <source localId="219" locator="64:8-67:67" xsi:type="Query">
                     <source localId="198" locator="64:8-64:97" alias="EstimatedGestationalAge">
                        <expression localId="197" locator="64:8-64:73" xmlns:ns12="urn:healthit-gov:qdm:v5_6" dataType="ns12:PositiveAssessmentPerformed" templateId="PositiveAssessmentPerformed" codeProperty="code" codeComparator="in" xsi:type="Retrieve">
                           <codes locator="64:34-64:72" name="Estimated Gestational Age at Delivery" xsi:type="ValueSetRef"/>
                        </expression>
                     </source>
                     <where localId="212" locator="65:7-66:54" xsi:type="And">
                        <operand localId="208" locator="65:13-65:174" xsi:type="And">
                           <operand locator="65:114-65:129" xsi:type="In">
                              <operand localId="204" locator="65:13-65:113" name="EarliestOf" libraryName="Global" xsi:type="FunctionRef">
                                 <operand localId="201" locator="65:33-65:72" path="relevantDatetime" scope="EstimatedGestationalAge" xsi:type="Property"/>
                                 <operand localId="203" locator="65:75-65:112" path="relevantPeriod" scope="EstimatedGestationalAge" xsi:type="Property"/>
                              </operand>
                              <operand locator="65:114-65:129" lowClosed="true" highClosed="true" xsi:type="Interval">
                                 <low locator="65:144-65:174" xsi:type="Subtract">
                                    <operand localId="206" locator="65:144-65:174" name="LastTimeOfDelivery" xsi:type="FunctionRef">
                                       <operand localId="205" locator="65:165-65:173" name="Encounter" xsi:type="OperandRef"/>
                                    </operand>
                                    <operand localId="207" locator="65:114-65:121" value="24" unit="hours" xsi:type="Quantity"/>
                                 </low>
                                 <high localId="206" locator="65:144-65:174" name="LastTimeOfDelivery" xsi:type="FunctionRef">
                                    <operand localId="205" locator="65:165-65:173" name="Encounter" xsi:type="OperandRef"/>
                                 </high>
                              </operand>
                           </operand>
                           <operand locator="65:114-65:129" xsi:type="Not">
                              <operand locator="65:114-65:129" xsi:type="IsNull">
                                 <operand localId="206" locator="65:144-65:174" name="LastTimeOfDelivery" xsi:type="FunctionRef">
                                    <operand localId="205" locator="65:165-65:173" name="Encounter" xsi:type="OperandRef"/>
                                 </operand>
                              </operand>
                           </operand>
                        </operand>
                        <operand localId="211" locator="66:13-66:54" xsi:type="Not">
                           <operand locator="66:13-66:54" xsi:type="IsNull">
                              <operand localId="210" locator="66:13-66:42" path="result" scope="EstimatedGestationalAge" xsi:type="Property"/>
                           </operand>
                        </operand>
                     </where>
                     <sort localId="218" locator="67:7-67:67">
                        <by localId="217" locator="67:15-67:67" direction="asc" xsi:type="ByExpression">
                           <expression localId="216" locator="67:15-67:67" name="EarliestOf" libraryName="Global" xsi:type="FunctionRef">
                              <operand localId="214" locator="67:35-67:50" name="relevantDatetime" xsi:type="IdentifierRef"/>
                              <operand localId="215" locator="67:53-67:66" name="relevantPeriod" xsi:type="IdentifierRef"/>
                           </expression>
                        </by>
                     </sort>
                  </source>
               </source>
            </operand>
            <asTypeSpecifier localId="222" locator="68:15-68:22" name="t:Quantity" xsi:type="NamedTypeSpecifier"/>
         </expression>
         <operand name="Encounter">
            <operandTypeSpecifier localId="196" locator="63:57-63:78" xmlns:ns13="urn:healthit-gov:qdm:v5_6" name="ns13:PositiveEncounterPerformed" xsi:type="NamedTypeSpecifier"/>
         </operand>
      </def>
   </statements>
</library>
