<?xml version="1.0" encoding="UTF-8" standalone="yes"?>
<QualityMeasureDocument xmlns="urn:hl7-org:v3" xmlns:cql-ext="urn:hhs-cql:hqmf-n1-extensions:v1"
                        xmlns:xsi="http://www.w3.org/2001/XMLSchema-instance">
         
      <!--
			**************************************************************
			Measure Details Section
			**************************************************************
		-->
         
      <typeId extension="POQM_HD000001UV02" root="2.16.840.1.113883.1.3"/>
   <templateId>
      <item extension="2019-05-01" root="2.16.840.1.113883.10.20.28.1.2"/>
   </templateId>
   <id root="2c928082-70f5-3309-0171-07be80d709dd"/>
   <code code="57024-2" codeSystem="2.16.840.1.113883.6.1">
      <displayName value="Health Quality Measure Document"/>
   </code>
   <title value="Discharged on Statin Medication"/>
   <text
         value="Ischemic stroke patients who are prescribed or continuing to take statin medication at hospital discharge"/>
   <statusCode code="COMPLETED"/>
   <setId root="1f503318-bb8d-4b91-af63-223ae0a2328e"/>
   <versionNumber value="9.1.000"/>
   <author>
      <responsibleParty classCode="ASSIGNED">
         <representedResponsibleOrganization classCode="ORG" determinerCode="INSTANCE">
            <id>
               <item root="1.3.6.1.4.1.33895"/>
            </id>
            <name>
               <item>
                  <part value="The Joint Commission"/>
               </item>
            </name>
         </representedResponsibleOrganization>
      </responsibleParty>
   </author>
   <custodian>
      <responsibleParty classCode="ASSIGNED">
         <representedResponsibleOrganization classCode="ORG" determinerCode="INSTANCE">
            <id>
               <item root="5"/>
            </id>
            <name>
               <item>
                  <part value="The Joint Commission"/>
               </item>
            </name>
         </representedResponsibleOrganization>
      </responsibleParty>
   </custodian>
   <!--Payer-->
     	 <definition>
      <valueSet classCode="OBS" moodCode="DEF">
         <id root="2.16.840.1.114222.4.11.3591"/>
         <title value="Payer"/>
      </valueSet>
   </definition>
   <!--ONC Administrative Sex-->
     	 <definition>
      <valueSet classCode="OBS" moodCode="DEF">
         <id root="2.16.840.1.113762.1.4.1"/>
         <title value="ONC Administrative Sex"/>
      </valueSet>
   </definition>
   <!--Ethnicity-->
     	 <definition>
      <valueSet classCode="OBS" moodCode="DEF">
         <id root="2.16.840.1.114222.4.11.837"/>
         <title value="Ethnicity"/>
      </valueSet>
   </definition>
   <!--Comfort Measures-->
     	 <definition>
      <valueSet classCode="OBS" moodCode="DEF">
         <id root="1.3.6.1.4.1.33895.1.3.0.45"/>
         <title value="Comfort Measures"/>
      </valueSet>
   </definition>
   <!--Observation Services-->
     	 <definition>
      <valueSet classCode="OBS" moodCode="DEF">
         <id root="2.16.840.1.113762.1.4.1111.143"/>
         <title value="Observation Services"/>
      </valueSet>
   </definition>
   <!--LDL-c-->
     	 <definition>
      <valueSet classCode="OBS" moodCode="DEF">
         <id root="2.16.840.1.113883.3.117.1.7.1.215"/>
         <title value="LDL-c"/>
      </valueSet>
   </definition>
   <!--Non-Elective Inpatient Encounter-->
     	 <definition>
      <valueSet classCode="OBS" moodCode="DEF">
         <id root="2.16.840.1.113883.3.117.1.7.1.424"/>
         <title value="Non-Elective Inpatient Encounter"/>
      </valueSet>
   </definition>
   <!--Statin Allergen-->
     	 <definition>
      <valueSet classCode="OBS" moodCode="DEF">
         <id root="2.16.840.1.113762.1.4.1110.42"/>
         <title value="Statin Allergen"/>
      </valueSet>
   </definition>
   <!--Race-->
     	 <definition>
      <valueSet classCode="OBS" moodCode="DEF">
         <id root="2.16.840.1.114222.4.11.836"/>
         <title value="Race"/>
      </valueSet>
   </definition>
   <!--Statin Grouper-->
     	 <definition>
      <valueSet classCode="OBS" moodCode="DEF">
         <id root="2.16.840.1.113762.1.4.1110.19"/>
         <title value="Statin Grouper"/>
      </valueSet>
   </definition>
   <!--Emergency Department Visit-->
     	 <definition>
      <valueSet classCode="OBS" moodCode="DEF">
         <id root="2.16.840.1.113883.3.117.1.7.1.292"/>
         <title value="Emergency Department Visit"/>
      </valueSet>
   </definition>
   <!--Patient Expired-->
     	 <definition>
      <valueSet classCode="OBS" moodCode="DEF">
         <id root="2.16.840.1.113883.3.117.1.7.1.309"/>
         <title value="Patient Expired"/>
      </valueSet>
   </definition>
   <!--Discharged to Home for Hospice Care-->
     	 <definition>
      <valueSet classCode="OBS" moodCode="DEF">
         <id root="2.16.840.1.113883.3.117.1.7.1.209"/>
         <title value="Discharged to Home for Hospice Care"/>
      </valueSet>
   </definition>
   <!--Hemorrhagic Stroke-->
     	 <definition>
      <valueSet classCode="OBS" moodCode="DEF">
         <id root="2.16.840.1.113883.3.117.1.7.1.212"/>
         <title value="Hemorrhagic Stroke"/>
      </valueSet>
   </definition>
   <!--Discharged to Health Care Facility for Hospice Care-->
     	 <definition>
      <valueSet classCode="OBS" moodCode="DEF">
         <id root="2.16.840.1.113883.3.117.1.7.1.207"/>
         <title value="Discharged to Health Care Facility for Hospice Care"/>
      </valueSet>
   </definition>
   <!--Ischemic Stroke-->
     	 <definition>
      <valueSet classCode="OBS" moodCode="DEF">
         <id root="2.16.840.1.113883.3.117.1.7.1.247"/>
         <title value="Ischemic Stroke"/>
      </valueSet>
   </definition>
   <!--Left Against Medical Advice-->
     	 <definition>
      <valueSet classCode="OBS" moodCode="DEF">
         <id root="2.16.840.1.113883.3.117.1.7.1.308"/>
         <title value="Left Against Medical Advice"/>
      </valueSet>
   </definition>
   <!--Medical Reason-->
     	 <definition>
      <valueSet classCode="OBS" moodCode="DEF">
         <id root="2.16.840.1.113883.3.117.1.7.1.473"/>
         <title value="Medical Reason"/>
      </valueSet>
   </definition>
   <!--Discharge To Acute Care Facility-->
     	 <definition>
      <valueSet classCode="OBS" moodCode="DEF">
         <id root="2.16.840.1.113883.3.117.1.7.1.87"/>
         <title value="Discharge To Acute Care Facility"/>
      </valueSet>
   </definition>
   <!--Patient Refusal-->
     	 <definition>
      <valueSet classCode="OBS" moodCode="DEF">
         <id root="2.16.840.1.113883.3.117.1.7.1.93"/>
         <title value="Patient Refusal"/>
      </valueSet>
   </definition>
   <!--Birth date-CODE:/CodeSystem/LOINC/Version/2.65/Code/21112-8/Info-->
      <definition>
      <cql-ext:code code="21112-8" codeSystem="2.16.840.1.113883.6.1" codeSystemName="LOINC">
         <displayName value="Birth date"/>
      </cql-ext:code>
   </definition>
   <relatedDocument typeCode="COMP">
      <expressionDocument>
         <id root="23877679-91EB-4EBB-851F-9F4AE2B7C211"/>
         <text mediaType="text/cql">
            <reference value="https://emeasuretool.cms.gov/libraries/1f503318-bb8d-4b91-af63-223ae0a2328e/DischargedonStatinMedication-9.1.000.cql"/>
            <translation mediaType="application/elm+xml">
               <reference value="https://emeasuretool.cms.gov/libraries/1f503318-bb8d-4b91-af63-223ae0a2328e/DischargedonStatinMedication-9.1.000.xml"/>
            </translation>
            <translation mediaType="application/elm+json">
               <reference value="https://emeasuretool.cms.gov/libraries/1f503318-bb8d-4b91-af63-223ae0a2328e/DischargedonStatinMedication-9.1.000.json"/>
            </translation>
         </text>
         <setId extension="1f503318-bb8d-4b91-af63-223ae0a2328e"
                identifierName="DischargedonStatinMedication"
                root="https://emeasuretool.cms.gov/libraries"/>
         <versionNumber value="9.1.000"/>
      </expressionDocument>
   </relatedDocument>
   <relatedDocument typeCode="COMP">
      <expressionDocument>
         <id root="402803826fbe8264016fd870697e05f6"/>
         <text mediaType="text/cql">
            <reference value="https://emeasuretool.cms.gov/libraries/d838ba65-b0cf-4494-a10f-8e4565b85137/TJC_Overall-4.4.000.cql"/>
            <translation mediaType="application/elm+xml">
               <reference value="https://emeasuretool.cms.gov/libraries/d838ba65-b0cf-4494-a10f-8e4565b85137/TJC_Overall-4.4.000.xml"/>
            </translation>
            <translation mediaType="application/elm+json">
               <reference value="https://emeasuretool.cms.gov/libraries/d838ba65-b0cf-4494-a10f-8e4565b85137/TJC_Overall-4.4.000.json"/>
            </translation>
         </text>
         <setId extension="d838ba65-b0cf-4494-a10f-8e4565b85137" identifierName="TJC_Overall"
                root="https://emeasuretool.cms.gov/libraries"/>
         <versionNumber value="4.4.000"/>
      </expressionDocument>
   </relatedDocument>
   <relatedDocument typeCode="COMP">
      <expressionDocument>
         <id root="402803826cd4f54a016cde28210f096b"/>
         <text mediaType="text/cql">
            <reference value="https://emeasuretool.cms.gov/libraries/8bdc0a19-b210-4a58-8a07-f5d95a34eca9/MATGlobalCommonFunctions-5.0.000.cql"/>
            <translation mediaType="application/elm+xml">
               <reference value="https://emeasuretool.cms.gov/libraries/8bdc0a19-b210-4a58-8a07-f5d95a34eca9/MATGlobalCommonFunctions-5.0.000.xml"/>
            </translation>
            <translation mediaType="application/elm+json">
               <reference value="https://emeasuretool.cms.gov/libraries/8bdc0a19-b210-4a58-8a07-f5d95a34eca9/MATGlobalCommonFunctions-5.0.000.json"/>
            </translation>
         </text>
         <setId extension="8bdc0a19-b210-4a58-8a07-f5d95a34eca9"
                identifierName="MATGlobalCommonFunctions"
                root="https://emeasuretool.cms.gov/libraries"/>
         <versionNumber value="5.0.000"/>
      </expressionDocument>
   </relatedDocument>
   <controlVariable>
      <measurePeriod>
         <id extension="measureperiod" root="29c60c02-3a2f-4b47-92a0-02128b6f8003"/>
         <code code="MSRTP" codeSystem="2.16.840.1.113883.5.4">
            <originalText value="Measurement Period"/>
         </code>
         <value xsi:type="PIVL_TS">
            <phase highClosed="true" lowClosed="true">
               <low value="20200101"/>
               <width unit="a" value="1" xsi:type="PQ"/>
            </phase>
            <period unit="a" value="1"/>
         </value>
      </measurePeriod>
   </controlVariable>
   <subjectOf>
      <measureAttribute>
         <code nullFlavor="OTH">
            <originalText value="eCQM Identifier (Measure Authoring Tool)"/>
         </code>
         <value mediaType="text/plain" value="105" xsi:type="ED"/>
      </measureAttribute>
   </subjectOf>
   <subjectOf>
      <measureAttribute>
         <code nullFlavor="OTH">
            <originalText value="NQF Number"/>
         </code>
         <value mediaType="text/plain" value="Not Applicable" xsi:type="ED"/>
      </measureAttribute>
   </subjectOf>
   <subjectOf>
      <measureAttribute>
         <code code="COPY" codeSystem="2.16.840.1.113883.5.4">
            <displayName value="Copyright"/>
         </code>
         <value mediaType="text/plain"
                value="Measure specifications are in the Public Domain&#xA;&#xA;LOINC(R) copyright 2004-2019 Regenstrief Institute, Inc. &#xA;This material contains SNOMED Clinical Terms(R) (SNOMED CT[R]) copyright 2004-2019 International Health Terminology Standards Development Organisation. All Rights Reserved."
                xsi:type="ED"/>
      </measureAttribute>
   </subjectOf>
   <subjectOf>
      <measureAttribute>
         <code code="DISC" codeSystem="2.16.840.1.113883.5.4">
            <displayName value="Disclaimer"/>
         </code>
         <value mediaType="text/plain"
                value="These performance measures are not clinical guidelines and do not establish a standard of medical care, and have not been tested for all potential applications. The measures and specifications are provided without warranty."
                xsi:type="ED"/>
      </measureAttribute>
   </subjectOf>
   <subjectOf>
      <measureAttribute>
         <code code="MSRSCORE" codeSystem="2.16.840.1.113883.5.4">
            <displayName value="Measure Scoring"/>
         </code>
         <value code="PROPOR" codeSystem="2.16.840.1.113883.5.1063" xsi:type="CD">
            <displayName value="Proportion"/>
         </value>
      </measureAttribute>
   </subjectOf>
   <subjectOf>
      <measureAttribute>
         <code code="MSRTYPE" codeSystem="2.16.840.1.113883.5.4">
            <displayName value="Measure Type"/>
         </code>
         <value code="PROCESS" codeSystem="2.16.840.1.113883.5.1063" xsi:type="CD">
            <displayName value="PROCESS"/>
         </value>
      </measureAttribute>
   </subjectOf>
   <subjectOf>
      <measureAttribute>
         <code code="STRAT" codeSystem="2.16.840.1.113883.5.4">
            <displayName value="Stratification"/>
         </code>
         <value mediaType="text/plain" value="None" xsi:type="ED"/>
      </measureAttribute>
   </subjectOf>
   <subjectOf>
      <measureAttribute>
         <code code="MSRADJ" codeSystem="2.16.840.1.113883.5.4">
            <displayName value="Risk Adjustment"/>
         </code>
         <value mediaType="text/plain" value="None" xsi:type="ED"/>
      </measureAttribute>
   </subjectOf>
   <subjectOf>
      <measureAttribute>
         <code code="MSRAGG" codeSystem="2.16.840.1.113883.5.4">
            <displayName value="Rate Aggregation"/>
         </code>
         <value mediaType="text/plain" value="None" xsi:type="ED"/>
      </measureAttribute>
   </subjectOf>
   <subjectOf>
      <measureAttribute>
         <code code="RAT" codeSystem="2.16.840.1.113883.5.4">
            <displayName value="Rationale"/>
         </code>
         <value mediaType="text/plain"
                value="There is an extensive and consistent body of evidence supporting the use of statins for secondary prevention in patients with clinically evident atherosclerotic cardiovascular disease (ASCVD), which includes individuals with ischemic stroke due to large artery atherosclerosis, individuals with ischemic stroke due to intrinsic small vessel disease, and individuals with ischemic stroke not directly due to atherosclerosis but with clinically evident atherosclerotic disease in an uninvolved cerebral or noncerebral bed.  Both women and men with clinical ASCVD are at increased risk for recurrent ASCVD and ASCVD death.  High-intensity statin therapy should be initiated or continued as first-line therapy in women and men less than or equal to 75 years of age who have clinical ASCVD, unless contraindicated. In patients with clinical ASCVD and a contraindication to high-intensity statin therapy, moderate-intensity therapy should be considered as an alternative if it can be tolerated.  In individuals greater than 75 years of age, the potential for ASCVD risk reduction benefits, adverse effects, drug-drug interactions, and patient preferences should be considered, and statin therapy individualized based on these considerations (Stone, 2013)."
                xsi:type="ED"/>
      </measureAttribute>
   </subjectOf>
   <subjectOf>
      <measureAttribute>
         <code code="CRS" codeSystem="2.16.840.1.113883.5.4">
            <displayName value="Clinical Recommendation Statement"/>
         </code>
         <value mediaType="text/plain"
                value="For patients with stroke of atherosclerotic origin, intensive lipid lowering therapy with statins should be initiated"
                xsi:type="ED"/>
      </measureAttribute>
   </subjectOf>
   <subjectOf>
      <measureAttribute>
         <code code="IDUR" codeSystem="2.16.840.1.113883.5.4">
            <displayName value="Improvement Notation"/>
         </code>
         <value mediaType="text/plain" value="Improvement noted as an increase in rate"
                xsi:type="ED"/>
      </measureAttribute>
   </subjectOf>
   <subjectOf>
      <measureAttribute>
         <code code="REF" codeSystem="2.16.840.1.113883.5.4">
            <displayName value="Reference"/>
         </code>
         <value mediaType="text/plain"
                value="Amarenco, P., Bogousslavsky, J., Callahan, A., III, et al. (2006, August 10). High-dose atorvastatin after stroke or transient ischemic attack. New England Journal of Medicine, 355(6), 549-559."
                xsi:type="ED"/>
      </measureAttribute>
   </subjectOf>
   <subjectOf>
      <measureAttribute>
         <code code="REF" codeSystem="2.16.840.1.113883.5.4">
            <displayName value="Reference"/>
         </code>
         <value mediaType="text/plain"
                value="Biffi, A., Devan, W. J., Anderson, C. D., et al. (2011, May). Statin treatment and functional outcome after ischemic stroke: Case-control and meta-analysis. Stroke, 42(5), 1314-1319."
                xsi:type="ED"/>
      </measureAttribute>
   </subjectOf>
   <subjectOf>
      <measureAttribute>
         <code code="REF" codeSystem="2.16.840.1.113883.5.4">
            <displayName value="Reference"/>
         </code>
         <value mediaType="text/plain"
                value="Centers for Disease Control and Prevention. (2009, May 1). Prevalence and most common causes of disability among adults—United States, 2005. Morbidity and Mortality Weekly Report, 58(16), 421-426."
                xsi:type="ED"/>
      </measureAttribute>
   </subjectOf>
   <subjectOf>
      <measureAttribute>
         <code code="REF" codeSystem="2.16.840.1.113883.5.4">
            <displayName value="Reference"/>
         </code>
         <value mediaType="text/plain"
                value="Chan, P. S., Nallamothu, B. K., Gurm, H. S., et al. (2007, May 8). Incremental benefit and cost-effectiveness of high-dose statin therapy in high-risk patients with coronary artery disease. Circulation, 115(18), 2398-2409."
                xsi:type="ED"/>
      </measureAttribute>
   </subjectOf>
   <subjectOf>
      <measureAttribute>
         <code code="REF" codeSystem="2.16.840.1.113883.5.4">
            <displayName value="Reference"/>
         </code>
         <value mediaType="text/plain"
                value="Culver, A. L., Ockene, I. S., Balasubramanian, R., et al. (2012, January 23). Statin use and risk of diabetes mellitus in postmenopausal women in the Women's Health Initiative. Archives of Internal Medicine, 172(2),  144-152."
                xsi:type="ED"/>
      </measureAttribute>
   </subjectOf>
   <subjectOf>
      <measureAttribute>
         <code code="REF" codeSystem="2.16.840.1.113883.5.4">
            <displayName value="Reference"/>
         </code>
         <value mediaType="text/plain"
                value="Feher, A., Pusch, G., Koltai, K., et al. (2011, April 14). Statin therapy in the primary and the secondary prevention of ischaemic cerebrovascular diseases. International Journal of Cardiology, 148(2), 131-138."
                xsi:type="ED"/>
      </measureAttribute>
   </subjectOf>
   <subjectOf>
      <measureAttribute>
         <code code="REF" codeSystem="2.16.840.1.113883.5.4">
            <displayName value="Reference"/>
         </code>
         <value mediaType="text/plain"
                value="Grundy, S. M., Cleeman, J. I., Merz, C. N., et al. (2004, July 13). Implications of recent clinical trials for the National Cholesterol Education Program Adult Treatment Panel III Guidelines. Circulation, 110(2), 227-239."
                xsi:type="ED"/>
      </measureAttribute>
   </subjectOf>
   <subjectOf>
      <measureAttribute>
         <code code="REF" codeSystem="2.16.840.1.113883.5.4">
            <displayName value="Reference"/>
         </code>
         <value mediaType="text/plain"
                value="Kernan, W. N., Ovbiagele, B., Black, H. R., et al. (2014, May). Guidelines for the prevention of stroke in patients with stroke and transient ischemic attack: A guideline for health care professionals from the American Heart Association/American Stroke Association. Stroke, 45(7), 2160-2223."
                xsi:type="ED"/>
      </measureAttribute>
   </subjectOf>
   <subjectOf>
      <measureAttribute>
         <code code="REF" codeSystem="2.16.840.1.113883.5.4">
            <displayName value="Reference"/>
         </code>
         <value mediaType="text/plain"
                value="Kostis, W. J., Cheng, J. Q., Dobrzynski, J. M., et al. (2012, February 7). Meta-analysis of statin effects in women versus men. Journal of the American College of Cardiology, 59(6), 572-582."
                xsi:type="ED"/>
      </measureAttribute>
   </subjectOf>
   <subjectOf>
      <measureAttribute>
         <code code="REF" codeSystem="2.16.840.1.113883.5.4">
            <displayName value="Reference"/>
         </code>
         <value mediaType="text/plain"
                value="Lazar, L. D., Pletcher, M. J., Coxson, P. G., et al. (2011, July 12). Cost-effectiveness of statin therapy for primary prevention in a low-cost statin era. Circulation, 124(2), 146-153."
                xsi:type="ED"/>
      </measureAttribute>
   </subjectOf>
   <subjectOf>
      <measureAttribute>
         <code code="REF" codeSystem="2.16.840.1.113883.5.4">
            <displayName value="Reference"/>
         </code>
         <value mediaType="text/plain"
                value="Mitka, M. (2012, March 7). Some question use of statins to reduce cardiovascular risks in healthy women. JAMA, 307(9), 893-894."
                xsi:type="ED"/>
      </measureAttribute>
   </subjectOf>
   <subjectOf>
      <measureAttribute>
         <code code="REF" codeSystem="2.16.840.1.113883.5.4">
            <displayName value="Reference"/>
         </code>
         <value mediaType="text/plain"
                value="National Cholesterol Education Program Expert Panel on Detection, Evaluation, and Adults Treatment of High Blood Cholesterol in Adults. (2002, December 17). Third report of the National Cholesterol Education Program (NCEP) Expert Panel on Detection, Evaluation, and Treatment of High Blood Cholesterol in Adults (Adult Treatment Panel III)—Final report. Circulation, 106(25), 3143-3421."
                xsi:type="ED"/>
      </measureAttribute>
   </subjectOf>
   <subjectOf>
      <measureAttribute>
         <code code="REF" codeSystem="2.16.840.1.113883.5.4">
            <displayName value="Reference"/>
         </code>
         <value mediaType="text/plain"
                value="Powers, W. J., Rabinstein, A. A., Ackerson, T., et al. (2018, January). 2018 guidelines for the early management of patients with acute ischemic stroke: A guideline for health care professionals from the American Heart Association/American Stroke Association. Stroke, 49, e44-e47."
                xsi:type="ED"/>
      </measureAttribute>
   </subjectOf>
   <subjectOf>
      <measureAttribute>
         <code code="REF" codeSystem="2.16.840.1.113883.5.4">
            <displayName value="Reference"/>
         </code>
         <value mediaType="text/plain"
                value="Rodriguez-Yanez, M., Agulla, J., Rodriguez-Gonzalez, R., et al. (2008, June). Statins and stroke. Therapeutic Advances in Cardiovascular Disease, 2(3), 157-166."
                xsi:type="ED"/>
      </measureAttribute>
   </subjectOf>
   <subjectOf>
      <measureAttribute>
         <code code="REF" codeSystem="2.16.840.1.113883.5.4">
            <displayName value="Reference"/>
         </code>
         <value mediaType="text/plain"
                value="Roger, V. L., Go, A. S., Lloyd-Jones, D. M., et al. (2012, January 3). Heart disease and stroke statistics—2012 update: A report from the American Heart Association. Circulation, 125(1), e2-e220."
                xsi:type="ED"/>
      </measureAttribute>
   </subjectOf>
   <subjectOf>
      <measureAttribute>
         <code code="REF" codeSystem="2.16.840.1.113883.5.4">
            <displayName value="Reference"/>
         </code>
         <value mediaType="text/plain"
                value="Schellinger, P. D., Bryan, R. N., Caplan, L. R., et al. (2010, July 13). Evidence-based guideline: The role of diffusion and perfusion MRI for the diagnosis of acute ischemic stroke: Report of the Therapeutics and Technology Assessment Subcommittee of the American Academy of Neurology.  Neurology, 75(2), 177-185."
                xsi:type="ED"/>
      </measureAttribute>
   </subjectOf>
   <subjectOf>
      <measureAttribute>
         <code code="REF" codeSystem="2.16.840.1.113883.5.4">
            <displayName value="Reference"/>
         </code>
         <value mediaType="text/plain"
                value="Squizzato, A., Romualdi, E., Dentali, F., et al. (2011). Statins for acute ischemic stroke. Cochrane Database of Systematic Reviews, 8, CD007551."
                xsi:type="ED"/>
      </measureAttribute>
   </subjectOf>
   <subjectOf>
      <measureAttribute>
         <code code="REF" codeSystem="2.16.840.1.113883.5.4">
            <displayName value="Reference"/>
         </code>
         <value mediaType="text/plain"
                value="Stone, N. J., Robinson, J., Lichtenstein, A. H., et al. (2013, November). Guideline on the treatment of blood cholesterol to reduce atherosclerotic cardiovascular disease in adults: A report of the American College of Cardiology/American Heart Association Task Force on Practice Guidelines. Circulation, 11, 1-84."
                xsi:type="ED"/>
      </measureAttribute>
   </subjectOf>
   <subjectOf>
      <measureAttribute>
         <code code="REF" codeSystem="2.16.840.1.113883.5.4">
            <displayName value="Reference"/>
         </code>
         <value mediaType="text/plain"
                value="Van Dis, F. J., Keilson, L. M., Rundell, C. A., et al. (1996, June). Direct measurement of serum low-density lipoprotein cholesterol in patients with acute myocardial infarction on admission to the emergency room. American Journal of Cardiology, 77(14), 1232-1234."
                xsi:type="ED"/>
      </measureAttribute>
   </subjectOf>
   <subjectOf>
      <measureAttribute>
         <code code="REF" codeSystem="2.16.840.1.113883.5.4">
            <displayName value="Reference"/>
         </code>
         <value mediaType="text/plain"
                value="Weiss, R., Harder, M., &amp; Rowe, J. (2003, May). The relationship between nonfasting and fasting lipid measurements in patients with or without type 2 diabetes mellitus receiving treatment with 3-hydroxy-3-methylglutaryl-coenzyme a reductase inhibitors. Clinical Therapeutics, 25(5), 1490-1497."
                xsi:type="ED"/>
      </measureAttribute>
   </subjectOf>
   <subjectOf>
      <measureAttribute>
         <code code="DEF" codeSystem="2.16.840.1.113883.5.4">
            <displayName value="Definition"/>
         </code>
         <value mediaType="text/plain" value="None" xsi:type="ED"/>
      </measureAttribute>
   </subjectOf>
   <subjectOf>
      <measureAttribute>
         <code code="GUIDE" codeSystem="2.16.840.1.113883.5.4">
            <displayName value="Guidance"/>
         </code>
         <value mediaType="text/plain"
                value="The &quot;Non-elective Inpatient Encounter&quot; value set intends to capture all non-scheduled hospitalizations. This value set is a subset of the &quot;Inpatient Encounter&quot; value set, excluding concepts that specifically refer to elective hospital admissions. Non-elective Inpatient Encounters include emergency, urgent, and unplanned admissions.&#xA;&#xA;The &quot;Medication, Discharge&quot; datatype refers to the discharge medication list and is intended to express medications ordered for post-discharge use.&#xA;&#xA;This eCQM is an episode-based measure.&#xA;&#xA;This version of the eCQM uses QDM version 5.5.  Please refer to the eCQI resource center (https://ecqi.healthit.gov/qdm) for more information on the QDM."
                xsi:type="ED"/>
      </measureAttribute>
   </subjectOf>
   <subjectOf>
      <measureAttribute>
         <code code="TRANF" codeSystem="2.16.840.1.113883.5.4">
            <displayName value="Transmission Format"/>
         </code>
         <value mediaType="text/plain" value="TBD" xsi:type="ED"/>
      </measureAttribute>
   </subjectOf>
   <subjectOf>
      <measureAttribute>
         <code code="IPOP" codeSystem="2.16.840.1.113883.5.4">
            <displayName value="Initial Population"/>
         </code>
         <value mediaType="text/plain"
                value="Inpatient hospitalizations for patients age 18 and older, discharged from inpatient care (non-elective admissions) with a principal diagnosis of ischemic or hemorrhagic stroke and a length of stay less than or equal to 120 days that ends during measurement period"
                xsi:type="ED"/>
      </measureAttribute>
   </subjectOf>
   <subjectOf>
      <measureAttribute>
         <code code="DENOM" codeSystem="2.16.840.1.113883.5.4">
            <displayName value="Denominator"/>
         </code>
         <value mediaType="text/plain"
                value="Inpatient hospitalizations for patients with a principal diagnosis of ischemic stroke"
                xsi:type="ED"/>
      </measureAttribute>
   </subjectOf>
   <subjectOf>
      <measureAttribute>
         <code code="DENEX" codeSystem="2.16.840.1.113883.5.4">
            <displayName value="Denominator Exclusions"/>
         </code>
         <value mediaType="text/plain"
                value="Inpatient hospitalizations for patients admitted for elective carotid intervention. This exclusion is implicitly modeled by only including non-elective hospitalizations.&#xA;Inpatient hospitalizations for patients discharged to another hospital&#xA;Inpatient hospitalizations for patients who left against medical advice&#xA;Inpatient hospitalizations for patients who expired&#xA;Inpatient hospitalizations for patients discharged to home for hospice care&#xA;Inpatient hospitalizations for patients discharged to a health care facility for hospice care&#xA;Inpatient hospitalizations for patients with comfort measures documented"
                xsi:type="ED"/>
      </measureAttribute>
   </subjectOf>
   <subjectOf>
      <measureAttribute>
         <code code="NUMER" codeSystem="2.16.840.1.113883.5.4">
            <displayName value="Numerator"/>
         </code>
         <value mediaType="text/plain"
                value="Inpatient hospitalizations for patients prescribed or continuing to take statin medication at hospital discharge"
                xsi:type="ED"/>
      </measureAttribute>
   </subjectOf>
   <subjectOf>
      <measureAttribute>
         <code code="NUMEX" codeSystem="2.16.840.1.113883.5.4">
            <displayName value="Numerator Exclusions"/>
         </code>
         <value mediaType="text/plain" value="Not Applicable" xsi:type="ED"/>
      </measureAttribute>
   </subjectOf>
   <subjectOf>
      <measureAttribute>
         <code code="DENEXCEP" codeSystem="2.16.840.1.113883.5.4">
            <displayName value="Denominator Exceptions"/>
         </code>
         <value mediaType="text/plain"
                value="Inpatient hospitalizations for patients with a reason for not prescribing statin medication at discharge&#xA;Inpatient hospitalizations for patients with a maximum LDL-c result of  less than 70 mg/dL &lt;= 30 days prior to arrival or any time during the hospital stay&#xA;Inpatient hospitalizations for patients with a statin allergy"
                xsi:type="ED"/>
      </measureAttribute>
   </subjectOf>
   <subjectOf>
      <measureAttribute>
         <code code="SDE" codeSystem="2.16.840.1.113883.5.4">
            <displayName value="Supplemental Data Elements"/>
         </code>
         <value mediaType="text/plain"
                value="For every patient evaluated by this measure also identify payer, race, ethnicity and sex"
                xsi:type="ED"/>
      </measureAttribute>
   </subjectOf>
   <componentOf>
      <qualityMeasureSet classCode="ACT">
         <id root=""/>
         <title value="eMeasure Stroke (eSTK)"/>
      </qualityMeasureSet>
   </componentOf>
   <!--Data Criteria Section-->
   <component>
      <dataCriteriaSection>
         <templateId>
            <item extension="2019-05-01" root="2.16.840.1.113883.10.20.28.2.6"/>
         </templateId>
         <code code="57025-9" codeSystem="2.16.840.1.113883.6.1"/>
         <title value="Data Criteria Section"/>
         <text/>
         <entry typeCode="DRIV">
            <localVariableName value="Payer_PatientCharacteristicPayer_BKkpL"/>
            <observationCriteria classCode="OBS" moodCode="EVN">
               <templateId>
                  <item extension="2017-05-01" root="2.16.840.1.113883.10.20.28.4.58"/>
               </templateId>
               <id extension="Payer_PatientCharacteristicPayer"
                   root="36fd4ba6-82bb-465d-b8fb-6c646c9b6694"/>
               <code code="48768-6" codeSystem="2.16.840.1.113883.6.1" codeSystemName="LOINC">
                  <displayName value="Payer"/>
               </code>
               <title value="Patient Characteristic Payer"/>
               <statusCode code="COMPLETED"/>
               <value valueSet="2.16.840.1.114222.4.11.3591" xsi:type="CD"/>
            </observationCriteria>
         </entry>
         <entry typeCode="DRIV">
            <localVariableName value="ONCAdministrativeSex_PatientCharacteristicSex_0Jb9H"/>
            <observationCriteria classCode="OBS" moodCode="EVN">
               <templateId>
                  <item extension="2017-05-01" root="2.16.840.1.113883.10.20.28.4.55"/>
               </templateId>
               <id extension="ONCAdministrativeSex_PatientCharacteristicSex"
                   root="d49cd9e5-9c50-4cd4-902a-72d0853712a8"/>
               <code code="263495000" codeSystem="2.16.840.1.113883.6.96" codeSystemName="SNOMED CT">
                  <displayName value="Gender"/>
               </code>
               <title value="Patient Characteristic Sex"/>
               <statusCode code="COMPLETED"/>
               <value valueSet="2.16.840.1.113762.1.4.1" xsi:type="CD"/>
            </observationCriteria>
         </entry>
         <entry typeCode="DRIV">
            <localVariableName value="Ethnicity_PatientCharacteristicEthnicity_46JGG"/>
            <observationCriteria classCode="OBS" moodCode="EVN">
               <templateId>
                  <item extension="2017-05-01" root="2.16.840.1.113883.10.20.28.4.56"/>
               </templateId>
               <id extension="Ethnicity_PatientCharacteristicEthnicity"
                   root="380a2a33-241c-4fd8-bd11-bf7e73949fba"/>
               <code code="54133-4" codeSystem="2.16.840.1.113883.6.1" codeSystemName="LOINC">
                  <displayName value="Ethnicity"/>
               </code>
               <title value="Patient Characteristic Ethnicity"/>
               <statusCode code="COMPLETED"/>
               <value valueSet="2.16.840.1.114222.4.11.837" xsi:type="CD"/>
            </observationCriteria>
         </entry>
         <entry typeCode="DRIV">
            <localVariableName value="ComfortMeasures_InterventionOrder_jADyW"/>
            <actCriteria classCode="ACT" moodCode="RQO">
               <templateId>
                  <item extension="2019-05-01" root="2.16.840.1.113883.10.20.28.4.35"/>
               </templateId>
               <id extension="ComfortMeasures_InterventionOrder"
                   root="3637ec90-b43f-409c-81b3-26b19aed477f"/>
               <code valueSet="1.3.6.1.4.1.33895.1.3.0.45"/>
               <title value="Intervention, Order"/>
               <statusCode code="ACTIVE"/>
            </actCriteria>
         </entry>
         <entry typeCode="DRIV">
            <localVariableName value="ComfortMeasures_InterventionPerformed_0E7gF"/>
            <actCriteria classCode="ACT" moodCode="EVN">
               <templateId>
                  <item extension="2019-05-01" root="2.16.840.1.113883.10.20.28.4.36"/>
               </templateId>
               <id extension="ComfortMeasures_InterventionPerformed"
                   root="3637ec90-b43f-409c-81b3-26b19aed477f"/>
               <code valueSet="1.3.6.1.4.1.33895.1.3.0.45"/>
               <title value="Intervention, Performed"/>
               <statusCode code="COMPLETED"/>
            </actCriteria>
         </entry>
         <entry typeCode="DRIV">
            <localVariableName value="ObservationServices_EncounterPerformed_4YToi"/>
            <encounterCriteria classCode="ENC" moodCode="EVN">
               <templateId>
                  <item extension="2019-05-01" root="2.16.840.1.113883.10.20.28.4.5"/>
               </templateId>
               <id extension="ObservationServices_EncounterPerformed"
                   root="215b8958-753d-4e97-88e4-80e69c50bd14"/>
               <code valueSet="2.16.840.1.113762.1.4.1111.143"/>
               <title value="Encounter, Performed"/>
               <statusCode code="COMPLETED"/>
            </encounterCriteria>
         </entry>
         <entry typeCode="DRIV">
            <localVariableName value="LDL-c_LaboratoryTestPerformed_pBFsY"/>
            <observationCriteria classCode="OBS" moodCode="EVN">
               <templateId>
                  <item extension="2019-05-01" root="2.16.840.1.113883.10.20.28.4.42"/>
               </templateId>
               <id extension="LDL-c_LaboratoryTestPerformed"
                   root="bf0a96eb-61ce-4e48-9c74-37cebf6de39c"/>
               <code valueSet="2.16.840.1.113883.3.117.1.7.1.215"/>
               <title value="Laboratory Test, Performed"/>
               <statusCode code="COMPLETED"/>
            </observationCriteria>
         </entry>
         <entry typeCode="DRIV">
            <localVariableName value="Non-ElectiveInpatientEncounter_EncounterPerformed_IqjJR"/>
            <encounterCriteria classCode="ENC" moodCode="EVN">
               <templateId>
                  <item extension="2019-05-01" root="2.16.840.1.113883.10.20.28.4.5"/>
               </templateId>
               <id extension="Non-ElectiveInpatientEncounter_EncounterPerformed"
                   root="f31f4e2b-6cb3-4ed7-bf7e-197bf6453c3f"/>
               <code valueSet="2.16.840.1.113883.3.117.1.7.1.424"/>
               <title value="Encounter, Performed"/>
               <statusCode code="COMPLETED"/>
            </encounterCriteria>
         </entry>
         <entry typeCode="DRIV">
            <localVariableName value="StatinAllergen_Allergy/Intolerance_UaBAv"/>
            <observationCriteria classCode="OBS" moodCode="EVN">
               <templateId>
                  <item extension="2019-05-01" root="2.16.840.1.113883.10.20.28.4.119"/>
               </templateId>
               <id extension="StatinAllergen_Allergy/Intolerance"
                   root="aa1e46e9-16e0-4b10-9624-32684949b772"/>
               <code code="ASSERTION" codeSystem="2.16.840.1.113883.5.4" codeSystemName="ActCode"/>
               <title value="Allergy/Intolerance"/>
               <statusCode code="COMPLETED"/>
               <value code="106190000" codeSystem="2.16.840.1.113883.6.96" xsi:type="CD"/>
			            <participation typeCode="CSM">
                  <role classCode="MANU">
                     <playingEntity classCode="MMAT" determinerCode="KIND">
                        <code valueSet="2.16.840.1.113762.1.4.1110.42"/>
                     </playingEntity>
                  </role>
               </participation>
		          </observationCriteria>
         </entry>
         <entry typeCode="DRIV">
            <localVariableName value="Race_PatientCharacteristicRace_TPHRw"/>
            <observationCriteria classCode="OBS" moodCode="EVN">
               <templateId>
                  <item extension="2017-05-01" root="2.16.840.1.113883.10.20.28.4.59"/>
               </templateId>
               <id extension="Race_PatientCharacteristicRace"
                   root="9abb6b0c-2c3a-4fd4-ae64-2ca0a18f4362"/>
               <code code="32624-9" codeSystem="2.16.840.1.113883.6.1" codeSystemName="LOINC">
                  <displayName value="Race"/>
               </code>
               <title value="Patient Characteristic Race"/>
               <statusCode code="COMPLETED"/>
               <value valueSet="2.16.840.1.114222.4.11.836" xsi:type="CD"/>
            </observationCriteria>
         </entry>
         <entry typeCode="DRIV">
            <localVariableName value="StatinGrouper_MedicationNotDischarged_5tZUp"/>
            <substanceAdministrationCriteria actionNegationInd="TRUE" classCode="SBADM" moodCode="RQO">
               <templateId>
                  <item extension="2019-05-01" root="2.16.840.1.113883.10.20.28.4.48"/>
               </templateId>
               <id extension="StatinGrouper_MedicationNotDischarged"
                   root="5cf13dc0-47ae-4b23-9f86-684b1b1d8e38"/>
               <code code="10183-2" codeSystem="2.16.840.1.113883.6.1"/>
               <title value="Medication, Not Discharged"/>
               <statusCode code="ACTIVE"/>
			            <participation typeCode="CSM">
                  <role classCode="MANU">
                     <playingManufacturedMaterial classCode="MMAT" determinerCode="KIND">
                        <code valueSet="2.16.840.1.113762.1.4.1110.19"/>
                     </playingManufacturedMaterial>
                  </role>
               </participation>
		          </substanceAdministrationCriteria>
         </entry>
         <entry typeCode="DRIV">
            <localVariableName value="StatinGrouper_MedicationDischarge_WEgMc"/>
            <substanceAdministrationCriteria classCode="SBADM" moodCode="RQO">
               <templateId>
                  <item extension="2019-05-01" root="2.16.840.1.113883.10.20.28.4.48"/>
               </templateId>
               <id extension="StatinGrouper_MedicationDischarge"
                   root="5cf13dc0-47ae-4b23-9f86-684b1b1d8e38"/>
               <code code="10183-2" codeSystem="2.16.840.1.113883.6.1"/>
               <title value="Medication, Discharge"/>
               <statusCode code="ACTIVE"/>
			            <participation typeCode="CSM">
                  <role classCode="MANU">
                     <playingManufacturedMaterial classCode="MMAT" determinerCode="KIND">
                        <code valueSet="2.16.840.1.113762.1.4.1110.19"/>
                     </playingManufacturedMaterial>
                  </role>
               </participation>
		          </substanceAdministrationCriteria>
         </entry>
         <entry typeCode="DRIV">
            <localVariableName value="EmergencyDepartmentVisit_EncounterPerformed_CcMhA"/>
            <encounterCriteria classCode="ENC" moodCode="EVN">
               <templateId>
                  <item extension="2019-05-01" root="2.16.840.1.113883.10.20.28.4.5"/>
               </templateId>
               <id extension="EmergencyDepartmentVisit_EncounterPerformed"
                   root="943fd468-a486-47eb-bcef-69bbc31a73a0"/>
               <code valueSet="2.16.840.1.113883.3.117.1.7.1.292"/>
               <title value="Encounter, Performed"/>
               <statusCode code="COMPLETED"/>
            </encounterCriteria>
         </entry>
         <entry typeCode="DRIV">
            <observationCriteria classCode="OBS" moodCode="EVN">
               <templateId>
                  <item extension="2017-05-01" root="2.16.840.1.113883.10.20.28.4.54"/>
               </templateId>
               <id extension="21112-8_PatientCharacteristicBirthdate"
                   root="C982CB54-9A25-4B30-BE05-87278AAF745C"/>
               <code code="21112-8" codeSystem="2.16.840.1.113883.6.1" codeSystemName="LOINC"/>
               <title value="Patient Characteristic Birthdate"/>
               <statusCode code="COMPLETED"/>
            </observationCriteria>
         </entry>
      </dataCriteriaSection>
   </component>
   <component>
      <populationCriteriaSection>
         <templateId>
            <item extension="2017-08-01" root="2.16.840.1.113883.10.20.28.2.7"/>
         </templateId>
         <id extension="PopulationCriteria1" root="6465DD7C-B3AF-44CD-9ED1-FB6108DF6A02"/>
         <code code="57026-7" codeSystem="2.16.840.1.113883.6.1"/>
         <title value="Population Criteria Section"/>
         <text/>
         <component typeCode="COMP">
            <initialPopulationCriteria classCode="OBS" moodCode="EVN">
               <id extension="initialPopulation" root="A5B4CD99-D6EE-4A9F-B680-6589734917DC"/>
               <code code="IPOP" codeSystem="2.16.840.1.113883.5.4" codeSystemName="Act Code"/>
               <precondition typeCode="PRCN">
                  <criteriaReference classCode="OBS" moodCode="EVN">
                     <id extension="DischargedonStatinMedication.&quot;Initial Population&quot;"
                         root="23877679-91EB-4EBB-851F-9F4AE2B7C211"/>
                  </criteriaReference>
               </precondition>
            </initialPopulationCriteria>
         </component>
         <component typeCode="COMP">
            <denominatorCriteria classCode="OBS" moodCode="EVN">
               <id extension="denominator" root="BF5DF0E2-59F8-4688-A2BD-79359F503F31"/>
               <code code="DENOM" codeSystem="2.16.840.1.113883.5.4" codeSystemName="Act Code"/>
               <precondition typeCode="PRCN">
                  <criteriaReference classCode="OBS" moodCode="EVN">
                     <id extension="DischargedonStatinMedication.&quot;Denominator&quot;"
                         root="23877679-91EB-4EBB-851F-9F4AE2B7C211"/>
                  </criteriaReference>
               </precondition>
            </denominatorCriteria>
         </component>
         <component typeCode="COMP">
            <denominatorExclusionCriteria classCode="OBS" moodCode="EVN">
               <id extension="denominatorExclusions" root="0FDD7CA0-1F7E-4217-AC3F-385A02911165"/>
               <code code="DENEX" codeSystem="2.16.840.1.113883.5.4" codeSystemName="Act Code"/>
               <precondition typeCode="PRCN">
                  <criteriaReference classCode="OBS" moodCode="EVN">
                     <id extension="DischargedonStatinMedication.&quot;Denominator Exclusions&quot;"
                         root="23877679-91EB-4EBB-851F-9F4AE2B7C211"/>
                  </criteriaReference>
               </precondition>
            </denominatorExclusionCriteria>
         </component>
         <component typeCode="COMP">
            <denominatorExceptionCriteria classCode="OBS" moodCode="EVN">
               <id extension="denominatorExceptions" root="B5BF12AE-143E-4806-99A9-532AD92DC409"/>
               <code code="DENEXCEP" codeSystem="2.16.840.1.113883.5.4" codeSystemName="Act Code"/>
               <precondition typeCode="PRCN">
                  <criteriaReference classCode="OBS" moodCode="EVN">
                     <id extension="DischargedonStatinMedication.&quot;Denominator Exceptions&quot;"
                         root="23877679-91EB-4EBB-851F-9F4AE2B7C211"/>
                  </criteriaReference>
               </precondition>
            </denominatorExceptionCriteria>
         </component>
         <component typeCode="COMP">
            <numeratorCriteria classCode="OBS" moodCode="EVN">
               <id extension="numerator" root="32F13714-9A28-4009-9E45-6F7650269071"/>
               <code code="NUMER" codeSystem="2.16.840.1.113883.5.4" codeSystemName="Act Code"/>
               <precondition typeCode="PRCN">
                  <criteriaReference classCode="OBS" moodCode="EVN">
                     <id extension="DischargedonStatinMedication.&quot;Numerator&quot;"
                         root="23877679-91EB-4EBB-851F-9F4AE2B7C211"/>
                  </criteriaReference>
               </precondition>
            </numeratorCriteria>
         </component>
         <component typeCode="COMP">
            <cql-ext:supplementalDataElement>
               <id extension="Supplemental Data Elements"
                   root="21E56B9D-7027-44E7-A51E-8A13481D17DE"/>
               <code code="SDE" codeSystem="2.16.840.1.113883.5.4" codeSystemName="Act Code"/>
               <precondition typeCode="PRCN">
                  <criteriaReference classCode="OBS" moodCode="EVN">
                     <id extension="DischargedonStatinMedication.&quot;SDE Ethnicity&quot;"
                         root="23877679-91EB-4EBB-851F-9F4AE2B7C211"/>
                  </criteriaReference>
               </precondition>
            </cql-ext:supplementalDataElement>
         </component>
         <component typeCode="COMP">
            <cql-ext:supplementalDataElement>
               <id extension="Supplemental Data Elements"
                   root="9C6D23AB-C559-4FDD-A042-9C47F97C7CD5"/>
               <code code="SDE" codeSystem="2.16.840.1.113883.5.4" codeSystemName="Act Code"/>
               <precondition typeCode="PRCN">
                  <criteriaReference classCode="OBS" moodCode="EVN">
                     <id extension="DischargedonStatinMedication.&quot;SDE Payer&quot;"
                         root="23877679-91EB-4EBB-851F-9F4AE2B7C211"/>
                  </criteriaReference>
               </precondition>
            </cql-ext:supplementalDataElement>
         </component>
         <component typeCode="COMP">
            <cql-ext:supplementalDataElement>
               <id extension="Supplemental Data Elements"
                   root="312002E7-4A5B-4156-BFBF-3181A93B53CF"/>
               <code code="SDE" codeSystem="2.16.840.1.113883.5.4" codeSystemName="Act Code"/>
               <precondition typeCode="PRCN">
                  <criteriaReference classCode="OBS" moodCode="EVN">
                     <id extension="DischargedonStatinMedication.&quot;SDE Race&quot;"
                         root="23877679-91EB-4EBB-851F-9F4AE2B7C211"/>
                  </criteriaReference>
               </precondition>
            </cql-ext:supplementalDataElement>
         </component>
         <component typeCode="COMP">
            <cql-ext:supplementalDataElement>
               <id extension="Supplemental Data Elements"
                   root="98E6C5A6-CED3-474B-8FB2-F223E2C5B41E"/>
               <code code="SDE" codeSystem="2.16.840.1.113883.5.4" codeSystemName="Act Code"/>
               <precondition typeCode="PRCN">
                  <criteriaReference classCode="OBS" moodCode="EVN">
                     <id extension="DischargedonStatinMedication.&quot;SDE Sex&quot;"
                         root="23877679-91EB-4EBB-851F-9F4AE2B7C211"/>
                  </criteriaReference>
               </precondition>
            </cql-ext:supplementalDataElement>
         </component>
      </populationCriteriaSection>
   </component>
</QualityMeasureDocument>