{
   "library" : {
      "identifier" : {
         "id" : "DischargedonStatinMedication",
         "version" : "9.1.000"
      },
      "schemaIdentifier" : {
         "id" : "urn:hl7-org:elm",
         "version" : "r1"
      },
      "usings" : {
         "def" : [ {
            "localIdentifier" : "System",
            "uri" : "urn:hl7-org:elm-types:r1"
         }, {
            "localId" : "1",
            "locator" : "3:1-3:23",
            "localIdentifier" : "QDM",
            "uri" : "urn:healthit-gov:qdm:v5_5",
            "version" : "5.5"
         } ]
      },
      "includes" : {
         "def" : [ {
            "localId" : "2",
            "locator" : "5:1-5:64",
            "localIdentifier" : "Global",
            "path" : "MATGlobalCommonFunctions",
            "version" : "5.0.000"
         }, {
            "localId" : "3",
            "locator" : "6:1-6:48",
            "localIdentifier" : "TJC",
            "path" : "TJC_Overall",
            "version" : "4.4.000"
         } ]
      },
      "valueSets" : {
         "def" : [ {
            "localId" : "4",
            "locator" : "8:1-8:58",
            "name" : "Ethnicity",
            "id" : "urn:oid:2.16.840.1.114222.4.11.837",
            "accessLevel" : "Public"
         }, {
            "localId" : "5",
            "locator" : "9:1-9:61",
            "name" : "LDL-c",
            "id" : "urn:oid:2.16.840.1.113883.3.117.1.7.1.215",
            "accessLevel" : "Public"
         }, {
            "localId" : "6",
            "locator" : "10:1-10:70",
            "name" : "Medical Reason",
            "id" : "urn:oid:2.16.840.1.113883.3.117.1.7.1.473",
            "accessLevel" : "Public"
         }, {
            "localId" : "7",
            "locator" : "11:1-11:68",
            "name" : "ONC Administrative Sex",
            "id" : "urn:oid:2.16.840.1.113762.1.4.1",
            "accessLevel" : "Public"
         }, {
            "localId" : "8",
            "locator" : "12:1-12:70",
            "name" : "Patient Refusal",
            "id" : "urn:oid:2.16.840.1.113883.3.117.1.7.1.93",
            "accessLevel" : "Public"
         }, {
            "localId" : "9",
            "locator" : "13:1-13:55",
            "name" : "Payer",
            "id" : "urn:oid:2.16.840.1.114222.4.11.3591",
            "accessLevel" : "Public"
         }, {
            "localId" : "10",
            "locator" : "14:1-14:53",
            "name" : "Race",
            "id" : "urn:oid:2.16.840.1.114222.4.11.836",
            "accessLevel" : "Public"
         }, {
            "localId" : "11",
            "locator" : "15:1-15:67",
            "name" : "Statin Allergen",
            "id" : "urn:oid:2.16.840.1.113762.1.4.1110.42",
            "accessLevel" : "Public"
         }, {
            "localId" : "12",
            "locator" : "16:1-16:66",
            "name" : "Statin Grouper",
            "id" : "urn:oid:2.16.840.1.113762.1.4.1110.19",
            "accessLevel" : "Public"
         } ]
      },
      "statements" : {
         "def" : [ {
            "locator" : "18:1-18:15",
            "name" : "Patient",
            "context" : "Patient",
            "expression" : {
               "type" : "SingletonFrom",
               "operand" : {
                  "locator" : "18:1-18:15",
                  "dataType" : "{urn:healthit-gov:qdm:v5_5}Patient",
                  "templateId" : "Patient",
                  "type" : "Retrieve"
               }
            }
         }, {
            "localId" : "14",
            "locator" : "20:1-21:51",
            "name" : "SDE Ethnicity",
            "context" : "Patient",
            "accessLevel" : "Public",
            "annotation" : [ {
               "type" : "Annotation",
               "s" : {
                  "r" : "14",
                  "s" : [ {
                     "value" : [ "define ","\"SDE Ethnicity\"",":\n  " ]
                  }, {
                     "r" : "13",
                     "s" : [ {
                        "value" : [ "[","\"Patient Characteristic Ethnicity\"",": " ]
                     }, {
                        "s" : [ {
                           "value" : [ "\"Ethnicity\"" ]
                        } ]
                     }, {
                        "value" : [ "]" ]
                     } ]
                  } ]
               }
            } ],
            "expression" : {
               "localId" : "13",
               "locator" : "21:3-21:51",
               "dataType" : "{urn:healthit-gov:qdm:v5_5}PatientCharacteristicEthnicity",
               "codeProperty" : "code",
               "type" : "Retrieve",
               "codes" : {
                  "locator" : "21:40-21:50",
                  "name" : "Ethnicity",
                  "type" : "ValueSetRef"
               }
            }
         }, {
            "localId" : "16",
            "locator" : "23:1-24:43",
            "name" : "SDE Payer",
            "context" : "Patient",
            "accessLevel" : "Public",
            "annotation" : [ {
               "type" : "Annotation",
               "s" : {
                  "r" : "16",
                  "s" : [ {
                     "value" : [ "define ","\"SDE Payer\"",":\n  " ]
                  }, {
                     "r" : "15",
                     "s" : [ {
                        "value" : [ "[","\"Patient Characteristic Payer\"",": " ]
                     }, {
                        "s" : [ {
                           "value" : [ "\"Payer\"" ]
                        } ]
                     }, {
                        "value" : [ "]" ]
                     } ]
                  } ]
               }
            } ],
            "expression" : {
               "localId" : "15",
               "locator" : "24:3-24:43",
               "dataType" : "{urn:healthit-gov:qdm:v5_5}PatientCharacteristicPayer",
               "codeProperty" : "code",
               "type" : "Retrieve",
               "codes" : {
                  "locator" : "24:36-24:42",
                  "name" : "Payer",
                  "type" : "ValueSetRef"
               }
            }
         }, {
            "localId" : "18",
            "locator" : "26:1-27:41",
            "name" : "SDE Race",
            "context" : "Patient",
            "accessLevel" : "Public",
            "annotation" : [ {
               "type" : "Annotation",
               "s" : {
                  "r" : "18",
                  "s" : [ {
                     "value" : [ "define ","\"SDE Race\"",":\n  " ]
                  }, {
                     "r" : "17",
                     "s" : [ {
                        "value" : [ "[","\"Patient Characteristic Race\"",": " ]
                     }, {
                        "s" : [ {
                           "value" : [ "\"Race\"" ]
                        } ]
                     }, {
                        "value" : [ "]" ]
                     } ]
                  } ]
               }
            } ],
            "expression" : {
               "localId" : "17",
               "locator" : "27:3-27:41",
               "dataType" : "{urn:healthit-gov:qdm:v5_5}PatientCharacteristicRace",
               "codeProperty" : "code",
               "type" : "Retrieve",
               "codes" : {
                  "locator" : "27:35-27:40",
                  "name" : "Race",
                  "type" : "ValueSetRef"
               }
            }
         }, {
            "localId" : "20",
            "locator" : "29:1-30:58",
            "name" : "SDE Sex",
            "context" : "Patient",
            "accessLevel" : "Public",
            "annotation" : [ {
               "type" : "Annotation",
               "s" : {
                  "r" : "20",
                  "s" : [ {
                     "value" : [ "define ","\"SDE Sex\"",":\n  " ]
                  }, {
                     "r" : "19",
                     "s" : [ {
                        "value" : [ "[","\"Patient Characteristic Sex\"",": " ]
                     }, {
                        "s" : [ {
                           "value" : [ "\"ONC Administrative Sex\"" ]
                        } ]
                     }, {
                        "value" : [ "]" ]
                     } ]
                  } ]
               }
            } ],
            "expression" : {
               "localId" : "19",
               "locator" : "30:3-30:58",
               "dataType" : "{urn:healthit-gov:qdm:v5_5}PatientCharacteristicSex",
               "codeProperty" : "code",
               "type" : "Retrieve",
               "codes" : {
                  "locator" : "30:34-30:57",
                  "name" : "ONC Administrative Sex",
                  "type" : "ValueSetRef"
               }
            }
         }, {
            "localId" : "22",
            "locator" : "32:1-33:44",
            "name" : "Statin Allergy",
            "context" : "Patient",
            "accessLevel" : "Public",
            "annotation" : [ {
               "type" : "Annotation",
               "s" : {
                  "r" : "22",
                  "s" : [ {
                     "value" : [ "define ","\"Statin Allergy\"",":\n  " ]
                  }, {
                     "r" : "21",
                     "s" : [ {
                        "value" : [ "[","\"Allergy/Intolerance\"",": " ]
                     }, {
                        "s" : [ {
                           "value" : [ "\"Statin Allergen\"" ]
                        } ]
                     }, {
                        "value" : [ "]" ]
                     } ]
                  } ]
               }
            } ],
            "expression" : {
               "localId" : "21",
               "locator" : "33:3-33:44",
               "dataType" : "{urn:healthit-gov:qdm:v5_5}AllergyIntolerance",
               "codeProperty" : "code",
               "type" : "Retrieve",
               "codes" : {
                  "locator" : "33:27-33:43",
                  "name" : "Statin Allergen",
                  "type" : "ValueSetRef"
               }
            }
         }, {
            "localId" : "24",
            "locator" : "35:1-36:45",
            "name" : "Statin at Discharge",
            "context" : "Patient",
            "accessLevel" : "Public",
            "annotation" : [ {
               "type" : "Annotation",
               "s" : {
                  "r" : "24",
                  "s" : [ {
                     "value" : [ "define ","\"Statin at Discharge\"",":\n  " ]
                  }, {
                     "r" : "23",
                     "s" : [ {
                        "value" : [ "[","\"Medication, Discharge\"",": " ]
                     }, {
                        "s" : [ {
                           "value" : [ "\"Statin Grouper\"" ]
                        } ]
                     }, {
                        "value" : [ "]" ]
                     } ]
                  } ]
               }
            } ],
            "expression" : {
               "localId" : "23",
               "locator" : "36:3-36:45",
               "dataType" : "{urn:healthit-gov:qdm:v5_5}PositiveMedicationDischarge",
               "templateId" : "PositiveMedicationDischarge",
               "codeProperty" : "code",
               "type" : "Retrieve",
               "codes" : {
                  "locator" : "36:29-36:44",
                  "name" : "Statin Grouper",
                  "type" : "ValueSetRef"
               }
            }
         }, {
            "localId" : "37",
            "locator" : "38:1-41:65",
            "name" : "Statin Not Given at Discharge",
            "context" : "Patient",
            "accessLevel" : "Public",
            "annotation" : [ {
               "type" : "Annotation",
               "s" : {
                  "r" : "37",
                  "s" : [ {
                     "value" : [ "define ","\"Statin Not Given at Discharge\"",":\n  " ]
                  }, {
                     "r" : "36",
                     "s" : [ {
                        "s" : [ {
                           "r" : "26",
                           "s" : [ {
                              "r" : "25",
                              "s" : [ {
                                 "r" : "25",
                                 "s" : [ {
                                    "value" : [ "[","\"Medication, Not Discharged\"",": " ]
                                 }, {
                                    "s" : [ {
                                       "value" : [ "\"Statin Grouper\"" ]
                                    } ]
                                 }, {
                                    "value" : [ "]" ]
                                 } ]
                              } ]
                           }, {
                              "value" : [ " ","NoStatinDischarge" ]
                           } ]
                        } ]
                     }, {
                        "value" : [ "\n    " ]
                     }, {
                        "r" : "35",
                        "s" : [ {
                           "value" : [ "where " ]
                        }, {
                           "r" : "35",
                           "s" : [ {
                              "r" : "30",
                              "s" : [ {
                                 "r" : "28",
                                 "s" : [ {
                                    "r" : "27",
                                    "s" : [ {
                                       "value" : [ "NoStatinDischarge" ]
                                    } ]
                                 }, {
                                    "value" : [ "." ]
                                 }, {
                                    "r" : "28",
                                    "s" : [ {
                                       "value" : [ "negationRationale" ]
                                    } ]
                                 } ]
                              }, {
                                 "value" : [ " in " ]
                              }, {
                                 "r" : "29",
                                 "s" : [ {
                                    "value" : [ "\"Medical Reason\"" ]
                                 } ]
                              } ]
                           }, {
                              "value" : [ "\n      or " ]
                           }, {
                              "r" : "34",
                              "s" : [ {
                                 "r" : "32",
                                 "s" : [ {
                                    "r" : "31",
                                    "s" : [ {
                                       "value" : [ "NoStatinDischarge" ]
                                    } ]
                                 }, {
                                    "value" : [ "." ]
                                 }, {
                                    "r" : "32",
                                    "s" : [ {
                                       "value" : [ "negationRationale" ]
                                    } ]
                                 } ]
                              }, {
                                 "value" : [ " in " ]
                              }, {
                                 "r" : "33",
                                 "s" : [ {
                                    "value" : [ "\"Patient Refusal\"" ]
                                 } ]
                              } ]
                           } ]
                        } ]
                     } ]
                  } ]
               }
            } ],
            "expression" : {
               "localId" : "36",
               "locator" : "39:3-41:65",
               "type" : "Query",
               "source" : [ {
                  "localId" : "26",
                  "locator" : "39:3-39:68",
                  "alias" : "NoStatinDischarge",
                  "expression" : {
                     "localId" : "25",
                     "locator" : "39:3-39:50",
                     "dataType" : "{urn:healthit-gov:qdm:v5_5}NegativeMedicationDischarge",
                     "templateId" : "NegativeMedicationDischarge",
                     "codeProperty" : "code",
                     "type" : "Retrieve",
                     "codes" : {
                        "locator" : "39:34-39:49",
                        "name" : "Statin Grouper",
                        "type" : "ValueSetRef"
                     }
                  }
               } ],
               "relationship" : [ ],
               "where" : {
                  "localId" : "35",
                  "locator" : "40:5-41:65",
                  "type" : "Or",
                  "operand" : [ {
                     "localId" : "30",
                     "locator" : "40:11-40:65",
                     "type" : "InValueSet",
                     "code" : {
                        "localId" : "28",
                        "locator" : "40:11-40:45",
                        "path" : "negationRationale",
                        "scope" : "NoStatinDischarge",
                        "type" : "Property"
                     },
                     "valueset" : {
                        "localId" : "29",
                        "locator" : "40:50-40:65",
                        "name" : "Medical Reason"
                     }
                  }, {
                     "localId" : "34",
                     "locator" : "41:10-41:65",
                     "type" : "InValueSet",
                     "code" : {
                        "localId" : "32",
                        "locator" : "41:10-41:44",
                        "path" : "negationRationale",
                        "scope" : "NoStatinDischarge",
                        "type" : "Property"
                     },
                     "valueset" : {
                        "localId" : "33",
                        "locator" : "41:49-41:65",
                        "name" : "Patient Refusal"
                     }
                  } ]
               }
            }
         }, {
            "localId" : "40",
            "locator" : "43:1-44:33",
            "name" : "Denominator",
            "context" : "Patient",
            "accessLevel" : "Public",
            "annotation" : [ {
               "type" : "Annotation",
               "s" : {
                  "r" : "40",
                  "s" : [ {
                     "value" : [ "define ","\"Denominator\"",":\n  " ]
                  }, {
                     "r" : "39",
                     "s" : [ {
                        "r" : "38",
                        "s" : [ {
                           "value" : [ "TJC" ]
                        } ]
                     }, {
                        "value" : [ "." ]
                     }, {
                        "r" : "39",
                        "s" : [ {
                           "value" : [ "\"Ischemic Stroke Encounter\"" ]
                        } ]
                     } ]
                  } ]
               }
            } ],
            "expression" : {
               "localId" : "39",
               "locator" : "44:3-44:33",
               "name" : "Ischemic Stroke Encounter",
               "libraryName" : "TJC",
               "type" : "ExpressionRef"
            }
         }, {
            "localId" : "43",
            "locator" : "46:1-47:50",
            "name" : "Initial Population",
            "context" : "Patient",
            "accessLevel" : "Public",
            "annotation" : [ {
               "type" : "Annotation",
               "s" : {
                  "r" : "43",
                  "s" : [ {
                     "value" : [ "define ","\"Initial Population\"",":\n  " ]
                  }, {
                     "r" : "42",
                     "s" : [ {
                        "r" : "41",
                        "s" : [ {
                           "value" : [ "TJC" ]
                        } ]
                     }, {
                        "value" : [ "." ]
                     }, {
                        "r" : "42",
                        "s" : [ {
                           "value" : [ "\"Encounter with Principal Diagnosis and Age\"" ]
                        } ]
                     } ]
                  } ]
               }
            } ],
            "expression" : {
               "localId" : "42",
               "locator" : "47:3-47:50",
               "name" : "Encounter with Principal Diagnosis and Age",
               "libraryName" : "TJC",
               "type" : "ExpressionRef"
            }
         }, {
            "localId" : "55",
            "locator" : "49:1-52:92",
            "name" : "Numerator",
            "context" : "Patient",
            "accessLevel" : "Public",
            "annotation" : [ {
               "type" : "Annotation",
               "s" : {
                  "r" : "55",
                  "s" : [ {
                     "value" : [ "define ","\"Numerator\"",":\n  " ]
                  }, {
                     "r" : "54",
                     "s" : [ {
                        "s" : [ {
                           "r" : "45",
                           "s" : [ {
                              "r" : "44",
                              "s" : [ {
                                 "s" : [ {
                                    "value" : [ "TJC",".","\"Ischemic Stroke Encounter\"" ]
                                 } ]
                              } ]
                           }, {
                              "value" : [ " ","IschemicStrokeEncounter" ]
                           } ]
                        } ]
                     }, {
                        "value" : [ "\n    " ]
                     }, {
                        "r" : "53",
                        "s" : [ {
                           "value" : [ "with " ]
                        }, {
                           "r" : "47",
                           "s" : [ {
                              "r" : "46",
                              "s" : [ {
                                 "s" : [ {
                                    "value" : [ "\"Statin at Discharge\"" ]
                                 } ]
                              } ]
                           }, {
                              "value" : [ " ","DischargeStatin" ]
                           } ]
                        }, {
                           "value" : [ "\n      such that " ]
                        }, {
                           "r" : "52",
                           "s" : [ {
                              "r" : "49",
                              "s" : [ {
                                 "r" : "48",
                                 "s" : [ {
                                    "value" : [ "DischargeStatin" ]
                                 } ]
                              }, {
                                 "value" : [ "." ]
                              }, {
                                 "r" : "49",
                                 "s" : [ {
                                    "value" : [ "authorDatetime" ]
                                 } ]
                              } ]
                           }, {
                              "r" : "52",
                              "value" : [ " ","during"," " ]
                           }, {
                              "r" : "51",
                              "s" : [ {
                                 "r" : "50",
                                 "s" : [ {
                                    "value" : [ "IschemicStrokeEncounter" ]
                                 } ]
                              }, {
                                 "value" : [ "." ]
                              }, {
                                 "r" : "51",
                                 "s" : [ {
                                    "value" : [ "relevantPeriod" ]
                                 } ]
                              } ]
                           } ]
                        } ]
                     } ]
                  } ]
               }
            } ],
            "expression" : {
               "localId" : "54",
               "locator" : "50:3-52:92",
               "type" : "Query",
               "source" : [ {
                  "localId" : "45",
                  "locator" : "50:3-50:57",
                  "alias" : "IschemicStrokeEncounter",
                  "expression" : {
                     "localId" : "44",
                     "locator" : "50:3-50:33",
                     "name" : "Ischemic Stroke Encounter",
                     "libraryName" : "TJC",
                     "type" : "ExpressionRef"
                  }
               } ],
               "relationship" : [ {
                  "localId" : "53",
                  "locator" : "51:5-52:92",
                  "alias" : "DischargeStatin",
                  "type" : "With",
                  "expression" : {
                     "localId" : "46",
                     "locator" : "51:10-51:30",
                     "name" : "Statin at Discharge",
                     "type" : "ExpressionRef"
                  },
                  "suchThat" : {
                     "localId" : "52",
                     "locator" : "52:17-52:92",
                     "type" : "In",
                     "operand" : [ {
                        "localId" : "49",
                        "locator" : "52:17-52:46",
                        "path" : "authorDatetime",
                        "scope" : "DischargeStatin",
                        "type" : "Property"
                     }, {
                        "localId" : "51",
                        "locator" : "52:55-52:92",
                        "path" : "relevantPeriod",
                        "scope" : "IschemicStrokeEncounter",
                        "type" : "Property"
                     } ]
                  }
               } ]
            }
         }, {
            "localId" : "84",
            "locator" : "54:1-60:17",
            "name" : "Encounter with Max LDL less than 70 mg per dL",
            "context" : "Patient",
            "accessLevel" : "Public",
            "annotation" : [ {
               "type" : "Annotation",
               "s" : {
                  "r" : "84",
                  "s" : [ {
                     "value" : [ "define ","\"Encounter with Max LDL less than 70 mg per dL\"",":\n  " ]
                  }, {
                     "r" : "83",
                     "s" : [ {
                        "s" : [ {
                           "r" : "57",
                           "s" : [ {
                              "r" : "56",
                              "s" : [ {
                                 "s" : [ {
                                    "value" : [ "TJC",".","\"Ischemic Stroke Encounter\"" ]
                                 } ]
                              } ]
                           }, {
                              "value" : [ " ","IschemicStrokeEncounter" ]
                           } ]
                        } ]
                     }, {
                        "value" : [ "\n    " ]
                     }, {
                        "r" : "82",
                        "s" : [ {
                           "value" : [ "where " ]
                        }, {
                           "r" : "82",
                           "s" : [ {
                              "r" : "80",
                              "s" : [ {
                                 "value" : [ "Max","(" ]
                              }, {
                                 "r" : "79",
                                 "s" : [ {
                                    "s" : [ {
                                       "r" : "59",
                                       "s" : [ {
                                          "r" : "58",
                                          "s" : [ {
                                             "r" : "58",
                                             "s" : [ {
                                                "value" : [ "[","\"Laboratory Test, Performed\"",": " ]
                                             }, {
                                                "s" : [ {
                                                   "value" : [ "\"LDL-c\"" ]
                                                } ]
                                             }, {
                                                "value" : [ "]" ]
                                             } ]
                                          } ]
                                       }, {
                                          "value" : [ " ","Ldl" ]
                                       } ]
                                    } ]
                                 }, {
                                    "value" : [ "\n        " ]
                                 }, {
                                    "r" : "73",
                                    "s" : [ {
                                       "value" : [ "where " ]
                                    }, {
                                       "r" : "73",
                                       "s" : [ {
                                          "r" : "61",
                                          "s" : [ {
                                             "r" : "60",
                                             "s" : [ {
                                                "value" : [ "Ldl" ]
                                             } ]
                                          }, {
                                             "value" : [ "." ]
                                          }, {
                                             "r" : "61",
                                             "s" : [ {
                                                "value" : [ "resultDatetime" ]
                                             } ]
                                          } ]
                                       }, {
                                          "r" : "73",
                                          "value" : [ " ","during"," " ]
                                       }, {
                                          "r" : "72",
                                          "s" : [ {
                                             "value" : [ "Interval[" ]
                                          }, {
                                             "r" : "68",
                                             "s" : [ {
                                                "r" : "62",
                                                "s" : [ {
                                                   "value" : [ "Global" ]
                                                } ]
                                             }, {
                                                "value" : [ "." ]
                                             }, {
                                                "r" : "68",
                                                "s" : [ {
                                                   "value" : [ "\"ToDate\"","(" ]
                                                }, {
                                                   "r" : "67",
                                                   "s" : [ {
                                                      "r" : "65",
                                                      "s" : [ {
                                                         "value" : [ "start of " ]
                                                      }, {
                                                         "r" : "64",
                                                         "s" : [ {
                                                            "r" : "63",
                                                            "s" : [ {
                                                               "value" : [ "IschemicStrokeEncounter" ]
                                                            } ]
                                                         }, {
                                                            "value" : [ "." ]
                                                         }, {
                                                            "r" : "64",
                                                            "s" : [ {
                                                               "value" : [ "relevantPeriod" ]
                                                            } ]
                                                         } ]
                                                      } ]
                                                   }, {
                                                      "value" : [ " - " ]
                                                   }, {
                                                      "r" : "66",
                                                      "s" : [ {
                                                         "value" : [ "30 ","days" ]
                                                      } ]
                                                   } ]
                                                }, {
                                                   "value" : [ ")" ]
                                                } ]
                                             } ]
                                          }, {
                                             "value" : [ ", \n        " ]
                                          }, {
                                             "r" : "71",
                                             "s" : [ {
                                                "value" : [ "end of " ]
                                             }, {
                                                "r" : "70",
                                                "s" : [ {
                                                   "r" : "69",
                                                   "s" : [ {
                                                      "value" : [ "IschemicStrokeEncounter" ]
                                                   } ]
                                                }, {
                                                   "value" : [ "." ]
                                                }, {
                                                   "r" : "70",
                                                   "s" : [ {
                                                      "value" : [ "relevantPeriod" ]
                                                   } ]
                                                } ]
                                             } ]
                                          }, {
                                             "value" : [ "]" ]
                                          } ]
                                       } ]
                                    } ]
                                 }, {
                                    "value" : [ "\n        " ]
                                 }, {
                                    "r" : "78",
                                    "s" : [ {
                                       "value" : [ "return " ]
                                    }, {
                                       "r" : "77",
                                       "s" : [ {
                                          "r" : "75",
                                          "s" : [ {
                                             "r" : "74",
                                             "s" : [ {
                                                "value" : [ "Ldl" ]
                                             } ]
                                          }, {
                                             "value" : [ "." ]
                                          }, {
                                             "r" : "75",
                                             "s" : [ {
                                                "value" : [ "result" ]
                                             } ]
                                          } ]
                                       }, {
                                          "value" : [ " as " ]
                                       }, {
                                          "r" : "76",
                                          "s" : [ {
                                             "value" : [ "Quantity" ]
                                          } ]
                                       } ]
                                    } ]
                                 } ]
                              }, {
                                 "value" : [ "\n    )" ]
                              } ]
                           }, {
                              "value" : [ "<"," " ]
                           }, {
                              "r" : "81",
                              "s" : [ {
                                 "value" : [ "70 ","'mg/dL'" ]
                              } ]
                           } ]
                        } ]
                     } ]
                  } ]
               }
            } ],
            "expression" : {
               "localId" : "83",
               "locator" : "55:3-60:17",
               "type" : "Query",
               "source" : [ {
                  "localId" : "57",
                  "locator" : "55:3-55:57",
                  "alias" : "IschemicStrokeEncounter",
                  "expression" : {
                     "localId" : "56",
                     "locator" : "55:3-55:33",
                     "name" : "Ischemic Stroke Encounter",
                     "libraryName" : "TJC",
                     "type" : "ExpressionRef"
                  }
               } ],
               "relationship" : [ ],
               "where" : {
                  "localId" : "82",
                  "locator" : "56:5-60:17",
                  "type" : "Less",
                  "operand" : [ {
                     "localId" : "80",
                     "locator" : "56:11-60:5",
                     "type" : "Max",
                     "source" : {
                        "localId" : "79",
                        "locator" : "56:15-59:37",
                        "type" : "Query",
                        "source" : [ {
                           "localId" : "59",
                           "locator" : "56:15-56:57",
                           "alias" : "Ldl",
                           "expression" : {
                              "localId" : "58",
                              "locator" : "56:15-56:53",
                              "dataType" : "{urn:healthit-gov:qdm:v5_5}PositiveLaboratoryTestPerformed",
                              "templateId" : "PositiveLaboratoryTestPerformed",
                              "codeProperty" : "code",
                              "type" : "Retrieve",
                              "codes" : {
                                 "locator" : "56:46-56:52",
                                 "name" : "LDL-c",
                                 "type" : "ValueSetRef"
                              }
                           }
                        } ],
                        "relationship" : [ ],
                        "where" : {
                           "localId" : "73",
                           "locator" : "57:9-58:54",
                           "type" : "In",
                           "operand" : [ {
                              "localId" : "61",
                              "locator" : "57:15-57:32",
                              "path" : "resultDatetime",
                              "scope" : "Ldl",
                              "type" : "Property"
                           }, {
                              "localId" : "72",
                              "locator" : "57:41-58:54",
                              "lowClosed" : true,
                              "highClosed" : true,
                              "type" : "Interval",
                              "low" : {
                                 "localId" : "68",
                                 "locator" : "57:50-57:123",
                                 "name" : "ToDate",
                                 "libraryName" : "Global",
                                 "type" : "FunctionRef",
                                 "operand" : [ {
                                    "localId" : "67",
                                    "locator" : "57:66-57:122",
                                    "type" : "Subtract",
                                    "operand" : [ {
                                       "localId" : "65",
                                       "locator" : "57:66-57:112",
                                       "type" : "Start",
                                       "operand" : {
                                          "localId" : "64",
                                          "locator" : "57:75-57:112",
                                          "path" : "relevantPeriod",
                                          "scope" : "IschemicStrokeEncounter",
                                          "type" : "Property"
                                       }
                                    }, {
                                       "localId" : "66",
                                       "locator" : "57:116-57:122",
                                       "value" : 30,
                                       "unit" : "days",
                                       "type" : "Quantity"
                                    } ]
                                 } ]
                              },
                              "high" : {
                                 "localId" : "71",
                                 "locator" : "58:9-58:53",
                                 "type" : "End",
                                 "operand" : {
                                    "localId" : "70",
                                    "locator" : "58:16-58:53",
                                    "path" : "relevantPeriod",
                                    "scope" : "IschemicStrokeEncounter",
                                    "type" : "Property"
                                 }
                              }
                           } ]
                        },
                        "return" : {
                           "localId" : "78",
                           "locator" : "59:9-59:37",
                           "expression" : {
                              "localId" : "77",
                              "locator" : "59:16-59:37",
                              "strict" : false,
                              "type" : "As",
                              "operand" : {
                                 "localId" : "75",
                                 "locator" : "59:16-59:25",
                                 "path" : "result",
                                 "scope" : "Ldl",
                                 "type" : "Property"
                              },
                              "asTypeSpecifier" : {
                                 "localId" : "76",
                                 "locator" : "59:30-59:37",
                                 "name" : "{urn:hl7-org:elm-types:r1}Quantity",
                                 "type" : "NamedTypeSpecifier"
                              }
                           }
                        }
                     }
                  }, {
                     "localId" : "81",
                     "locator" : "60:8-60:17",
                     "value" : 70,
                     "unit" : "mg/dL",
                     "type" : "Quantity"
                  } ]
               }
            }
         }, {
            "localId" : "111",
            "locator" : "62:1-72:57",
            "name" : "Denominator Exceptions",
            "context" : "Patient",
            "accessLevel" : "Public",
            "annotation" : [ {
               "type" : "Annotation",
               "s" : {
                  "r" : "111",
                  "s" : [ {
                     "value" : [ "define ","\"Denominator Exceptions\"",":\n  " ]
                  }, {
                     "r" : "110",
                     "s" : [ {
                        "r" : "108",
                        "s" : [ {
                           "r" : "95",
                           "s" : [ {
                              "value" : [ "( " ]
                           }, {
                              "r" : "95",
                              "s" : [ {
                                 "s" : [ {
                                    "r" : "86",
                                    "s" : [ {
                                       "r" : "85",
                                       "s" : [ {
                                          "s" : [ {
                                             "value" : [ "TJC",".","\"Ischemic Stroke Encounter\"" ]
                                          } ]
                                       } ]
                                    }, {
                                       "value" : [ " ","IschemicStrokeEncounter" ]
                                    } ]
                                 } ]
                              }, {
                                 "value" : [ "\n      " ]
                              }, {
                                 "r" : "94",
                                 "s" : [ {
                                    "value" : [ "with " ]
                                 }, {
                                    "r" : "88",
                                    "s" : [ {
                                       "r" : "87",
                                       "s" : [ {
                                          "s" : [ {
                                             "value" : [ "\"Statin Not Given at Discharge\"" ]
                                          } ]
                                       } ]
                                    }, {
                                       "value" : [ " ","NoDischargeStatin" ]
                                    } ]
                                 }, {
                                    "value" : [ "\n        such that " ]
                                 }, {
                                    "r" : "93",
                                    "s" : [ {
                                       "r" : "90",
                                       "s" : [ {
                                          "r" : "89",
                                          "s" : [ {
                                             "value" : [ "NoDischargeStatin" ]
                                          } ]
                                       }, {
                                          "value" : [ "." ]
                                       }, {
                                          "r" : "90",
                                          "s" : [ {
                                             "value" : [ "authorDatetime" ]
                                          } ]
                                       } ]
                                    }, {
                                       "r" : "93",
                                       "value" : [ " ","during"," " ]
                                    }, {
                                       "r" : "92",
                                       "s" : [ {
                                          "r" : "91",
                                          "s" : [ {
                                             "value" : [ "IschemicStrokeEncounter" ]
                                          } ]
                                       }, {
                                          "value" : [ "." ]
                                       }, {
                                          "r" : "92",
                                          "s" : [ {
                                             "value" : [ "relevantPeriod" ]
                                          } ]
                                       } ]
                                    } ]
                                 } ]
                              } ]
                           }, {
                              "value" : [ "\n  )" ]
                           } ]
                        }, {
                           "value" : [ "\n    union " ]
                        }, {
                           "r" : "107",
                           "s" : [ {
                              "value" : [ "( " ]
                           }, {
                              "r" : "107",
                              "s" : [ {
                                 "s" : [ {
                                    "r" : "97",
                                    "s" : [ {
                                       "r" : "96",
                                       "s" : [ {
                                          "s" : [ {
                                             "value" : [ "TJC",".","\"Ischemic Stroke Encounter\"" ]
                                          } ]
                                       } ]
                                    }, {
                                       "value" : [ " ","IschemicStrokeEncounter" ]
                                    } ]
                                 } ]
                              }, {
                                 "value" : [ "\n        " ]
                              }, {
                                 "r" : "106",
                                 "s" : [ {
                                    "value" : [ "with " ]
                                 }, {
                                    "r" : "99",
                                    "s" : [ {
                                       "r" : "98",
                                       "s" : [ {
                                          "s" : [ {
                                             "value" : [ "\"Statin Allergy\"" ]
                                          } ]
                                       } ]
                                    }, {
                                       "value" : [ " ","StatinAllergy" ]
                                    } ]
                                 }, {
                                    "value" : [ "\n          such that " ]
                                 }, {
                                    "r" : "105",
                                    "s" : [ {
                                       "r" : "101",
                                       "s" : [ {
                                          "r" : "100",
                                          "s" : [ {
                                             "value" : [ "StatinAllergy" ]
                                          } ]
                                       }, {
                                          "value" : [ "." ]
                                       }, {
                                          "r" : "101",
                                          "s" : [ {
                                             "value" : [ "prevalencePeriod" ]
                                          } ]
                                       } ]
                                    }, {
                                       "r" : "105",
                                       "value" : [ " ","starts on or before"," \n          " ]
                                    }, {
                                       "r" : "104",
                                       "s" : [ {
                                          "value" : [ "end of " ]
                                       }, {
                                          "r" : "103",
                                          "s" : [ {
                                             "r" : "102",
                                             "s" : [ {
                                                "value" : [ "IschemicStrokeEncounter" ]
                                             } ]
                                          }, {
                                             "value" : [ "." ]
                                          }, {
                                             "r" : "103",
                                             "s" : [ {
                                                "value" : [ "relevantPeriod" ]
                                             } ]
                                          } ]
                                       } ]
                                    } ]
                                 } ]
                              } ]
                           }, {
                              "value" : [ "\n    )" ]
                           } ]
                        } ]
                     }, {
                        "value" : [ "\n    union " ]
                     }, {
                        "r" : "109",
                        "s" : [ {
                           "value" : [ "\"Encounter with Max LDL less than 70 mg per dL\"" ]
                        } ]
                     } ]
                  } ]
               }
            } ],
            "expression" : {
               "localId" : "110",
               "locator" : "63:3-72:57",
               "type" : "Union",
               "operand" : [ {
                  "localId" : "108",
                  "locator" : "63:3-71:5",
                  "type" : "Union",
                  "operand" : [ {
                     "localId" : "95",
                     "locator" : "63:3-66:3",
                     "type" : "Query",
                     "source" : [ {
                        "localId" : "86",
                        "locator" : "63:5-63:59",
                        "alias" : "IschemicStrokeEncounter",
                        "expression" : {
                           "localId" : "85",
                           "locator" : "63:5-63:35",
                           "name" : "Ischemic Stroke Encounter",
                           "libraryName" : "TJC",
                           "type" : "ExpressionRef"
                        }
                     } ],
                     "relationship" : [ {
                        "localId" : "94",
                        "locator" : "64:7-65:96",
                        "alias" : "NoDischargeStatin",
                        "type" : "With",
                        "expression" : {
                           "localId" : "87",
                           "locator" : "64:12-64:42",
                           "name" : "Statin Not Given at Discharge",
                           "type" : "ExpressionRef"
                        },
                        "suchThat" : {
                           "localId" : "93",
                           "locator" : "65:19-65:96",
                           "type" : "In",
                           "operand" : [ {
                              "localId" : "90",
                              "locator" : "65:19-65:50",
                              "path" : "authorDatetime",
                              "scope" : "NoDischargeStatin",
                              "type" : "Property"
                           }, {
                              "localId" : "92",
                              "locator" : "65:59-65:96",
                              "path" : "relevantPeriod",
                              "scope" : "IschemicStrokeEncounter",
                              "type" : "Property"
                           } ]
                        }
                     } ]
                  }, {
                     "localId" : "107",
                     "locator" : "67:11-71:5",
                     "type" : "Query",
                     "source" : [ {
                        "localId" : "97",
                        "locator" : "67:13-67:67",
                        "alias" : "IschemicStrokeEncounter",
                        "expression" : {
                           "localId" : "96",
                           "locator" : "67:13-67:43",
                           "name" : "Ischemic Stroke Encounter",
                           "libraryName" : "TJC",
                           "type" : "ExpressionRef"
                        }
                     } ],
                     "relationship" : [ {
                        "localId" : "106",
                        "locator" : "68:9-70:55",
                        "alias" : "StatinAllergy",
                        "type" : "With",
                        "expression" : {
                           "localId" : "98",
                           "locator" : "68:14-68:29",
                           "name" : "Statin Allergy",
                           "type" : "ExpressionRef"
                        },
                        "suchThat" : {
                           "localId" : "105",
                           "locator" : "69:21-70:55",
                           "type" : "SameOrBefore",
                           "operand" : [ {
                              "locator" : "69:52-69:57",
                              "type" : "Start",
                              "operand" : {
                                 "localId" : "101",
                                 "locator" : "69:21-69:50",
                                 "path" : "prevalencePeriod",
                                 "scope" : "StatinAllergy",
                                 "type" : "Property"
                              }
                           }, {
                              "localId" : "104",
                              "locator" : "70:11-70:55",
                              "type" : "End",
                              "operand" : {
                                 "localId" : "103",
                                 "locator" : "70:18-70:55",
                                 "path" : "relevantPeriod",
                                 "scope" : "IschemicStrokeEncounter",
                                 "type" : "Property"
                              }
                           } ]
                        }
                     } ]
                  } ]
               }, {
                  "localId" : "109",
                  "locator" : "72:11-72:57",
                  "name" : "Encounter with Max LDL less than 70 mg per dL",
                  "type" : "ExpressionRef"
               } ]
            }
         }, {
            "localId" : "117",
            "locator" : "74:1-76:70",
            "name" : "Denominator Exclusions",
            "context" : "Patient",
            "accessLevel" : "Public",
            "annotation" : [ {
               "type" : "Annotation",
               "s" : {
                  "r" : "117",
                  "s" : [ {
                     "value" : [ "define ","\"Denominator Exclusions\"",":\n  " ]
                  }, {
                     "r" : "116",
                     "s" : [ {
                        "r" : "113",
                        "s" : [ {
                           "r" : "112",
                           "s" : [ {
                              "value" : [ "TJC" ]
                           } ]
                        }, {
                           "value" : [ "." ]
                        }, {
                           "r" : "113",
                           "s" : [ {
                              "value" : [ "\"Ischemic Stroke Encounters with Discharge Disposition\"" ]
                           } ]
                        } ]
                     }, {
                        "value" : [ "\n    union " ]
                     }, {
                        "r" : "115",
                        "s" : [ {
                           "r" : "114",
                           "s" : [ {
                              "value" : [ "TJC" ]
                           } ]
                        }, {
                           "value" : [ "." ]
                        }, {
                           "r" : "115",
                           "s" : [ {
                              "value" : [ "\"Encounter with Comfort Measures during Hospitalization\"" ]
                           } ]
                        } ]
                     } ]
                  } ]
               }
            } ],
            "expression" : {
               "localId" : "116",
               "locator" : "75:3-76:70",
               "type" : "Union",
               "operand" : [ {
                  "localId" : "113",
                  "locator" : "75:3-75:61",
                  "name" : "Ischemic Stroke Encounters with Discharge Disposition",
                  "libraryName" : "TJC",
                  "type" : "ExpressionRef"
               }, {
                  "localId" : "115",
                  "locator" : "76:11-76:70",
                  "name" : "Encounter with Comfort Measures during Hospitalization",
                  "libraryName" : "TJC",
                  "type" : "ExpressionRef"
               } ]
            }
         } ]
      }
   }
}