<?xml version="1.0" encoding="UTF-8" standalone="yes"?>
<QualityMeasureDocument xmlns="urn:hl7-org:v3" xmlns:cql-ext="urn:hhs-cql:hqmf-n1-extensions:v1"
                        xmlns:xsi="http://www.w3.org/2001/XMLSchema-instance">
         
      <!--
			**************************************************************
			Measure Details Section
			**************************************************************
		-->
         
      <typeId extension="POQM_HD000001UV02" root="2.16.840.1.113883.1.3"/>
   <templateId>
      <item extension="2019-05-01" root="2.16.840.1.113883.10.20.28.1.2"/>
   </templateId>
   <id root="402803826e50bae7016ea3ee26141cef"/>
   <code code="57024-2" codeSystem="2.16.840.1.113883.6.1">
      <displayName value="Health Quality Measure Document"/>
   </code>
   <title
          value="Accurate Human Epidermal Growth Factor Receptor 2 (HER2) Tumor Evaluation and Repeat Evaluation Patients with Breast Carcinoma to Inform Treatment Decisions"/>
   <text
         value="Percentage of surgical pathology reports for breast carcinoma with appropriate human epidermal growth factor receptor 2 (HER2) breast tumor evaluation &#xA;&#xA;Three rates are submitted:&#xA;1. Percentage of surgical pathology reports for breast carcinoma with a quantitative breast tumor evaluation using HER2 IHC or ISH, that had an HER2 result derived using the ASCO/CAP guideline optimal scoring algorithm&#xA;2. Percentage of surgical pathology reports for breast carcinoma with an equivocal HER2 result obtained using the ASCO/CAP guideline optimal scoring algorithm that had a subsequent repeat HER2 test completed&#xA;3. Percentage of surgical pathology reports for breast carcinoma with a quantitative breast tumor evaluation using HER2 IHC or ISH, that had an HER2 result derived using the ASCO/CAP guideline optimal scoring algorithm AND when an equivocal HER2 result was obtained, had a subsequent repeat HER2 test completed &#xA;&#xA;Performance rate 3 is the reported rate."/>
   <statusCode code="COMPLETED"/>
   <setId root="96a2735d-edcf-441c-b3d9-6c44c066bae6"/>
   <versionNumber value="2.0.000"/>
   <author>
      <responsibleParty classCode="ASSIGNED">
         <representedResponsibleOrganization classCode="ORG" determinerCode="INSTANCE">
            <id>
               <item root="2.16.840.1.113883.3.1434"/>
            </id>
            <name>
               <item>
                  <part value="College of American Pathologists"/>
               </item>
            </name>
         </representedResponsibleOrganization>
      </responsibleParty>
   </author>
   <custodian>
      <responsibleParty classCode="ASSIGNED">
         <representedResponsibleOrganization classCode="ORG" determinerCode="INSTANCE">
            <id>
               <item root="120"/>
            </id>
            <name>
               <item>
                  <part value="College of American Pathologists"/>
               </item>
            </name>
         </representedResponsibleOrganization>
      </responsibleParty>
   </custodian>
   <!--Payer-->
     	 <definition>
      <valueSet classCode="OBS" moodCode="DEF">
         <id root="2.16.840.1.114222.4.11.3591"/>
         <title value="Payer"/>
      </valueSet>
   </definition>
   <!--ONC Administrative Sex-->
     	 <definition>
      <valueSet classCode="OBS" moodCode="DEF">
         <id root="2.16.840.1.113762.1.4.1"/>
         <title value="ONC Administrative Sex"/>
      </valueSet>
   </definition>
   <!--Ethnicity-->
     	 <definition>
      <valueSet classCode="OBS" moodCode="DEF">
         <id root="2.16.840.1.114222.4.11.837"/>
         <title value="Ethnicity"/>
      </valueSet>
   </definition>
   <!--Race-->
     	 <definition>
      <valueSet classCode="OBS" moodCode="DEF">
         <id root="2.16.840.1.114222.4.11.836"/>
         <title value="Race"/>
      </valueSet>
   </definition>
   <!--Indeterminate-->
     	 <definition>
      <valueSet classCode="OBS" moodCode="DEF">
         <id root="2.16.840.1.113883.3.1434.1000.1065"/>
         <title value="Indeterminate"/>
      </valueSet>
   </definition>
   <!--Breast Cancer-->
     	 <definition>
      <valueSet classCode="OBS" moodCode="DEF">
         <id root="2.16.840.1.113883.3.1434.1000.1095"/>
         <title value="Breast Cancer"/>
      </valueSet>
   </definition>
   <!--Cancer pathology panel - Breast cancer specimen by CAP cancer protocols-CODE:/CodeSystem/LOINC/Version/2.66/Code/85904-1/Info-->
      <definition>
      <cql-ext:code code="85904-1" codeSystem="2.16.840.1.113883.6.1" codeSystemName="LOINC">
         <displayName value="Cancer pathology panel - Breast cancer specimen by CAP cancer protocols"/>
      </cql-ext:code>
   </definition>
   <!--0-CODE:/CodeSystem/LOINC/Version/2.66/Code/LA6111-4/Info-->
      <definition>
      <cql-ext:code code="LA6111-4" codeSystem="2.16.840.1.113883.6.1" codeSystemName="LOINC">
         <displayName value="0"/>
      </cql-ext:code>
   </definition>
   <!--HER2 [Presence] in Breast cancer specimen by FISH-CODE:/CodeSystem/LOINC/Version/2.66/Code/85318-4/Info-->
      <definition>
      <cql-ext:code code="85318-4" codeSystem="2.16.840.1.113883.6.1" codeSystemName="LOINC">
         <displayName value="HER2 [Presence] in Breast cancer specimen by FISH"/>
      </cql-ext:code>
   </definition>
   <!--HER2 gene copy number/Chromosome 17 copy number in Tissue by FISH-CODE:/CodeSystem/LOINC/Version/2.66/Code/49683-6/Info-->
      <definition>
      <cql-ext:code code="49683-6" codeSystem="2.16.840.1.113883.6.1" codeSystemName="LOINC">
         <displayName value="HER2 gene copy number/Chromosome 17 copy number in Tissue by FISH"/>
      </cql-ext:code>
   </definition>
   <!--Positive (qualifier value)-CODE:/CodeSystem/SNOMEDCT/Version/2019-09/Code/10828004/Info-->
      <definition>
      <cql-ext:code code="10828004" codeSystem="2.16.840.1.113883.6.96" codeSystemName="SNOMEDCT">
         <displayName value="Positive (qualifier value)"/>
      </cql-ext:code>
   </definition>
   <!--3+-CODE:/CodeSystem/LOINC/Version/2.66/Code/LA11843-2/Info-->
      <definition>
      <cql-ext:code code="LA11843-2" codeSystem="2.16.840.1.113883.6.1" codeSystemName="LOINC">
         <displayName value="3+"/>
      </cql-ext:code>
   </definition>
   <!--2+-CODE:/CodeSystem/LOINC/Version/2.66/Code/LA11842-4/Info-->
      <definition>
      <cql-ext:code code="LA11842-4" codeSystem="2.16.840.1.113883.6.1" codeSystemName="LOINC">
         <displayName value="2+"/>
      </cql-ext:code>
   </definition>
   <!--1+-CODE:/CodeSystem/LOINC/Version/2.66/Code/LA11841-6/Info-->
      <definition>
      <cql-ext:code code="LA11841-6" codeSystem="2.16.840.1.113883.6.1" codeSystemName="LOINC">
         <displayName value="1+"/>
      </cql-ext:code>
   </definition>
   <!--Equivocal (qualifier value)-CODE:/CodeSystem/SNOMEDCT/Version/2019-09/Code/42425007/Info-->
      <definition>
      <cql-ext:code code="42425007" codeSystem="2.16.840.1.113883.6.96" codeSystemName="SNOMEDCT">
         <displayName value="Equivocal (qualifier value)"/>
      </cql-ext:code>
   </definition>
   <!--HER2 gene copy number/nucleus in Tissue by FISH-CODE:/CodeSystem/LOINC/Version/2.66/Code/74860-8/Info-->
      <definition>
      <cql-ext:code code="74860-8" codeSystem="2.16.840.1.113883.6.1" codeSystemName="LOINC">
         <displayName value="HER2 gene copy number/nucleus in Tissue by FISH"/>
      </cql-ext:code>
   </definition>
   <!--Negative (qualifier value)-CODE:/CodeSystem/SNOMEDCT/Version/2019-09/Code/260385009/Info-->
      <definition>
      <cql-ext:code code="260385009" codeSystem="2.16.840.1.113883.6.96" codeSystemName="SNOMEDCT">
         <displayName value="Negative (qualifier value)"/>
      </cql-ext:code>
   </definition>
   <!--HER2 [Presence] in Breast cancer specimen by Immune stain-CODE:/CodeSystem/LOINC/Version/2.66/Code/85319-2/Info-->
      <definition>
      <cql-ext:code code="85319-2" codeSystem="2.16.840.1.113883.6.1" codeSystemName="LOINC">
         <displayName value="HER2 [Presence] in Breast cancer specimen by Immune stain"/>
      </cql-ext:code>
   </definition>
   <relatedDocument typeCode="COMP">
      <expressionDocument>
         <id root="8776105E-6AA7-4565-A577-4F8CD1569D41"/>
         <text mediaType="text/cql">
            <reference value="https://emeasuretool.cms.gov/libraries/96a2735d-edcf-441c-b3d9-6c44c066bae6/AccurateHumanEpidermalGrowthFactorReceptor2HER2TumorEvaluationandRepeatEvaluationPatientswithBreastCarcinomatoInformTreatmentDecisions-2.0.000.cql"/>
            <translation mediaType="application/elm+xml">
               <reference value="https://emeasuretool.cms.gov/libraries/96a2735d-edcf-441c-b3d9-6c44c066bae6/AccurateHumanEpidermalGrowthFactorReceptor2HER2TumorEvaluationandRepeatEvaluationPatientswithBreastCarcinomatoInformTreatmentDecisions-2.0.000.xml"/>
            </translation>
            <translation mediaType="application/elm+json">
               <reference value="https://emeasuretool.cms.gov/libraries/96a2735d-edcf-441c-b3d9-6c44c066bae6/AccurateHumanEpidermalGrowthFactorReceptor2HER2TumorEvaluationandRepeatEvaluationPatientswithBreastCarcinomatoInformTreatmentDecisions-2.0.000.json"/>
            </translation>
         </text>
         <setId extension="96a2735d-edcf-441c-b3d9-6c44c066bae6"
                identifierName="AccurateHumanEpidermalGrowthFactorReceptor2HER2TumorEvaluationandRepeatEvaluationPatientswithBreastCarcinomatoInformTreatmentDecisions"
                root="https://emeasuretool.cms.gov/libraries"/>
         <versionNumber value="2.0.000"/>
      </expressionDocument>
   </relatedDocument>
   <controlVariable>
      <measurePeriod>
         <id extension="measureperiod" root="8f7d8c9b-02d0-4971-9553-743c99acc724"/>
         <code code="MSRTP" codeSystem="2.16.840.1.113883.5.4">
            <originalText value="Measurement Period"/>
         </code>
         <value xsi:type="PIVL_TS">
            <phase highClosed="true" lowClosed="true">
               <low value="20190101"/>
               <width unit="a" value="1" xsi:type="PQ"/>
            </phase>
            <period unit="a" value="1"/>
         </value>
      </measurePeriod>
   </controlVariable>
   <subjectOf>
      <measureAttribute>
         <code nullFlavor="OTH">
            <originalText value="eCQM Identifier (Measure Authoring Tool)"/>
         </code>
         <value mediaType="text/plain" value="909" xsi:type="ED"/>
      </measureAttribute>
   </subjectOf>
   <subjectOf>
      <measureAttribute>
         <code nullFlavor="OTH">
            <originalText value="NQF Number"/>
         </code>
         <value mediaType="text/plain" value="Not Applicable" xsi:type="ED"/>
      </measureAttribute>
   </subjectOf>
   <subjectOf>
      <measureAttribute>
         <code code="COPY" codeSystem="2.16.840.1.113883.5.4">
            <displayName value="Copyright"/>
         </code>
         <value mediaType="text/plain" value="2019 College of American Pathologists"
                xsi:type="ED"/>
      </measureAttribute>
   </subjectOf>
   <subjectOf>
      <measureAttribute>
         <code code="DISC" codeSystem="2.16.840.1.113883.5.4">
            <displayName value="Disclaimer"/>
         </code>
         <value mediaType="text/plain"
                value="Physician Performance Measures (Measures) and related data specifications developed by the College of American Pathologists (CAP) are intended to facilitate quality improvement activities by physicians. &#xA;&#xA;This measure is intended to assist physicians in enhancing quality of care. It is designed for use by any physician who manages the care of a patient for a specific condition or for diagnosis or prevention. The Measure is not a clinical guideline and does not establish a standard of medical care. CAP has not tested this Measure for all potential applications. &#xA;&#xA;The measure is subject to review and may be revised or rescinded at any time by CAP. It may not be altered without the prior written approval of CAP. This measure developed by CAP, while copyrighted, can be reproduced and distributed, without modification, for noncommercial purposes (e.g., use by health care providers in connection with their practices). Commercial use of the Measure is not permitted absent a license agreement between the user and CAP. Commercial use is defined as the sale, license, or distribution of the Measure for commercial gain, or incorporation of the Measure into a product or service that is sold, licensed or distributed for commercial gain. &#xA;&#xA;The College of American Pathologists is not responsible for any harm to any party resulting from the use of this Measure.  &#xA;&#xA;THE MEASURE IS PROVIDED &quot;AS IS&quot; WITHOUT WARRANTY OF ANY KIND &#xA;&#xA;Limited proprietary coding is contained in the Measure specifications for convenience. Users of the proprietary code sets should obtain all necessary licenses from the owners of these code sets. The American Medical Association (AMA), CAP, the PCPI Foundation and its members disclaim all liability for use or accuracy of any Current Procedural Terminology (CPT[R]) or other coding contained in the specifications. &#xA;&#xA;CPT(R) contained in the Measure specifications is copyright 2004-2018 American Medical Association. LOINC(R) is copyright 2004-2018 Regenstrief Institute, Inc. This material contains SNOMED Clinical Terms (SNOMED CT[R]) copyright 2004-2018 International Health Terminology Standards Development Organisation. ICD-10 is copyright 2018 World Health Organization. All Rights Reserved.&#xA;&#xA;Due to technical limitations, registered trademarks are indicated by (R) or [R]."
                xsi:type="ED"/>
      </measureAttribute>
   </subjectOf>
   <subjectOf>
      <measureAttribute>
         <code code="MSRSCORE" codeSystem="2.16.840.1.113883.5.4">
            <displayName value="Measure Scoring"/>
         </code>
         <value code="PROPOR" codeSystem="2.16.840.1.113883.5.1063" xsi:type="CD">
            <displayName value="Proportion"/>
         </value>
      </measureAttribute>
   </subjectOf>
   <subjectOf>
      <measureAttribute>
         <code code="MSRTYPE" codeSystem="2.16.840.1.113883.5.4">
            <displayName value="Measure Type"/>
         </code>
         <value code="PROCESS" codeSystem="2.16.840.1.113883.5.1063" xsi:type="CD">
            <displayName value="PROCESS"/>
         </value>
      </measureAttribute>
   </subjectOf>
   <subjectOf>
      <measureAttribute>
         <code code="STRAT" codeSystem="2.16.840.1.113883.5.4">
            <displayName value="Stratification"/>
         </code>
         <value mediaType="text/plain" value="None" xsi:type="ED"/>
      </measureAttribute>
   </subjectOf>
   <subjectOf>
      <measureAttribute>
         <code code="MSRADJ" codeSystem="2.16.840.1.113883.5.4">
            <displayName value="Risk Adjustment"/>
         </code>
         <value mediaType="text/plain" value="None" xsi:type="ED"/>
      </measureAttribute>
   </subjectOf>
   <subjectOf>
      <measureAttribute>
         <code code="MSRAGG" codeSystem="2.16.840.1.113883.5.4">
            <displayName value="Rate Aggregation"/>
         </code>
         <value mediaType="text/plain" value="None" xsi:type="ED"/>
      </measureAttribute>
   </subjectOf>
   <subjectOf>
      <measureAttribute>
         <code code="RAT" codeSystem="2.16.840.1.113883.5.4">
            <displayName value="Rationale"/>
         </code>
         <value mediaType="text/plain"
                value="Breast cancer is one of the most common cancers with an annual incidence of close to 270,000 in the US (American Cancer Society, 2018). According to the American Cancer Society, human epidermal growth factor receptor 2 (HER2) positive cancers grow and spread faster than other breast cancers and are much more likely to benefit from therapies that target the HER2 protein (American Cancer Society, 2017). Determining HER2 status is essential for the appropriate clinical management of breast cancer (Stenehjem, 2014). HER2 gene amplification assessed by in situ hybridization (ISH) or protein overexpression assessed by IHC remains the primary predictor of responsiveness to HER2-targeted therapies in breast cancer (Wolff, 2018). &#xA;&#xA;HER2 gene amplification and/or protein overexpression occurs in up to 20% of breast cancers (Moasser, 2015). For women with breast cancer, an absent or faulty test defining HER2 status can alter their treatment course and clinical outcomes while increasing healthcare costs.&#xA;&#xA;Despite existing guidelines, data confirm less than optimal adherence to these recommendations. A review of registry data found that only 86% of patients had detailed information regarding HER2 testing documented (Stenehjem, 2014). These data suggest that, based on current breast cancer incidence, approximately 38,000 breast cancer patients may not have proper testing and/or documentation of HER2 status to inform clinical management."
                xsi:type="ED"/>
      </measureAttribute>
   </subjectOf>
   <subjectOf>
      <measureAttribute>
         <code code="CRS" codeSystem="2.16.840.1.113883.5.4">
            <displayName value="Clinical Recommendation Statement"/>
         </code>
         <value mediaType="text/plain"
                value="American Society of Clinical Oncology and College of American Pathologists Clinical Practice Guidelines (Wolff, 2018)&#xA;&#xA;Key Recommendations for Pathologists:&#xA;&#xA;Report a HER2 test result as positive if: &#xA;a) IHC 3+ positive (defined as circumferential membrane staining that is complete, intense, and in &gt; 10% of tumor cells) OR &#xA;b) ISH positive using either a single-probe ISH (defined as average HER2 copy number &gt;= 6.0 signals/cell) or dual-probe ISH (defined as HER2/CEP17 ratio is &gt;= 2.0 and average HER2 copy number is &gt;= 4.0 signals/cell)&#xA;&#xA;Report a HER2 test result as equivocal and order reflex test on the same specimen (unless the pathologist has concerns about the specimen) using the alternative test if:&#xA;a) IHC is 2+ which equates to &quot;weak to moderate complete membrane staining observed in &gt;10% of tumor cells&quot; (Wolff, 2018). &#xA;b) average HER2/CEP17 ratio of &gt;= 2.0 but the average HER2 signals/cell is &lt; 4.0&#xA;c) average of &gt;= 6.0 HER2 signals/cell with a HER2/CEP17 ratio of &lt; 2.0&#xA;d) average HER2 signals/tumor cell of &gt;= 4.0 and &lt; 6.0 and the HER2/CEP17 ratio is &lt; 2.0&#xA;&#xA;Report a HER2 test result as negative if a single test (or all tests) performed on a tumor specimen show: &#xA;a) IHC 1+ (defined as incomplete membrane staining that is faint or barely perceptible and within &gt; 10% of the invasive tumor cells) &#xA;Note: There are some rare breast cancers (e.g., gland-forming tumors, micropapillary carcinomas) that show IHC 1+ staining that is intense but incomplete (basolateral or U shaped) and that are found to be HER2 amplified. The pathologist should consider also reporting these specimens equivocal and request reflex testing using the alternative test. &#xA;b) IHC 0 (defined as no staining observed or membrane staining that is incomplete and is faint or barely perceptible and within &lt; 10% of the invasive tumor cells&#xA;c) ISH negative using single-probe ISH (defined as average HER2 copy number &lt; 4.0 signals/cell) or dual-probe ISH (defined as HER2/CEP17 ratio is &lt; 2.0 and average HER2 copy number of &lt; 4 signals/cell). &#xA;&#xA;Report a HER2 test result as indeterminate if technical issues prevent one or both tests (IHC and ISH) performed on a tumor specimen from being reported as positive, negative, or equivocal. This may occur if specimen handling was inadequate, if artifacts (crush or edge artifacts) make interpretation difficult, or if the analytic testing failed. Another specimen should be requested for testing, if possible, and a comment should be included in the pathology report documenting intended action (Strong recommendation).&#xA;&#xA;When using an alternative method following an initial equivocal result, the laboratory should perform it using sections from the same tissue sample used for the initial test and the slides from both ISH and IHC should be reviewed together to guide the selection of areas to score. &#xA;a) If the IHC result is 3+, diagnosis is HER2 positive &#xA;b) If the IHC result is 2+, recount ISH by having an additional observer, blinded to previous ISH results, count at least 20 cells that include the area of invasion with IHC 2+ staining. If reviewing the count by the additional observer changes the result into another ISH category, the result should be adjudicated per internal procedures to define the final category. &#xA;- If the initial ISH results of HER2/CEP17 ratio &lt; 2.0 with &gt;= 6.0 HER2 signals/cell remains the same the diagnosis is HER2 positive &#xA;- If the initial ISH results of HER2/CEP17 ratio &gt;= 2.0 with &lt; 4.0 HER2 signals/cell remains the same the diagnosis is HER2 negative&#xA;- If the initial ISH results of HER2/CEP17 ratio &lt; 2.0 with &gt;= 4.0 and &lt; 6.0 HER2 signals/cell remains the same the diagnosis is HER2 negative&#xA;c) If the IHC result is 0 or 1+, diagnosis is HER2 negative with a comment"
                xsi:type="ED"/>
      </measureAttribute>
   </subjectOf>
   <subjectOf>
      <measureAttribute>
         <code code="IDUR" codeSystem="2.16.840.1.113883.5.4">
            <displayName value="Improvement Notation"/>
         </code>
         <value mediaType="text/plain" value="A higher score indicates better quality"
                xsi:type="ED"/>
      </measureAttribute>
   </subjectOf>
   <subjectOf>
      <measureAttribute>
         <code code="REF" codeSystem="2.16.840.1.113883.5.4">
            <displayName value="Reference"/>
         </code>
         <value mediaType="text/plain"
                value="American Cancer Society. Cancer facts &amp; figures 2018. Atlanta: American Cancer Society, 2018."
                xsi:type="ED"/>
      </measureAttribute>
   </subjectOf>
   <subjectOf>
      <measureAttribute>
         <code code="REF" codeSystem="2.16.840.1.113883.5.4">
            <displayName value="Reference"/>
         </code>
         <value mediaType="text/plain"
                value="American Cancer Society. Breast Cancer HER2 Status. 2017. https://www.cancer.org/cancer/breast-cancer/understanding-a-breast-cancer-diagnosis/breast-cancer-her2-status.html"
                xsi:type="ED"/>
      </measureAttribute>
   </subjectOf>
   <subjectOf>
      <measureAttribute>
         <code code="REF" codeSystem="2.16.840.1.113883.5.4">
            <displayName value="Reference"/>
         </code>
         <value mediaType="text/plain"
                value="Moasser MM, Krop IE. The Evolving Landscape of HER2 Targeting in Breast Cancer. JAMA Oncol. 2015 Nov;1(8):1154-61."
                xsi:type="ED"/>
      </measureAttribute>
   </subjectOf>
   <subjectOf>
      <measureAttribute>
         <code code="REF" codeSystem="2.16.840.1.113883.5.4">
            <displayName value="Reference"/>
         </code>
         <value mediaType="text/plain"
                value="Stenehjem DD, Yoo M, Unni SK, Singhal M, Bauer H, Saverno K, et al. Assessment of HER2 testing patterns, HER2+ disease, and the utilization of HER2-directed therapy in early breast cancer. Breast Cancer. 2014 Oct 29;6:169-77."
                xsi:type="ED"/>
      </measureAttribute>
   </subjectOf>
   <subjectOf>
      <measureAttribute>
         <code code="REF" codeSystem="2.16.840.1.113883.5.4">
            <displayName value="Reference"/>
         </code>
         <value mediaType="text/plain"
                value="Wolff AC, Hammond MEH, Allison KH, Harvey BE, Mangu PB, Bartlett JMS, et al. Human Epidermal Growth Factor Receptor 2 Testing in Breast Cancer: American Society of Clinical Oncology/College of American Pathologists Clinical Practice Guideline Focused Update. J Clin Oncol. 2018 Jul 10;36(20):2105-2122."
                xsi:type="ED"/>
      </measureAttribute>
   </subjectOf>
   <subjectOf>
      <measureAttribute>
         <code code="DEF" codeSystem="2.16.840.1.113883.5.4">
            <displayName value="Definition"/>
         </code>
         <value mediaType="text/plain" value="None" xsi:type="ED"/>
      </measureAttribute>
   </subjectOf>
   <subjectOf>
      <measureAttribute>
         <code code="GUIDE" codeSystem="2.16.840.1.113883.5.4">
            <displayName value="Guidance"/>
         </code>
         <value mediaType="text/plain"
                value="This measure is to be reported each time a breast carcinoma report is finalized during the performance period. This measure may be submitted by eligible clinicians who perform the quality actions described in the measure based on the services provided and the measure-specific denominator coding.&#xA;&#xA;For the purposes of this measure, the HER2 result should be derived using the ASCO/CAP guideline optimal scoring algorithm outlined in the Clinical Recommendation Statement field. To meet the measure, either of the following is required:&#xA;- A quantitative HER2 result; or &#xA;- Documentation of a descriptive result such as “positive”, “equivocal”, or “negative” with an additional reference indicating that the result was derived using the ASCO/CAP guideline"
                xsi:type="ED"/>
      </measureAttribute>
   </subjectOf>
   <subjectOf>
      <measureAttribute>
         <code code="TRANF" codeSystem="2.16.840.1.113883.5.4">
            <displayName value="Transmission Format"/>
         </code>
         <value mediaType="text/plain" value="TBD" xsi:type="ED"/>
      </measureAttribute>
   </subjectOf>
   <subjectOf>
      <measureAttribute>
         <code code="IPOP" codeSystem="2.16.840.1.113883.5.4">
            <displayName value="Initial Population"/>
         </code>
         <value mediaType="text/plain"
                value="All surgical pathology reports for breast carcinoma with a quantitative breast tumor evaluation using HER2 IHC or ISH"
                xsi:type="ED"/>
      </measureAttribute>
   </subjectOf>
   <subjectOf>
      <measureAttribute>
         <code code="DENOM" codeSystem="2.16.840.1.113883.5.4">
            <displayName value="Denominator"/>
         </code>
         <value mediaType="text/plain"
                value="Denominator 1: Equals Initial Population &#xA;&#xA;Denominator 2: Equals Initial Population with an equivocal HER2 result obtained using the ASCO/CAP guideline optimal scoring algorithm&#xA;&#xA;Denominator 3: Equals Initial Population"
                xsi:type="ED"/>
      </measureAttribute>
   </subjectOf>
   <subjectOf>
      <measureAttribute>
         <code code="DENEX" codeSystem="2.16.840.1.113883.5.4">
            <displayName value="Denominator Exclusions"/>
         </code>
         <value mediaType="text/plain" value="None" xsi:type="ED"/>
      </measureAttribute>
   </subjectOf>
   <subjectOf>
      <measureAttribute>
         <code code="NUMER" codeSystem="2.16.840.1.113883.5.4">
            <displayName value="Numerator"/>
         </code>
         <value mediaType="text/plain"
                value="Numerator 1: Surgical pathology reports with an HER2 result derived using the ASCO/CAP guideline optimal scoring algorithm&#xA;&#xA;Numerator 2: Surgical pathology reports with a subsequent repeat HER2 test completed&#xA;&#xA;Numerator 3: Surgical pathology reports with an HER2 result derived using the ASCO/CAP guideline optimal scoring algorithm AND when an equivocal result was obtained, had a subsequent repeat HER2 test&#xA;&#xA;Note: &#xA;Repeat HER2 test can be completed either by using a different methodology or the same methodology with an alternative specimen."
                xsi:type="ED"/>
      </measureAttribute>
   </subjectOf>
   <subjectOf>
      <measureAttribute>
         <code code="NUMEX" codeSystem="2.16.840.1.113883.5.4">
            <displayName value="Numerator Exclusions"/>
         </code>
         <value mediaType="text/plain" value="Not Applicable" xsi:type="ED"/>
      </measureAttribute>
   </subjectOf>
   <subjectOf>
      <measureAttribute>
         <code code="DENEXCEP" codeSystem="2.16.840.1.113883.5.4">
            <displayName value="Denominator Exceptions"/>
         </code>
         <value mediaType="text/plain" value="None" xsi:type="ED"/>
      </measureAttribute>
   </subjectOf>
   <subjectOf>
      <measureAttribute>
         <code code="SDE" codeSystem="2.16.840.1.113883.5.4">
            <displayName value="Supplemental Data Elements"/>
         </code>
         <value mediaType="text/plain"
                value="For every patient evaluated by this measure also identify payer, race, ethnicity and sex"
                xsi:type="ED"/>
      </measureAttribute>
   </subjectOf>
   <componentOf>
      <qualityMeasureSet classCode="ACT">
         <id root=""/>
         <title value="College of American Pathologists (CAP)"/>
      </qualityMeasureSet>
   </componentOf>
   <!--Data Criteria Section-->
   <component>
      <dataCriteriaSection>
         <templateId>
            <item extension="2019-05-01" root="2.16.840.1.113883.10.20.28.2.6"/>
         </templateId>
         <code code="57025-9" codeSystem="2.16.840.1.113883.6.1"/>
         <title value="Data Criteria Section"/>
         <text/>
         <entry typeCode="DRIV">
            <localVariableName value="Payer_PatientCharacteristicPayer_HCX2Y"/>
            <observationCriteria classCode="OBS" moodCode="EVN">
               <templateId>
                  <item extension="2017-05-01" root="2.16.840.1.113883.10.20.28.4.58"/>
               </templateId>
               <id extension="Payer_PatientCharacteristicPayer"
                   root="061c43e7-783d-4765-859e-f812470d64ee"/>
               <code code="48768-6" codeSystem="2.16.840.1.113883.6.1" codeSystemName="LOINC">
                  <displayName value="Payer"/>
               </code>
               <title value="Patient Characteristic Payer"/>
               <statusCode code="COMPLETED"/>
               <value valueSet="2.16.840.1.114222.4.11.3591" xsi:type="CD"/>
            </observationCriteria>
         </entry>
         <entry typeCode="DRIV">
            <localVariableName value="ONCAdministrativeSex_PatientCharacteristicSex_fPZxA"/>
            <observationCriteria classCode="OBS" moodCode="EVN">
               <templateId>
                  <item extension="2017-05-01" root="2.16.840.1.113883.10.20.28.4.55"/>
               </templateId>
               <id extension="ONCAdministrativeSex_PatientCharacteristicSex"
                   root="8f348049-552e-421e-9771-1769d08f6971"/>
               <code code="263495000" codeSystem="2.16.840.1.113883.6.96" codeSystemName="SNOMED CT">
                  <displayName value="Gender"/>
               </code>
               <title value="Patient Characteristic Sex"/>
               <statusCode code="COMPLETED"/>
               <value valueSet="2.16.840.1.113762.1.4.1" xsi:type="CD"/>
            </observationCriteria>
         </entry>
         <entry typeCode="DRIV">
            <localVariableName value="Ethnicity_PatientCharacteristicEthnicity_5WPRN"/>
            <observationCriteria classCode="OBS" moodCode="EVN">
               <templateId>
                  <item extension="2017-05-01" root="2.16.840.1.113883.10.20.28.4.56"/>
               </templateId>
               <id extension="Ethnicity_PatientCharacteristicEthnicity"
                   root="cf01b6df-300a-48b0-b8b7-2ec58ea583b6"/>
               <code code="54133-4" codeSystem="2.16.840.1.113883.6.1" codeSystemName="LOINC">
                  <displayName value="Ethnicity"/>
               </code>
               <title value="Patient Characteristic Ethnicity"/>
               <statusCode code="COMPLETED"/>
               <value valueSet="2.16.840.1.114222.4.11.837" xsi:type="CD"/>
            </observationCriteria>
         </entry>
         <entry typeCode="DRIV">
            <localVariableName value="Race_PatientCharacteristicRace_UAo66"/>
            <observationCriteria classCode="OBS" moodCode="EVN">
               <templateId>
                  <item extension="2017-05-01" root="2.16.840.1.113883.10.20.28.4.59"/>
               </templateId>
               <id extension="Race_PatientCharacteristicRace"
                   root="b9d6f84c-c78c-4407-9886-56bab96298f5"/>
               <code code="32624-9" codeSystem="2.16.840.1.113883.6.1" codeSystemName="LOINC">
                  <displayName value="Race"/>
               </code>
               <title value="Patient Characteristic Race"/>
               <statusCode code="COMPLETED"/>
               <value valueSet="2.16.840.1.114222.4.11.836" xsi:type="CD"/>
            </observationCriteria>
         </entry>
         <entry typeCode="DRIV">
            <observationCriteria classCode="OBS" moodCode="EVN">
               <templateId>
                  <item extension="2019-05-01" root="2.16.840.1.113883.10.20.28.4.42"/>
               </templateId>
               <id extension="85904-1_LaboratoryTestPerformed"
                   root="33E7D02D-BC7B-419D-B1F9-BA3C38503C70"/>
               <code code="85904-1" codeSystem="2.16.840.1.113883.6.1" codeSystemName="LOINC"/>
               <title value="Laboratory Test, Performed"/>
               <statusCode code="COMPLETED"/>
            </observationCriteria>
         </entry>
      </dataCriteriaSection>
   </component>
   <component>
      <populationCriteriaSection>
         <templateId>
            <item extension="2017-08-01" root="2.16.840.1.113883.10.20.28.2.7"/>
         </templateId>
         <id extension="PopulationCriteria1" root="91A12D3F-1B46-48AE-87A8-7488E86D4FE9"/>
         <code code="57026-7" codeSystem="2.16.840.1.113883.6.1"/>
         <title value="Population Criteria Section"/>
         <text/>
         <component typeCode="COMP">
            <initialPopulationCriteria classCode="OBS" moodCode="EVN">
               <id extension="initialPopulation" root="322A255A-5804-4E63-A349-07CF254BAED5"/>
               <code code="IPOP" codeSystem="2.16.840.1.113883.5.4" codeSystemName="Act Code"/>
               <precondition typeCode="PRCN">
                  <criteriaReference classCode="OBS" moodCode="EVN">
                     <id extension="AccurateHumanEpidermalGrowthFactorReceptor2HER2TumorEvaluationandRepeatEvaluationPatientswithBreastCarcinomatoInformTreatmentDecisions.&quot;Initial Population&quot;"
                         root="8776105E-6AA7-4565-A577-4F8CD1569D41"/>
                  </criteriaReference>
               </precondition>
            </initialPopulationCriteria>
         </component>
         <component typeCode="COMP">
            <denominatorCriteria classCode="OBS" moodCode="EVN">
               <id extension="denominator" root="51CDCB53-7384-42C8-914D-19D8F2298FCD"/>
               <code code="DENOM" codeSystem="2.16.840.1.113883.5.4" codeSystemName="Act Code"/>
               <precondition typeCode="PRCN">
                  <criteriaReference classCode="OBS" moodCode="EVN">
                     <id extension="AccurateHumanEpidermalGrowthFactorReceptor2HER2TumorEvaluationandRepeatEvaluationPatientswithBreastCarcinomatoInformTreatmentDecisions.&quot;Denominator&quot;"
                         root="8776105E-6AA7-4565-A577-4F8CD1569D41"/>
                  </criteriaReference>
               </precondition>
            </denominatorCriteria>
         </component>
         <component typeCode="COMP">
            <numeratorCriteria classCode="OBS" moodCode="EVN">
               <id extension="numerator" root="6C31BD3B-3B2E-4A41-A5C9-33F87E822723"/>
               <code code="NUMER" codeSystem="2.16.840.1.113883.5.4" codeSystemName="Act Code"/>
               <precondition typeCode="PRCN">
                  <criteriaReference classCode="OBS" moodCode="EVN">
                     <id extension="AccurateHumanEpidermalGrowthFactorReceptor2HER2TumorEvaluationandRepeatEvaluationPatientswithBreastCarcinomatoInformTreatmentDecisions.&quot;Numerator 1&quot;"
                         root="8776105E-6AA7-4565-A577-4F8CD1569D41"/>
                  </criteriaReference>
               </precondition>
            </numeratorCriteria>
         </component>
         <component typeCode="COMP">
            <cql-ext:supplementalDataElement>
               <id extension="Supplemental Data Elements"
                   root="EDE5640D-BCAE-4C1E-8D5B-13D35098CE5F"/>
               <code code="SDE" codeSystem="2.16.840.1.113883.5.4" codeSystemName="Act Code"/>
               <precondition typeCode="PRCN">
                  <criteriaReference classCode="OBS" moodCode="EVN">
                     <id extension="AccurateHumanEpidermalGrowthFactorReceptor2HER2TumorEvaluationandRepeatEvaluationPatientswithBreastCarcinomatoInformTreatmentDecisions.&quot;SDE Ethnicity&quot;"
                         root="8776105E-6AA7-4565-A577-4F8CD1569D41"/>
                  </criteriaReference>
               </precondition>
            </cql-ext:supplementalDataElement>
         </component>
         <component typeCode="COMP">
            <cql-ext:supplementalDataElement>
               <id extension="Supplemental Data Elements"
                   root="E6219BA9-218D-48DF-A9AC-AED7D4BD754C"/>
               <code code="SDE" codeSystem="2.16.840.1.113883.5.4" codeSystemName="Act Code"/>
               <precondition typeCode="PRCN">
                  <criteriaReference classCode="OBS" moodCode="EVN">
                     <id extension="AccurateHumanEpidermalGrowthFactorReceptor2HER2TumorEvaluationandRepeatEvaluationPatientswithBreastCarcinomatoInformTreatmentDecisions.&quot;SDE Payer&quot;"
                         root="8776105E-6AA7-4565-A577-4F8CD1569D41"/>
                  </criteriaReference>
               </precondition>
            </cql-ext:supplementalDataElement>
         </component>
         <component typeCode="COMP">
            <cql-ext:supplementalDataElement>
               <id extension="Supplemental Data Elements"
                   root="8BCA3118-3725-4C0B-A55E-B951060AC4BB"/>
               <code code="SDE" codeSystem="2.16.840.1.113883.5.4" codeSystemName="Act Code"/>
               <precondition typeCode="PRCN">
                  <criteriaReference classCode="OBS" moodCode="EVN">
                     <id extension="AccurateHumanEpidermalGrowthFactorReceptor2HER2TumorEvaluationandRepeatEvaluationPatientswithBreastCarcinomatoInformTreatmentDecisions.&quot;SDE Race&quot;"
                         root="8776105E-6AA7-4565-A577-4F8CD1569D41"/>
                  </criteriaReference>
               </precondition>
            </cql-ext:supplementalDataElement>
         </component>
         <component typeCode="COMP">
            <cql-ext:supplementalDataElement>
               <id extension="Supplemental Data Elements"
                   root="55FC246B-DD10-41D3-B37E-2422726FF902"/>
               <code code="SDE" codeSystem="2.16.840.1.113883.5.4" codeSystemName="Act Code"/>
               <precondition typeCode="PRCN">
                  <criteriaReference classCode="OBS" moodCode="EVN">
                     <id extension="AccurateHumanEpidermalGrowthFactorReceptor2HER2TumorEvaluationandRepeatEvaluationPatientswithBreastCarcinomatoInformTreatmentDecisions.&quot;SDE Sex&quot;"
                         root="8776105E-6AA7-4565-A577-4F8CD1569D41"/>
                  </criteriaReference>
               </precondition>
            </cql-ext:supplementalDataElement>
         </component>
      </populationCriteriaSection>
   </component>
   <component>
      <populationCriteriaSection>
         <templateId>
            <item extension="2017-08-01" root="2.16.840.1.113883.10.20.28.2.7"/>
         </templateId>
         <id extension="PopulationCriteria2" root="89C4EC71-FB04-418D-95A1-4B0A37489BC8"/>
         <code code="57026-7" codeSystem="2.16.840.1.113883.6.1"/>
         <title value="Population Criteria Section"/>
         <text/>
         <component typeCode="COMP">
            <initialPopulationCriteria classCode="OBS" moodCode="EVN">
               <id extension="initialPopulation" root="6FFB9124-7928-46EF-B68A-EA5B9E9A7B3E"/>
               <code code="IPOP" codeSystem="2.16.840.1.113883.5.4" codeSystemName="Act Code"/>
               <precondition typeCode="PRCN">
                  <criteriaReference classCode="OBS" moodCode="EVN">
                     <id extension="AccurateHumanEpidermalGrowthFactorReceptor2HER2TumorEvaluationandRepeatEvaluationPatientswithBreastCarcinomatoInformTreatmentDecisions.&quot;Initial Population&quot;"
                         root="8776105E-6AA7-4565-A577-4F8CD1569D41"/>
                  </criteriaReference>
               </precondition>
            </initialPopulationCriteria>
         </component>
         <component typeCode="COMP">
            <denominatorCriteria classCode="OBS" moodCode="EVN">
               <id extension="denominator" root="77D96236-C0FC-4A96-9293-3662ACDBBB8C"/>
               <code code="DENOM" codeSystem="2.16.840.1.113883.5.4" codeSystemName="Act Code"/>
               <precondition typeCode="PRCN">
                  <criteriaReference classCode="OBS" moodCode="EVN">
                     <id extension="AccurateHumanEpidermalGrowthFactorReceptor2HER2TumorEvaluationandRepeatEvaluationPatientswithBreastCarcinomatoInformTreatmentDecisions.&quot;Denominator 2&quot;"
                         root="8776105E-6AA7-4565-A577-4F8CD1569D41"/>
                  </criteriaReference>
               </precondition>
            </denominatorCriteria>
         </component>
         <component typeCode="COMP">
            <numeratorCriteria classCode="OBS" moodCode="EVN">
               <id extension="numerator" root="62815C1E-0E90-4F10-8589-3F97CB2289B0"/>
               <code code="NUMER" codeSystem="2.16.840.1.113883.5.4" codeSystemName="Act Code"/>
               <precondition typeCode="PRCN">
                  <criteriaReference classCode="OBS" moodCode="EVN">
                     <id extension="AccurateHumanEpidermalGrowthFactorReceptor2HER2TumorEvaluationandRepeatEvaluationPatientswithBreastCarcinomatoInformTreatmentDecisions.&quot;Numerator 2&quot;"
                         root="8776105E-6AA7-4565-A577-4F8CD1569D41"/>
                  </criteriaReference>
               </precondition>
            </numeratorCriteria>
         </component>
         <component typeCode="COMP">
            <cql-ext:supplementalDataElement>
               <id extension="Supplemental Data Elements"
                   root="33072E84-6EB8-4334-A161-BD8B1D07D8BD"/>
               <code code="SDE" codeSystem="2.16.840.1.113883.5.4" codeSystemName="Act Code"/>
               <precondition typeCode="PRCN">
                  <criteriaReference classCode="OBS" moodCode="EVN">
                     <id extension="AccurateHumanEpidermalGrowthFactorReceptor2HER2TumorEvaluationandRepeatEvaluationPatientswithBreastCarcinomatoInformTreatmentDecisions.&quot;SDE Ethnicity&quot;"
                         root="8776105E-6AA7-4565-A577-4F8CD1569D41"/>
                  </criteriaReference>
               </precondition>
            </cql-ext:supplementalDataElement>
         </component>
         <component typeCode="COMP">
            <cql-ext:supplementalDataElement>
               <id extension="Supplemental Data Elements"
                   root="41D97E9D-F29E-4E35-BB8C-000BA0593020"/>
               <code code="SDE" codeSystem="2.16.840.1.113883.5.4" codeSystemName="Act Code"/>
               <precondition typeCode="PRCN">
                  <criteriaReference classCode="OBS" moodCode="EVN">
                     <id extension="AccurateHumanEpidermalGrowthFactorReceptor2HER2TumorEvaluationandRepeatEvaluationPatientswithBreastCarcinomatoInformTreatmentDecisions.&quot;SDE Payer&quot;"
                         root="8776105E-6AA7-4565-A577-4F8CD1569D41"/>
                  </criteriaReference>
               </precondition>
            </cql-ext:supplementalDataElement>
         </component>
         <component typeCode="COMP">
            <cql-ext:supplementalDataElement>
               <id extension="Supplemental Data Elements"
                   root="8DCA1F5C-7CA8-4C67-B7BD-B6AF2E76AB0D"/>
               <code code="SDE" codeSystem="2.16.840.1.113883.5.4" codeSystemName="Act Code"/>
               <precondition typeCode="PRCN">
                  <criteriaReference classCode="OBS" moodCode="EVN">
                     <id extension="AccurateHumanEpidermalGrowthFactorReceptor2HER2TumorEvaluationandRepeatEvaluationPatientswithBreastCarcinomatoInformTreatmentDecisions.&quot;SDE Race&quot;"
                         root="8776105E-6AA7-4565-A577-4F8CD1569D41"/>
                  </criteriaReference>
               </precondition>
            </cql-ext:supplementalDataElement>
         </component>
         <component typeCode="COMP">
            <cql-ext:supplementalDataElement>
               <id extension="Supplemental Data Elements"
                   root="2D3AA421-9A12-4459-B56C-9004D29D650D"/>
               <code code="SDE" codeSystem="2.16.840.1.113883.5.4" codeSystemName="Act Code"/>
               <precondition typeCode="PRCN">
                  <criteriaReference classCode="OBS" moodCode="EVN">
                     <id extension="AccurateHumanEpidermalGrowthFactorReceptor2HER2TumorEvaluationandRepeatEvaluationPatientswithBreastCarcinomatoInformTreatmentDecisions.&quot;SDE Sex&quot;"
                         root="8776105E-6AA7-4565-A577-4F8CD1569D41"/>
                  </criteriaReference>
               </precondition>
            </cql-ext:supplementalDataElement>
         </component>
      </populationCriteriaSection>
   </component>
   <component>
      <populationCriteriaSection>
         <templateId>
            <item extension="2017-08-01" root="2.16.840.1.113883.10.20.28.2.7"/>
         </templateId>
         <id extension="PopulationCriteria3" root="9DDC0157-DB86-465F-AE1F-3EC9A6F34713"/>
         <code code="57026-7" codeSystem="2.16.840.1.113883.6.1"/>
         <title value="Population Criteria Section"/>
         <text/>
         <component typeCode="COMP">
            <initialPopulationCriteria classCode="OBS" moodCode="EVN">
               <id extension="initialPopulation" root="F1B35A5A-DA9F-42B0-8C82-6487BAEEF2AB"/>
               <code code="IPOP" codeSystem="2.16.840.1.113883.5.4" codeSystemName="Act Code"/>
               <precondition typeCode="PRCN">
                  <criteriaReference classCode="OBS" moodCode="EVN">
                     <id extension="AccurateHumanEpidermalGrowthFactorReceptor2HER2TumorEvaluationandRepeatEvaluationPatientswithBreastCarcinomatoInformTreatmentDecisions.&quot;Initial Population&quot;"
                         root="8776105E-6AA7-4565-A577-4F8CD1569D41"/>
                  </criteriaReference>
               </precondition>
            </initialPopulationCriteria>
         </component>
         <component typeCode="COMP">
            <denominatorCriteria classCode="OBS" moodCode="EVN">
               <id extension="denominator" root="6592A905-BABA-4A48-AC6E-0E0EF23C9374"/>
               <code code="DENOM" codeSystem="2.16.840.1.113883.5.4" codeSystemName="Act Code"/>
               <precondition typeCode="PRCN">
                  <criteriaReference classCode="OBS" moodCode="EVN">
                     <id extension="AccurateHumanEpidermalGrowthFactorReceptor2HER2TumorEvaluationandRepeatEvaluationPatientswithBreastCarcinomatoInformTreatmentDecisions.&quot;Denominator&quot;"
                         root="8776105E-6AA7-4565-A577-4F8CD1569D41"/>
                  </criteriaReference>
               </precondition>
            </denominatorCriteria>
         </component>
         <component typeCode="COMP">
            <numeratorCriteria classCode="OBS" moodCode="EVN">
               <id extension="numerator" root="426F90FC-F57A-4D44-B4E2-07FD6E44D4F9"/>
               <code code="NUMER" codeSystem="2.16.840.1.113883.5.4" codeSystemName="Act Code"/>
               <precondition typeCode="PRCN">
                  <criteriaReference classCode="OBS" moodCode="EVN">
                     <id extension="AccurateHumanEpidermalGrowthFactorReceptor2HER2TumorEvaluationandRepeatEvaluationPatientswithBreastCarcinomatoInformTreatmentDecisions.&quot;Numerator 3&quot;"
                         root="8776105E-6AA7-4565-A577-4F8CD1569D41"/>
                  </criteriaReference>
               </precondition>
            </numeratorCriteria>
         </component>
         <component typeCode="COMP">
            <cql-ext:supplementalDataElement>
               <id extension="Supplemental Data Elements"
                   root="EAD6087E-F576-4762-A607-5D6478EA9ABE"/>
               <code code="SDE" codeSystem="2.16.840.1.113883.5.4" codeSystemName="Act Code"/>
               <precondition typeCode="PRCN">
                  <criteriaReference classCode="OBS" moodCode="EVN">
                     <id extension="AccurateHumanEpidermalGrowthFactorReceptor2HER2TumorEvaluationandRepeatEvaluationPatientswithBreastCarcinomatoInformTreatmentDecisions.&quot;SDE Ethnicity&quot;"
                         root="8776105E-6AA7-4565-A577-4F8CD1569D41"/>
                  </criteriaReference>
               </precondition>
            </cql-ext:supplementalDataElement>
         </component>
         <component typeCode="COMP">
            <cql-ext:supplementalDataElement>
               <id extension="Supplemental Data Elements"
                   root="9D044FF3-1FD9-4418-8866-F03B670D1BE5"/>
               <code code="SDE" codeSystem="2.16.840.1.113883.5.4" codeSystemName="Act Code"/>
               <precondition typeCode="PRCN">
                  <criteriaReference classCode="OBS" moodCode="EVN">
                     <id extension="AccurateHumanEpidermalGrowthFactorReceptor2HER2TumorEvaluationandRepeatEvaluationPatientswithBreastCarcinomatoInformTreatmentDecisions.&quot;SDE Payer&quot;"
                         root="8776105E-6AA7-4565-A577-4F8CD1569D41"/>
                  </criteriaReference>
               </precondition>
            </cql-ext:supplementalDataElement>
         </component>
         <component typeCode="COMP">
            <cql-ext:supplementalDataElement>
               <id extension="Supplemental Data Elements"
                   root="E8B706E2-A6FC-494D-9572-4CE70D10BB13"/>
               <code code="SDE" codeSystem="2.16.840.1.113883.5.4" codeSystemName="Act Code"/>
               <precondition typeCode="PRCN">
                  <criteriaReference classCode="OBS" moodCode="EVN">
                     <id extension="AccurateHumanEpidermalGrowthFactorReceptor2HER2TumorEvaluationandRepeatEvaluationPatientswithBreastCarcinomatoInformTreatmentDecisions.&quot;SDE Race&quot;"
                         root="8776105E-6AA7-4565-A577-4F8CD1569D41"/>
                  </criteriaReference>
               </precondition>
            </cql-ext:supplementalDataElement>
         </component>
         <component typeCode="COMP">
            <cql-ext:supplementalDataElement>
               <id extension="Supplemental Data Elements"
                   root="44486247-5CEC-4CF8-BCF0-1BC421D74181"/>
               <code code="SDE" codeSystem="2.16.840.1.113883.5.4" codeSystemName="Act Code"/>
               <precondition typeCode="PRCN">
                  <criteriaReference classCode="OBS" moodCode="EVN">
                     <id extension="AccurateHumanEpidermalGrowthFactorReceptor2HER2TumorEvaluationandRepeatEvaluationPatientswithBreastCarcinomatoInformTreatmentDecisions.&quot;SDE Sex&quot;"
                         root="8776105E-6AA7-4565-A577-4F8CD1569D41"/>
                  </criteriaReference>
               </precondition>
            </cql-ext:supplementalDataElement>
         </component>
      </populationCriteriaSection>
   </component>
</QualityMeasureDocument>