<?xml version="1.0" encoding="UTF-8"?>
<library xmlns="urn:hl7-org:elm:r1" xmlns:t="urn:hl7-org:elm-types:r1" xmlns:xsi="http://www.w3.org/2001/XMLSchema-instance" xmlns:xsd="http://www.w3.org/2001/XMLSchema" xmlns:fhir="http://hl7.org/fhir" xmlns:qdm43="urn:healthit-gov:qdm:v4_3" xmlns:qdm53="urn:healthit-gov:qdm:v5_3" xmlns:a="urn:hl7-org:cql-annotations:r1">
   <annotation translatorOptions="EnableAnnotations,EnableLocators,DisableListDemotion,DisableListPromotion,DisableMethodInvocation" xsi:type="a:CqlToElmInfo"/>
   <annotation xsi:type="a:Annotation">
      <a:s r="237">
         <a:s>library HybridHospitalWideReadmission version '2.0.004'</a:s>
      </a:s>
   </annotation>
   <identifier id="HybridHospitalWideReadmission" version="2.0.004"/>
   <schemaIdentifier id="urn:hl7-org:elm" version="r1"/>
   <usings>
      <def localIdentifier="System" uri="urn:hl7-org:elm-types:r1"/>
      <def localId="1" locator="3:1-3:23" localIdentifier="QDM" uri="urn:healthit-gov:qdm:v5_6" version="5.6">
         <annotation xsi:type="a:Annotation">
            <a:s r="1">
               <a:s>using </a:s>
               <a:s>
                  <a:s>QDM</a:s>
               </a:s>
               <a:s> version '5.6'</a:s>
            </a:s>
         </annotation>
      </def>
   </usings>
   <includes>
      <def localId="2" locator="5:1-5:64" localIdentifier="Global" path="MATGlobalCommonFunctions" version="7.0.000">
         <annotation xsi:type="a:Annotation">
            <a:s r="2">
               <a:s>include </a:s>
               <a:s>
                  <a:s>MATGlobalCommonFunctions</a:s>
               </a:s>
               <a:s> version '7.0.000' called Global</a:s>
            </a:s>
         </annotation>
      </def>
   </includes>
   <parameters>
      <def localId="29" locator="30:1-30:49" name="Measurement Period" accessLevel="Public">
         <annotation xsi:type="a:Annotation">
            <a:s r="29">
               <a:s>parameter &quot;Measurement Period&quot; </a:s>
               <a:s r="28">
                  <a:s>Interval&lt;</a:s>
                  <a:s r="27">
                     <a:s>DateTime</a:s>
                  </a:s>
                  <a:s>></a:s>
               </a:s>
            </a:s>
         </annotation>
         <parameterTypeSpecifier localId="28" locator="30:32-30:49" xsi:type="IntervalTypeSpecifier">
            <pointType localId="27" locator="30:41-30:48" name="t:DateTime" xsi:type="NamedTypeSpecifier"/>
         </parameterTypeSpecifier>
      </def>
   </parameters>
   <codeSystems>
      <def localId="3" locator="7:1-7:51" name="LOINC" id="urn:oid:2.16.840.1.113883.6.1" accessLevel="Public">
         <annotation xsi:type="a:Annotation">
            <a:s r="3">
               <a:s>codesystem &quot;LOINC&quot;: 'urn:oid:2.16.840.1.113883.6.1'</a:s>
            </a:s>
         </annotation>
      </def>
   </codeSystems>
   <valueSets>
      <def localId="4" locator="9:1-9:73" name="Bicarbonate lab test" id="urn:oid:2.16.840.1.113762.1.4.1045.139" accessLevel="Public">
         <annotation xsi:type="a:Annotation">
            <a:s r="4">
               <a:s>valueset &quot;Bicarbonate lab test&quot;: 'urn:oid:2.16.840.1.113762.1.4.1045.139'</a:s>
            </a:s>
         </annotation>
      </def>
      <def localId="5" locator="10:1-10:69" name="Body temperature" id="urn:oid:2.16.840.1.113762.1.4.1045.152" accessLevel="Public">
         <annotation xsi:type="a:Annotation">
            <a:s r="5">
               <a:s>valueset &quot;Body temperature&quot;: 'urn:oid:2.16.840.1.113762.1.4.1045.152'</a:s>
            </a:s>
         </annotation>
      </def>
      <def localId="6" locator="11:1-11:64" name="Body weight" id="urn:oid:2.16.840.1.113762.1.4.1045.159" accessLevel="Public">
         <annotation xsi:type="a:Annotation">
            <a:s r="6">
               <a:s>valueset &quot;Body weight&quot;: 'urn:oid:2.16.840.1.113762.1.4.1045.159'</a:s>
            </a:s>
         </annotation>
      </def>
      <def localId="7" locator="12:1-12:72" name="Creatinine lab test" id="urn:oid:2.16.840.1.113883.3.666.5.2363" accessLevel="Public">
         <annotation xsi:type="a:Annotation">
            <a:s r="7">
               <a:s>valueset &quot;Creatinine lab test&quot;: 'urn:oid:2.16.840.1.113883.3.666.5.2363'</a:s>
            </a:s>
         </annotation>
      </def>
      <def localId="8" locator="13:1-13:71" name="Encounter Inpatient" id="urn:oid:2.16.840.1.113883.3.666.5.307" accessLevel="Public">
         <annotation xsi:type="a:Annotation">
            <a:s r="8">
               <a:s>valueset &quot;Encounter Inpatient&quot;: 'urn:oid:2.16.840.1.113883.3.666.5.307'</a:s>
            </a:s>
         </annotation>
      </def>
      <def localId="9" locator="14:1-14:58" name="Ethnicity" id="urn:oid:2.16.840.1.114222.4.11.837" accessLevel="Public">
         <annotation xsi:type="a:Annotation">
            <a:s r="9">
               <a:s>valueset &quot;Ethnicity&quot;: 'urn:oid:2.16.840.1.114222.4.11.837'</a:s>
            </a:s>
         </annotation>
      </def>
      <def localId="10" locator="15:1-15:69" name="Glucose lab test" id="urn:oid:2.16.840.1.113762.1.4.1045.134" accessLevel="Public">
         <annotation xsi:type="a:Annotation">
            <a:s r="10">
               <a:s>valueset &quot;Glucose lab test&quot;: 'urn:oid:2.16.840.1.113762.1.4.1045.134'</a:s>
            </a:s>
         </annotation>
      </def>
      <def localId="11" locator="16:1-16:72" name="Hematocrit lab test" id="urn:oid:2.16.840.1.113762.1.4.1045.114" accessLevel="Public">
         <annotation xsi:type="a:Annotation">
            <a:s r="11">
               <a:s>valueset &quot;Hematocrit lab test&quot;: 'urn:oid:2.16.840.1.113762.1.4.1045.114'</a:s>
            </a:s>
         </annotation>
      </def>
      <def localId="12" locator="17:1-17:66" name="Medicare payer" id="urn:oid:2.16.840.1.113762.1.4.1104.10" accessLevel="Public">
         <annotation xsi:type="a:Annotation">
            <a:s r="12">
               <a:s>valueset &quot;Medicare payer&quot;: 'urn:oid:2.16.840.1.113762.1.4.1104.10'</a:s>
            </a:s>
         </annotation>
      </def>
      <def localId="13" locator="18:1-18:68" name="ONC Administrative Sex" id="urn:oid:2.16.840.1.113762.1.4.1" accessLevel="Public">
         <annotation xsi:type="a:Annotation">
            <a:s r="13">
               <a:s>valueset &quot;ONC Administrative Sex&quot;: 'urn:oid:2.16.840.1.113762.1.4.1'</a:s>
            </a:s>
         </annotation>
      </def>
      <def localId="14" locator="19:1-19:55" name="Payer" id="urn:oid:2.16.840.1.114222.4.11.3591" accessLevel="Public">
         <annotation xsi:type="a:Annotation">
            <a:s r="14">
               <a:s>valueset &quot;Payer&quot;: 'urn:oid:2.16.840.1.114222.4.11.3591'</a:s>
            </a:s>
         </annotation>
      </def>
      <def localId="15" locator="20:1-20:71" name="Potassium lab test" id="urn:oid:2.16.840.1.113762.1.4.1045.117" accessLevel="Public">
         <annotation xsi:type="a:Annotation">
            <a:s r="15">
               <a:s>valueset &quot;Potassium lab test&quot;: 'urn:oid:2.16.840.1.113762.1.4.1045.117'</a:s>
            </a:s>
         </annotation>
      </def>
      <def localId="16" locator="21:1-21:53" name="Race" id="urn:oid:2.16.840.1.114222.4.11.836" accessLevel="Public">
         <annotation xsi:type="a:Annotation">
            <a:s r="16">
               <a:s>valueset &quot;Race&quot;: 'urn:oid:2.16.840.1.114222.4.11.836'</a:s>
            </a:s>
         </annotation>
      </def>
      <def localId="17" locator="22:1-22:68" name="Sodium lab test" id="urn:oid:2.16.840.1.113762.1.4.1045.119" accessLevel="Public">
         <annotation xsi:type="a:Annotation">
            <a:s r="17">
               <a:s>valueset &quot;Sodium lab test&quot;: 'urn:oid:2.16.840.1.113762.1.4.1045.119'</a:s>
            </a:s>
         </annotation>
      </def>
      <def localId="18" locator="23:1-23:85" name="White blood cells count lab test" id="urn:oid:2.16.840.1.113762.1.4.1045.129" accessLevel="Public">
         <annotation xsi:type="a:Annotation">
            <a:s r="18">
               <a:s>valueset &quot;White blood cells count lab test&quot;: 'urn:oid:2.16.840.1.113762.1.4.1045.129'</a:s>
            </a:s>
         </annotation>
      </def>
   </valueSets>
   <codes>
      <def localId="20" locator="25:1-25:61" name="Heart rate" id="8867-4" display="Heart rate" accessLevel="Public">
         <annotation xsi:type="a:Annotation">
            <a:s r="20">
               <a:s>code &quot;Heart rate&quot;: '8867-4' from </a:s>
               <a:s r="19">
                  <a:s>&quot;LOINC&quot;</a:s>
               </a:s>
               <a:s> display 'Heart rate'</a:s>
            </a:s>
         </annotation>
         <codeSystem localId="19" locator="25:34-25:40" name="LOINC"/>
      </def>
      <def localId="22" locator="26:1-26:148" name="Oxygen saturation in Arterial blood by Pulse oximetry" id="59408-5" display="Oxygen saturation in Arterial blood by Pulse oximetry" accessLevel="Public">
         <annotation xsi:type="a:Annotation">
            <a:s r="22">
               <a:s>code &quot;Oxygen saturation in Arterial blood by Pulse oximetry&quot;: '59408-5' from </a:s>
               <a:s r="21">
                  <a:s>&quot;LOINC&quot;</a:s>
               </a:s>
               <a:s> display 'Oxygen saturation in Arterial blood by Pulse oximetry'</a:s>
            </a:s>
         </annotation>
         <codeSystem localId="21" locator="26:78-26:84" name="LOINC"/>
      </def>
      <def localId="24" locator="27:1-27:73" name="Respiratory rate" id="9279-1" display="Respiratory rate" accessLevel="Public">
         <annotation xsi:type="a:Annotation">
            <a:s r="24">
               <a:s>code &quot;Respiratory rate&quot;: '9279-1' from </a:s>
               <a:s r="23">
                  <a:s>&quot;LOINC&quot;</a:s>
               </a:s>
               <a:s> display 'Respiratory rate'</a:s>
            </a:s>
         </annotation>
         <codeSystem localId="23" locator="27:40-27:46" name="LOINC"/>
      </def>
      <def localId="26" locator="28:1-28:87" name="Systolic blood pressure" id="8480-6" display="Systolic blood pressure" accessLevel="Public">
         <annotation xsi:type="a:Annotation">
            <a:s r="26">
               <a:s>code &quot;Systolic blood pressure&quot;: '8480-6' from </a:s>
               <a:s r="25">
                  <a:s>&quot;LOINC&quot;</a:s>
               </a:s>
               <a:s> display 'Systolic blood pressure'</a:s>
            </a:s>
         </annotation>
         <codeSystem localId="25" locator="28:47-28:53" name="LOINC"/>
      </def>
   </codes>
   <contexts>
      <def locator="32:1-32:15" name="Patient"/>
   </contexts>
   <statements>
      <def locator="32:1-32:15" name="Patient" context="Patient">
         <expression xsi:type="SingletonFrom">
            <operand locator="32:1-32:15" xmlns:ns0="urn:healthit-gov:qdm:v5_6" dataType="ns0:Patient" templateId="Patient" xsi:type="Retrieve"/>
         </expression>
      </def>
      <def localId="54" locator="70:1-77:29" name="Inpatient Encounters" context="Patient" accessLevel="Public">
         <annotation xsi:type="a:Annotation">
            <a:s r="54">
               <a:s>define &quot;Inpatient Encounters&quot;:
  </a:s>
               <a:s r="53">
                  <a:s>
                     <a:s>from
    </a:s>
                     <a:s r="31">
                        <a:s r="30">
                           <a:s r="30">
                              <a:s>[&quot;Encounter, Performed&quot;: </a:s>
                              <a:s>
                                 <a:s>&quot;Encounter Inpatient&quot;</a:s>
                              </a:s>
                              <a:s>]</a:s>
                           </a:s>
                        </a:s>
                        <a:s> InpatientEncounter</a:s>
                     </a:s>
                     <a:s>,
    </a:s>
                     <a:s r="33">
                        <a:s r="32">
                           <a:s r="32">
                              <a:s>[&quot;Patient Characteristic Payer&quot;: </a:s>
                              <a:s>
                                 <a:s>&quot;Medicare payer&quot;</a:s>
                              </a:s>
                              <a:s>]</a:s>
                           </a:s>
                        </a:s>
                        <a:s> Payer</a:s>
                     </a:s>
                  </a:s>
                  <a:s>
    </a:s>
                  <a:s r="50">
                     <a:s>where </a:s>
                     <a:s r="50">
                        <a:s r="43">
                           <a:s r="38">
                              <a:s r="36">
                                 <a:s r="34">
                                    <a:s>Global</a:s>
                                 </a:s>
                                 <a:s>.</a:s>
                                 <a:s r="36">
                                    <a:s>&quot;HospitalizationWithObservationLengthofStay&quot; ( </a:s>
                                    <a:s r="35">
                                       <a:s>InpatientEncounter</a:s>
                                    </a:s>
                                    <a:s> )</a:s>
                                 </a:s>
                              </a:s>
                              <a:s r="37"> &lt; 365</a:s>
                           </a:s>
                           <a:s>
      and </a:s>
                           <a:s r="42">
                              <a:s r="40">
                                 <a:s r="39">
                                    <a:s>InpatientEncounter</a:s>
                                 </a:s>
                                 <a:s>.</a:s>
                                 <a:s r="40">
                                    <a:s>relevantPeriod</a:s>
                                 </a:s>
                              </a:s>
                              <a:s r="42"> ends during day of </a:s>
                              <a:s r="41">
                                 <a:s>&quot;Measurement Period&quot;</a:s>
                              </a:s>
                           </a:s>
                        </a:s>
                        <a:s>
      and </a:s>
                        <a:s r="49">
                           <a:s r="47">
                              <a:s>AgeInYearsAt(</a:s>
                              <a:s r="46">
                                 <a:s>start of </a:s>
                                 <a:s r="45">
                                    <a:s r="44">
                                       <a:s>InpatientEncounter</a:s>
                                    </a:s>
                                    <a:s>.</a:s>
                                    <a:s r="45">
                                       <a:s>relevantPeriod</a:s>
                                    </a:s>
                                 </a:s>
                              </a:s>
                              <a:s>)</a:s>
                           </a:s>
                           <a:s r="48">>= 65</a:s>
                        </a:s>
                     </a:s>
                  </a:s>
                  <a:s>
    </a:s>
                  <a:s r="52">
                     <a:s>return </a:s>
                     <a:s r="51">
                        <a:s>InpatientEncounter</a:s>
                     </a:s>
                  </a:s>
               </a:s>
            </a:s>
         </annotation>
         <expression localId="53" locator="71:3-77:29" xsi:type="Query">
            <source localId="31" locator="72:5-72:70" alias="InpatientEncounter">
               <expression localId="30" locator="72:5-72:51" xmlns:ns1="urn:healthit-gov:qdm:v5_6" dataType="ns1:PositiveEncounterPerformed" templateId="PositiveEncounterPerformed" codeProperty="code" codeComparator="in" xsi:type="Retrieve">
                  <codes locator="72:30-72:50" name="Encounter Inpatient" xsi:type="ValueSetRef"/>
               </expression>
            </source>
            <source localId="33" locator="73:5-73:60" alias="Payer">
               <expression localId="32" locator="73:5-73:54" xmlns:ns2="urn:healthit-gov:qdm:v5_6" dataType="ns2:PatientCharacteristicPayer" codeProperty="code" codeComparator="in" xsi:type="Retrieve">
                  <codes locator="73:38-73:53" name="Medicare payer" xsi:type="ValueSetRef"/>
               </expression>
            </source>
            <where localId="50" locator="74:5-76:71" xsi:type="And">
               <operand localId="43" locator="74:11-75:83" xsi:type="And">
                  <operand localId="38" locator="74:11-74:90" xsi:type="Less">
                     <operand localId="36" locator="74:11-74:84" name="HospitalizationWithObservationLengthofStay" libraryName="Global" xsi:type="FunctionRef">
                        <operand localId="35" locator="74:65-74:82" name="InpatientEncounter" xsi:type="AliasRef"/>
                     </operand>
                     <operand localId="37" locator="74:88-74:90" valueType="t:Integer" value="365" xsi:type="Literal"/>
                  </operand>
                  <operand localId="42" locator="75:11-75:83" precision="Day" xsi:type="In">
                     <operand locator="75:45-75:48" xsi:type="End">
                        <operand localId="40" locator="75:11-75:43" path="relevantPeriod" scope="InpatientEncounter" xsi:type="Property"/>
                     </operand>
                     <operand localId="41" locator="75:64-75:83" name="Measurement Period" xsi:type="ParameterRef"/>
                  </operand>
               </operand>
               <operand localId="49" locator="76:11-76:71" xsi:type="GreaterOrEqual">
                  <operand localId="47" locator="76:11-76:66" precision="Year" xsi:type="CalculateAgeAt">
                     <operand path="birthDatetime" xsi:type="Property">
                        <source name="Patient" xsi:type="ExpressionRef"/>
                     </operand>
                     <operand localId="46" locator="76:24-76:65" xsi:type="Start">
                        <operand localId="45" locator="76:33-76:65" path="relevantPeriod" scope="InpatientEncounter" xsi:type="Property"/>
                     </operand>
                  </operand>
                  <operand localId="48" locator="76:70-76:71" valueType="t:Integer" value="65" xsi:type="Literal"/>
               </operand>
            </where>
            <return localId="52" locator="77:5-77:29">
               <expression localId="51" locator="77:12-77:29" name="InpatientEncounter" xsi:type="AliasRef"/>
            </return>
         </expression>
      </def>
      <def localId="56" locator="34:1-35:24" name="Initial Population" context="Patient" accessLevel="Public">
         <annotation xsi:type="a:Annotation">
            <a:s r="56">
               <a:s>define &quot;Initial Population&quot;:
  </a:s>
               <a:s r="55">
                  <a:s>&quot;Inpatient Encounters&quot;</a:s>
               </a:s>
            </a:s>
         </annotation>
         <expression localId="55" locator="35:3-35:24" name="Inpatient Encounters" xsi:type="ExpressionRef"/>
      </def>
      <def localId="58" locator="37:1-38:51" name="SDE Ethnicity" context="Patient" accessLevel="Public">
         <annotation xsi:type="a:Annotation">
            <a:s r="58">
               <a:s>define &quot;SDE Ethnicity&quot;:
  </a:s>
               <a:s r="57">
                  <a:s>[&quot;Patient Characteristic Ethnicity&quot;: </a:s>
                  <a:s>
                     <a:s>&quot;Ethnicity&quot;</a:s>
                  </a:s>
                  <a:s>]</a:s>
               </a:s>
            </a:s>
         </annotation>
         <expression localId="57" locator="38:3-38:51" xmlns:ns3="urn:healthit-gov:qdm:v5_6" dataType="ns3:PatientCharacteristicEthnicity" codeProperty="code" codeComparator="in" xsi:type="Retrieve">
            <codes locator="38:40-38:50" name="Ethnicity" xsi:type="ValueSetRef"/>
         </expression>
      </def>
      <def localId="60" locator="40:1-41:43" name="SDE Payer" context="Patient" accessLevel="Public">
         <annotation xsi:type="a:Annotation">
            <a:s r="60">
               <a:s>define &quot;SDE Payer&quot;:
  </a:s>
               <a:s r="59">
                  <a:s>[&quot;Patient Characteristic Payer&quot;: </a:s>
                  <a:s>
                     <a:s>&quot;Payer&quot;</a:s>
                  </a:s>
                  <a:s>]</a:s>
               </a:s>
            </a:s>
         </annotation>
         <expression localId="59" locator="41:3-41:43" xmlns:ns4="urn:healthit-gov:qdm:v5_6" dataType="ns4:PatientCharacteristicPayer" codeProperty="code" codeComparator="in" xsi:type="Retrieve">
            <codes locator="41:36-41:42" name="Payer" xsi:type="ValueSetRef"/>
         </expression>
      </def>
      <def localId="62" locator="43:1-44:41" name="SDE Race" context="Patient" accessLevel="Public">
         <annotation xsi:type="a:Annotation">
            <a:s r="62">
               <a:s>define &quot;SDE Race&quot;:
  </a:s>
               <a:s r="61">
                  <a:s>[&quot;Patient Characteristic Race&quot;: </a:s>
                  <a:s>
                     <a:s>&quot;Race&quot;</a:s>
                  </a:s>
                  <a:s>]</a:s>
               </a:s>
            </a:s>
         </annotation>
         <expression localId="61" locator="44:3-44:41" xmlns:ns5="urn:healthit-gov:qdm:v5_6" dataType="ns5:PatientCharacteristicRace" codeProperty="code" codeComparator="in" xsi:type="Retrieve">
            <codes locator="44:35-44:40" name="Race" xsi:type="ValueSetRef"/>
         </expression>
      </def>
      <def localId="64" locator="46:1-47:58" name="SDE Sex" context="Patient" accessLevel="Public">
         <annotation xsi:type="a:Annotation">
            <a:s r="64">
               <a:s>define &quot;SDE Sex&quot;:
  </a:s>
               <a:s r="63">
                  <a:s>[&quot;Patient Characteristic Sex&quot;: </a:s>
                  <a:s>
                     <a:s>&quot;ONC Administrative Sex&quot;</a:s>
                  </a:s>
                  <a:s>]</a:s>
               </a:s>
            </a:s>
         </annotation>
         <expression localId="63" locator="47:3-47:58" xmlns:ns6="urn:healthit-gov:qdm:v5_6" dataType="ns6:PatientCharacteristicSex" codeProperty="code" codeComparator="in" xsi:type="Retrieve">
            <codes locator="47:34-47:57" name="ONC Administrative Sex" xsi:type="ValueSetRef"/>
         </expression>
      </def>
      <def localId="114" locator="104:1-114:5" name="FirstPhysicalExamWithEncounterId" context="Patient" accessLevel="Public" xsi:type="FunctionDef">
         <annotation xsi:type="a:Annotation">
            <a:s r="114">
               <a:s>define function &quot;FirstPhysicalExamWithEncounterId&quot;(ExamList </a:s>
               <a:s r="67">
                  <a:s>List&lt;</a:s>
                  <a:s r="66">
                     <a:s>QDM.PositivePhysicalExamPerformed</a:s>
                  </a:s>
                  <a:s>></a:s>
               </a:s>
               <a:s> ):
  </a:s>
               <a:s r="113">
                  <a:s r="113">
                     <a:s>
                        <a:s r="69">
                           <a:s r="68">
                              <a:s>
                                 <a:s>&quot;Inpatient Encounters&quot;</a:s>
                              </a:s>
                           </a:s>
                           <a:s> Encounter</a:s>
                        </a:s>
                     </a:s>
                     <a:s>
    </a:s>
                     <a:s>
                        <a:s>let </a:s>
                        <a:s r="98">
                           <a:s>FirstExam: </a:s>
                           <a:s r="97">
                              <a:s>First(</a:s>
                              <a:s r="96">
                                 <a:s>
                                    <a:s r="71">
                                       <a:s r="70">
                                          <a:s>
                                             <a:s>ExamList</a:s>
                                          </a:s>
                                       </a:s>
                                       <a:s> Exam</a:s>
                                    </a:s>
                                 </a:s>
                                 <a:s>
        </a:s>
                                 <a:s r="89">
                                    <a:s>where </a:s>
                                    <a:s r="89">
                                       <a:s r="77">
                                          <a:s r="72">
                                             <a:s>Global</a:s>
                                          </a:s>
                                          <a:s>.</a:s>
                                          <a:s r="77">
                                             <a:s>&quot;EarliestOf&quot;(</a:s>
                                             <a:s r="74">
                                                <a:s r="73">
                                                   <a:s>Exam</a:s>
                                                </a:s>
                                                <a:s>.</a:s>
                                                <a:s r="74">
                                                   <a:s>relevantDatetime</a:s>
                                                </a:s>
                                             </a:s>
                                             <a:s>, </a:s>
                                             <a:s r="76">
                                                <a:s r="75">
                                                   <a:s>Exam</a:s>
                                                </a:s>
                                                <a:s>.</a:s>
                                                <a:s r="76">
                                                   <a:s>relevantPeriod</a:s>
                                                </a:s>
                                             </a:s>
                                             <a:s>)</a:s>
                                          </a:s>
                                       </a:s>
                                       <a:s r="89">during </a:s>
                                       <a:s r="88">
                                          <a:s>Interval[</a:s>
                                          <a:s r="82">
                                             <a:s r="80">
                                                <a:s>start of </a:s>
                                                <a:s r="79">
                                                   <a:s r="78">
                                                      <a:s>Encounter</a:s>
                                                   </a:s>
                                                   <a:s>.</a:s>
                                                   <a:s r="79">
                                                      <a:s>relevantPeriod</a:s>
                                                   </a:s>
                                                </a:s>
                                             </a:s>
                                             <a:s> - </a:s>
                                             <a:s r="81">
                                                <a:s>1440 minutes</a:s>
                                             </a:s>
                                          </a:s>
                                          <a:s>, </a:s>
                                          <a:s r="87">
                                             <a:s r="85">
                                                <a:s>start of </a:s>
                                                <a:s r="84">
                                                   <a:s r="83">
                                                      <a:s>Encounter</a:s>
                                                   </a:s>
                                                   <a:s>.</a:s>
                                                   <a:s r="84">
                                                      <a:s>relevantPeriod</a:s>
                                                   </a:s>
                                                </a:s>
                                             </a:s>
                                             <a:s> + </a:s>
                                             <a:s r="86">
                                                <a:s>120 minutes</a:s>
                                             </a:s>
                                          </a:s>
                                          <a:s>]</a:s>
                                       </a:s>
                                    </a:s>
                                 </a:s>
                                 <a:s>
        </a:s>
                                 <a:s r="95">
                                    <a:s>sort by </a:s>
                                    <a:s r="94">
                                       <a:s r="93">
                                          <a:s r="90">
                                             <a:s>Global</a:s>
                                          </a:s>
                                          <a:s>.</a:s>
                                          <a:s r="93">
                                             <a:s>&quot;EarliestOf&quot;(</a:s>
                                             <a:s r="91">
                                                <a:s>relevantDatetime</a:s>
                                             </a:s>
                                             <a:s>, </a:s>
                                             <a:s r="92">
                                                <a:s>relevantPeriod</a:s>
                                             </a:s>
                                             <a:s>)</a:s>
                                          </a:s>
                                       </a:s>
                                    </a:s>
                                 </a:s>
                              </a:s>
                              <a:s>
    )</a:s>
                           </a:s>
                        </a:s>
                     </a:s>
                     <a:s>
    </a:s>
                     <a:s r="112">
                        <a:s>return </a:s>
                        <a:s r="111">
                           <a:s>{
      </a:s>
                           <a:s>
                              <a:s>EncounterId: </a:s>
                              <a:s r="100">
                                 <a:s r="99">
                                    <a:s>Encounter</a:s>
                                 </a:s>
                                 <a:s>.</a:s>
                                 <a:s r="100">
                                    <a:s>id</a:s>
                                 </a:s>
                              </a:s>
                           </a:s>
                           <a:s>,
      </a:s>
                           <a:s>
                              <a:s>FirstResult: </a:s>
                              <a:s r="104">
                                 <a:s r="102">
                                    <a:s r="101">
                                       <a:s>FirstExam</a:s>
                                    </a:s>
                                    <a:s>.</a:s>
                                    <a:s r="102">
                                       <a:s>result</a:s>
                                    </a:s>
                                 </a:s>
                                 <a:s> as </a:s>
                                 <a:s r="103">
                                    <a:s>Quantity</a:s>
                                 </a:s>
                              </a:s>
                           </a:s>
                           <a:s>,
      </a:s>
                           <a:s>
                              <a:s>Timing: </a:s>
                              <a:s r="110">
                                 <a:s r="105">
                                    <a:s>Global</a:s>
                                 </a:s>
                                 <a:s>.</a:s>
                                 <a:s r="110">
                                    <a:s>&quot;EarliestOf&quot; ( </a:s>
                                    <a:s r="107">
                                       <a:s r="106">
                                          <a:s>FirstExam</a:s>
                                       </a:s>
                                       <a:s>.</a:s>
                                       <a:s r="107">
                                          <a:s>relevantDatetime</a:s>
                                       </a:s>
                                    </a:s>
                                    <a:s>, </a:s>
                                    <a:s r="109">
                                       <a:s r="108">
                                          <a:s>FirstExam</a:s>
                                       </a:s>
                                       <a:s>.</a:s>
                                       <a:s r="109">
                                          <a:s>relevantPeriod</a:s>
                                       </a:s>
                                    </a:s>
                                    <a:s> )</a:s>
                                 </a:s>
                              </a:s>
                           </a:s>
                           <a:s>
    }</a:s>
                        </a:s>
                     </a:s>
                  </a:s>
               </a:s>
            </a:s>
         </annotation>
         <expression localId="113" locator="105:3-114:5" xsi:type="Query">
            <source localId="69" locator="105:3-105:34" alias="Encounter">
               <expression localId="68" locator="105:3-105:24" name="Inpatient Encounters" xsi:type="ExpressionRef"/>
            </source>
            <let localId="98" locator="106:9-109:5" identifier="FirstExam">
               <expression localId="97" locator="106:20-109:5" xsi:type="First">
                  <source localId="96" locator="106:26-108:69" xsi:type="Query">
                     <source localId="71" locator="106:26-106:38" alias="Exam">
                        <expression localId="70" locator="106:26-106:33" name="ExamList" xsi:type="OperandRef"/>
                     </source>
                     <where localId="89" locator="107:9-107:191" xsi:type="In">
                        <operand localId="77" locator="107:15-107:77" name="EarliestOf" libraryName="Global" xsi:type="FunctionRef">
                           <operand localId="74" locator="107:35-107:55" path="relevantDatetime" scope="Exam" xsi:type="Property"/>
                           <operand localId="76" locator="107:58-107:76" path="relevantPeriod" scope="Exam" xsi:type="Property"/>
                        </operand>
                        <operand localId="88" locator="107:85-107:191" lowClosed="true" highClosed="true" xsi:type="Interval">
                           <low localId="82" locator="107:94-107:141" xsi:type="Subtract">
                              <operand localId="80" locator="107:94-107:126" xsi:type="Start">
                                 <operand localId="79" locator="107:103-107:126" path="relevantPeriod" scope="Encounter" xsi:type="Property"/>
                              </operand>
                              <operand localId="81" locator="107:130-107:141" value="1440" unit="minutes" xsi:type="Quantity"/>
                           </low>
                           <high localId="87" locator="107:144-107:190" xsi:type="Add">
                              <operand localId="85" locator="107:144-107:176" xsi:type="Start">
                                 <operand localId="84" locator="107:153-107:176" path="relevantPeriod" scope="Encounter" xsi:type="Property"/>
                              </operand>
                              <operand localId="86" locator="107:180-107:190" value="120" unit="minutes" xsi:type="Quantity"/>
                           </high>
                        </operand>
                     </where>
                     <sort localId="95" locator="108:9-108:69">
                        <by localId="94" locator="108:17-108:69" direction="asc" xsi:type="ByExpression">
                           <expression localId="93" locator="108:17-108:69" name="EarliestOf" libraryName="Global" xsi:type="FunctionRef">
                              <operand localId="91" locator="108:37-108:52" name="relevantDatetime" xsi:type="IdentifierRef"/>
                              <operand localId="92" locator="108:55-108:68" name="relevantPeriod" xsi:type="IdentifierRef"/>
                           </expression>
                        </by>
                     </sort>
                  </source>
               </expression>
            </let>
            <return localId="112" locator="110:5-114:5">
               <expression localId="111" locator="110:12-114:5" xsi:type="Tuple">
                  <element name="EncounterId">
                     <value localId="100" locator="111:20-111:31" path="id" scope="Encounter" xsi:type="Property"/>
                  </element>
                  <element name="FirstResult">
                     <value localId="104" locator="112:20-112:47" strict="false" xsi:type="As">
                        <operand localId="102" locator="112:20-112:35" path="result" xsi:type="Property">
                           <source localId="101" locator="112:20-112:28" name="FirstExam" xsi:type="QueryLetRef"/>
                        </operand>
                        <asTypeSpecifier localId="103" locator="112:40-112:47" name="t:Quantity" xsi:type="NamedTypeSpecifier"/>
                     </value>
                  </element>
                  <element name="Timing">
                     <value localId="110" locator="113:15-113:90" name="EarliestOf" libraryName="Global" xsi:type="FunctionRef">
                        <operand localId="107" locator="113:37-113:62" path="relevantDatetime" xsi:type="Property">
                           <source localId="106" locator="113:37-113:45" name="FirstExam" xsi:type="QueryLetRef"/>
                        </operand>
                        <operand localId="109" locator="113:65-113:88" path="relevantPeriod" xsi:type="Property">
                           <source localId="108" locator="113:65-113:73" name="FirstExam" xsi:type="QueryLetRef"/>
                        </operand>
                     </value>
                  </element>
               </expression>
            </return>
         </expression>
         <operand name="ExamList">
            <operandTypeSpecifier localId="67" locator="104:61-104:99" xsi:type="ListTypeSpecifier">
               <elementType localId="66" locator="104:66-104:98" xmlns:ns7="urn:healthit-gov:qdm:v5_6" name="ns7:PositivePhysicalExamPerformed" xsi:type="NamedTypeSpecifier"/>
            </operandTypeSpecifier>
         </operand>
      </def>
      <def localId="173" locator="91:1-102:5" name="FirstPhysicalExamWithEncounterIdUsingLabTiming" context="Patient" accessLevel="Public" xsi:type="FunctionDef">
         <annotation xsi:type="a:Annotation">
            <a:s r="173">
               <a:s>define function &quot;FirstPhysicalExamWithEncounterIdUsingLabTiming&quot;(ExamList </a:s>
               <a:s r="126">
                  <a:s>List&lt;</a:s>
                  <a:s r="125">
                     <a:s>QDM.PositivePhysicalExamPerformed</a:s>
                  </a:s>
                  <a:s>></a:s>
               </a:s>
               <a:s> ):
  </a:s>
               <a:s r="172">
                  <a:s r="172">
                     <a:s>
                        <a:s r="128">
                           <a:s r="127">
                              <a:s>
                                 <a:s>&quot;Inpatient Encounters&quot;</a:s>
                              </a:s>
                           </a:s>
                           <a:s> Encounter</a:s>
                        </a:s>
                     </a:s>
                     <a:s>
    </a:s>
                     <a:s>
                        <a:s>let </a:s>
                        <a:s r="157">
                           <a:s>FirstExamWithLabTiming: </a:s>
                           <a:s r="156">
                              <a:s>First(</a:s>
                              <a:s r="155">
                                 <a:s>
                                    <a:s r="130">
                                       <a:s r="129">
                                          <a:s>
                                             <a:s>ExamList</a:s>
                                          </a:s>
                                       </a:s>
                                       <a:s> Exam</a:s>
                                    </a:s>
                                 </a:s>
                                 <a:s>
        </a:s>
                                 <a:s r="148">
                                    <a:s>where </a:s>
                                    <a:s r="148">
                                       <a:s r="136">
                                          <a:s r="131">
                                             <a:s>Global</a:s>
                                          </a:s>
                                          <a:s>.</a:s>
                                          <a:s r="136">
                                             <a:s>&quot;EarliestOf&quot;(</a:s>
                                             <a:s r="133">
                                                <a:s r="132">
                                                   <a:s>Exam</a:s>
                                                </a:s>
                                                <a:s>.</a:s>
                                                <a:s r="133">
                                                   <a:s>relevantDatetime</a:s>
                                                </a:s>
                                             </a:s>
                                             <a:s>, </a:s>
                                             <a:s r="135">
                                                <a:s r="134">
                                                   <a:s>Exam</a:s>
                                                </a:s>
                                                <a:s>.</a:s>
                                                <a:s r="135">
                                                   <a:s>relevantPeriod</a:s>
                                                </a:s>
                                             </a:s>
                                             <a:s>)</a:s>
                                          </a:s>
                                       </a:s>
                                       <a:s r="148">during </a:s>
                                       <a:s r="147">
                                          <a:s>Interval[</a:s>
                                          <a:s r="141">
                                             <a:s r="139">
                                                <a:s>start of </a:s>
                                                <a:s r="138">
                                                   <a:s r="137">
                                                      <a:s>Encounter</a:s>
                                                   </a:s>
                                                   <a:s>.</a:s>
                                                   <a:s r="138">
                                                      <a:s>relevantPeriod</a:s>
                                                   </a:s>
                                                </a:s>
                                             </a:s>
                                             <a:s> - </a:s>
                                             <a:s r="140">
                                                <a:s>1440 minutes</a:s>
                                             </a:s>
                                          </a:s>
                                          <a:s>, </a:s>
                                          <a:s r="146">
                                             <a:s r="144">
                                                <a:s>start of </a:s>
                                                <a:s r="143">
                                                   <a:s r="142">
                                                      <a:s>Encounter</a:s>
                                                   </a:s>
                                                   <a:s>.</a:s>
                                                   <a:s r="143">
                                                      <a:s>relevantPeriod</a:s>
                                                   </a:s>
                                                </a:s>
                                             </a:s>
                                             <a:s> + </a:s>
                                             <a:s r="145">
                                                <a:s>1440 minutes</a:s>
                                             </a:s>
                                          </a:s>
                                          <a:s>]</a:s>
                                       </a:s>
                                    </a:s>
                                 </a:s>
                                 <a:s>
        //and Exam.result.code = 'mmol/dl'
        </a:s>
                                 <a:s r="154">
                                    <a:s>sort by </a:s>
                                    <a:s r="153">
                                       <a:s r="152">
                                          <a:s r="149">
                                             <a:s>Global</a:s>
                                          </a:s>
                                          <a:s>.</a:s>
                                          <a:s r="152">
                                             <a:s>&quot;EarliestOf&quot;(</a:s>
                                             <a:s r="150">
                                                <a:s>relevantDatetime</a:s>
                                             </a:s>
                                             <a:s>, </a:s>
                                             <a:s r="151">
                                                <a:s>relevantPeriod</a:s>
                                             </a:s>
                                             <a:s>)</a:s>
                                          </a:s>
                                       </a:s>
                                    </a:s>
                                 </a:s>
                              </a:s>
                              <a:s>
    )</a:s>
                           </a:s>
                        </a:s>
                     </a:s>
                     <a:s>
    </a:s>
                     <a:s r="171">
                        <a:s>return </a:s>
                        <a:s r="170">
                           <a:s>{
      </a:s>
                           <a:s>
                              <a:s>EncounterId: </a:s>
                              <a:s r="159">
                                 <a:s r="158">
                                    <a:s>Encounter</a:s>
                                 </a:s>
                                 <a:s>.</a:s>
                                 <a:s r="159">
                                    <a:s>id</a:s>
                                 </a:s>
                              </a:s>
                           </a:s>
                           <a:s>,
      </a:s>
                           <a:s>
                              <a:s>FirstResult: </a:s>
                              <a:s r="163">
                                 <a:s r="161">
                                    <a:s r="160">
                                       <a:s>FirstExamWithLabTiming</a:s>
                                    </a:s>
                                    <a:s>.</a:s>
                                    <a:s r="161">
                                       <a:s>result</a:s>
                                    </a:s>
                                 </a:s>
                                 <a:s> as </a:s>
                                 <a:s r="162">
                                    <a:s>Quantity</a:s>
                                 </a:s>
                              </a:s>
                           </a:s>
                           <a:s>,
      </a:s>
                           <a:s>
                              <a:s>Timing: </a:s>
                              <a:s r="169">
                                 <a:s r="164">
                                    <a:s>Global</a:s>
                                 </a:s>
                                 <a:s>.</a:s>
                                 <a:s r="169">
                                    <a:s>&quot;EarliestOf&quot; ( </a:s>
                                    <a:s r="166">
                                       <a:s r="165">
                                          <a:s>FirstExamWithLabTiming</a:s>
                                       </a:s>
                                       <a:s>.</a:s>
                                       <a:s r="166">
                                          <a:s>relevantDatetime</a:s>
                                       </a:s>
                                    </a:s>
                                    <a:s>, </a:s>
                                    <a:s r="168">
                                       <a:s r="167">
                                          <a:s>FirstExamWithLabTiming</a:s>
                                       </a:s>
                                       <a:s>.</a:s>
                                       <a:s r="168">
                                          <a:s>relevantPeriod</a:s>
                                       </a:s>
                                    </a:s>
                                    <a:s> )</a:s>
                                 </a:s>
                              </a:s>
                           </a:s>
                           <a:s>
    }</a:s>
                        </a:s>
                     </a:s>
                  </a:s>
               </a:s>
            </a:s>
         </annotation>
         <expression localId="172" locator="92:3-102:5" xsi:type="Query">
            <source localId="128" locator="92:3-92:34" alias="Encounter">
               <expression localId="127" locator="92:3-92:24" name="Inpatient Encounters" xsi:type="ExpressionRef"/>
            </source>
            <let localId="157" locator="93:9-97:5" identifier="FirstExamWithLabTiming">
               <expression localId="156" locator="93:33-97:5" xsi:type="First">
                  <source localId="155" locator="93:39-96:69" xsi:type="Query">
                     <source localId="130" locator="93:39-93:51" alias="Exam">
                        <expression localId="129" locator="93:39-93:46" name="ExamList" xsi:type="OperandRef"/>
                     </source>
                     <where localId="148" locator="94:9-94:192" xsi:type="In">
                        <operand localId="136" locator="94:15-94:77" name="EarliestOf" libraryName="Global" xsi:type="FunctionRef">
                           <operand localId="133" locator="94:35-94:55" path="relevantDatetime" scope="Exam" xsi:type="Property"/>
                           <operand localId="135" locator="94:58-94:76" path="relevantPeriod" scope="Exam" xsi:type="Property"/>
                        </operand>
                        <operand localId="147" locator="94:85-94:192" lowClosed="true" highClosed="true" xsi:type="Interval">
                           <low localId="141" locator="94:94-94:141" xsi:type="Subtract">
                              <operand localId="139" locator="94:94-94:126" xsi:type="Start">
                                 <operand localId="138" locator="94:103-94:126" path="relevantPeriod" scope="Encounter" xsi:type="Property"/>
                              </operand>
                              <operand localId="140" locator="94:130-94:141" value="1440" unit="minutes" xsi:type="Quantity"/>
                           </low>
                           <high localId="146" locator="94:144-94:191" xsi:type="Add">
                              <operand localId="144" locator="94:144-94:176" xsi:type="Start">
                                 <operand localId="143" locator="94:153-94:176" path="relevantPeriod" scope="Encounter" xsi:type="Property"/>
                              </operand>
                              <operand localId="145" locator="94:180-94:191" value="1440" unit="minutes" xsi:type="Quantity"/>
                           </high>
                        </operand>
                     </where>
                     <sort localId="154" locator="96:9-96:69">
                        <by localId="153" locator="96:17-96:69" direction="asc" xsi:type="ByExpression">
                           <expression localId="152" locator="96:17-96:69" name="EarliestOf" libraryName="Global" xsi:type="FunctionRef">
                              <operand localId="150" locator="96:37-96:52" name="relevantDatetime" xsi:type="IdentifierRef"/>
                              <operand localId="151" locator="96:55-96:68" name="relevantPeriod" xsi:type="IdentifierRef"/>
                           </expression>
                        </by>
                     </sort>
                  </source>
               </expression>
            </let>
            <return localId="171" locator="98:5-102:5">
               <expression localId="170" locator="98:12-102:5" xsi:type="Tuple">
                  <element name="EncounterId">
                     <value localId="159" locator="99:20-99:31" path="id" scope="Encounter" xsi:type="Property"/>
                  </element>
                  <element name="FirstResult">
                     <value localId="163" locator="100:20-100:60" strict="false" xsi:type="As">
                        <operand localId="161" locator="100:20-100:48" path="result" xsi:type="Property">
                           <source localId="160" locator="100:20-100:41" name="FirstExamWithLabTiming" xsi:type="QueryLetRef"/>
                        </operand>
                        <asTypeSpecifier localId="162" locator="100:53-100:60" name="t:Quantity" xsi:type="NamedTypeSpecifier"/>
                     </value>
                  </element>
                  <element name="Timing">
                     <value localId="169" locator="101:15-101:116" name="EarliestOf" libraryName="Global" xsi:type="FunctionRef">
                        <operand localId="166" locator="101:37-101:75" path="relevantDatetime" xsi:type="Property">
                           <source localId="165" locator="101:37-101:58" name="FirstExamWithLabTiming" xsi:type="QueryLetRef"/>
                        </operand>
                        <operand localId="168" locator="101:78-101:114" path="relevantPeriod" xsi:type="Property">
                           <source localId="167" locator="101:78-101:99" name="FirstExamWithLabTiming" xsi:type="QueryLetRef"/>
                        </operand>
                     </value>
                  </element>
               </expression>
            </return>
         </expression>
         <operand name="ExamList">
            <operandTypeSpecifier localId="126" locator="91:75-91:113" xsi:type="ListTypeSpecifier">
               <elementType localId="125" locator="91:80-91:112" xmlns:ns8="urn:healthit-gov:qdm:v5_6" name="ns8:PositivePhysicalExamPerformed" xsi:type="NamedTypeSpecifier"/>
            </operandTypeSpecifier>
         </operand>
      </def>
      <def localId="213" locator="79:1-89:5" name="FirstLabTestWithEncounterId" context="Patient" accessLevel="Public" xsi:type="FunctionDef">
         <annotation xsi:type="a:Annotation">
            <a:s r="213">
               <a:s>define function &quot;FirstLabTestWithEncounterId&quot;(LabList </a:s>
               <a:s r="177">
                  <a:s>List&lt;</a:s>
                  <a:s r="176">
                     <a:s>QDM.PositiveLaboratoryTestPerformed</a:s>
                  </a:s>
                  <a:s>></a:s>
               </a:s>
               <a:s> ):
  </a:s>
               <a:s r="212">
                  <a:s r="212">
                     <a:s>
                        <a:s r="179">
                           <a:s r="178">
                              <a:s>
                                 <a:s>&quot;Inpatient Encounters&quot;</a:s>
                              </a:s>
                           </a:s>
                           <a:s> Encounter</a:s>
                        </a:s>
                     </a:s>
                     <a:s>
    </a:s>
                     <a:s>
                        <a:s>let </a:s>
                        <a:s r="201">
                           <a:s>FirstLab: </a:s>
                           <a:s r="200">
                              <a:s>First(</a:s>
                              <a:s r="199">
                                 <a:s>
                                    <a:s r="181">
                                       <a:s r="180">
                                          <a:s>
                                             <a:s>LabList</a:s>
                                          </a:s>
                                       </a:s>
                                       <a:s> Lab</a:s>
                                    </a:s>
                                 </a:s>
                                 <a:s>
        </a:s>
                                 <a:s r="195">
                                    <a:s>where </a:s>
                                    <a:s r="195">
                                       <a:s r="183">
                                          <a:s r="182">
                                             <a:s>Lab</a:s>
                                          </a:s>
                                          <a:s>.</a:s>
                                          <a:s r="183">
                                             <a:s>resultDatetime</a:s>
                                          </a:s>
                                       </a:s>
                                       <a:s r="195"> during </a:s>
                                       <a:s r="194">
                                          <a:s>Interval[</a:s>
                                          <a:s r="188">
                                             <a:s r="186">
                                                <a:s>start of </a:s>
                                                <a:s r="185">
                                                   <a:s r="184">
                                                      <a:s>Encounter</a:s>
                                                   </a:s>
                                                   <a:s>.</a:s>
                                                   <a:s r="185">
                                                      <a:s>relevantPeriod</a:s>
                                                   </a:s>
                                                </a:s>
                                             </a:s>
                                             <a:s> - </a:s>
                                             <a:s r="187">
                                                <a:s>1440 minutes</a:s>
                                             </a:s>
                                          </a:s>
                                          <a:s>, </a:s>
                                          <a:s r="193">
                                             <a:s r="191">
                                                <a:s>start of </a:s>
                                                <a:s r="190">
                                                   <a:s r="189">
                                                      <a:s>Encounter</a:s>
                                                   </a:s>
                                                   <a:s>.</a:s>
                                                   <a:s r="190">
                                                      <a:s>relevantPeriod</a:s>
                                                   </a:s>
                                                </a:s>
                                             </a:s>
                                             <a:s> + </a:s>
                                             <a:s r="192">
                                                <a:s>1440 minutes</a:s>
                                             </a:s>
                                          </a:s>
                                          <a:s>]</a:s>
                                       </a:s>
                                    </a:s>
                                 </a:s>
                                 <a:s>
        </a:s>
                                 <a:s r="198">
                                    <a:s>sort by </a:s>
                                    <a:s r="197">
                                       <a:s r="196">
                                          <a:s>resultDatetime</a:s>
                                       </a:s>
                                    </a:s>
                                 </a:s>
                              </a:s>
                              <a:s>
    )</a:s>
                           </a:s>
                        </a:s>
                     </a:s>
                     <a:s>
    </a:s>
                     <a:s r="211">
                        <a:s>return </a:s>
                        <a:s r="210">
                           <a:s>{
      </a:s>
                           <a:s>
                              <a:s>EncounterId: </a:s>
                              <a:s r="203">
                                 <a:s r="202">
                                    <a:s>Encounter</a:s>
                                 </a:s>
                                 <a:s>.</a:s>
                                 <a:s r="203">
                                    <a:s>id</a:s>
                                 </a:s>
                              </a:s>
                           </a:s>
                           <a:s>,
      </a:s>
                           <a:s>
                              <a:s>FirstResult: </a:s>
                              <a:s r="207">
                                 <a:s r="205">
                                    <a:s r="204">
                                       <a:s>FirstLab</a:s>
                                    </a:s>
                                    <a:s>.</a:s>
                                    <a:s r="205">
                                       <a:s>result</a:s>
                                    </a:s>
                                 </a:s>
                                 <a:s> as </a:s>
                                 <a:s r="206">
                                    <a:s>Quantity</a:s>
                                 </a:s>
                              </a:s>
                           </a:s>
                           <a:s>,
      </a:s>
                           <a:s>
                              <a:s>Timing: </a:s>
                              <a:s r="209">
                                 <a:s r="208">
                                    <a:s>FirstLab</a:s>
                                 </a:s>
                                 <a:s>.</a:s>
                                 <a:s r="209">
                                    <a:s>resultDatetime</a:s>
                                 </a:s>
                              </a:s>
                           </a:s>
                           <a:s>
    }</a:s>
                        </a:s>
                     </a:s>
                  </a:s>
               </a:s>
            </a:s>
         </annotation>
         <expression localId="212" locator="80:3-89:5" xsi:type="Query">
            <source localId="179" locator="80:3-80:34" alias="Encounter">
               <expression localId="178" locator="80:3-80:24" name="Inpatient Encounters" xsi:type="ExpressionRef"/>
            </source>
            <let localId="201" locator="81:9-84:5" identifier="FirstLab">
               <expression localId="200" locator="81:19-84:5" xsi:type="First">
                  <source localId="199" locator="81:25-83:30" xsi:type="Query">
                     <source localId="181" locator="81:25-81:35" alias="Lab">
                        <expression localId="180" locator="81:25-81:31" name="LabList" xsi:type="OperandRef"/>
                     </source>
                     <where localId="195" locator="82:9-82:148" xsi:type="In">
                        <operand localId="183" locator="82:15-82:32" path="resultDatetime" scope="Lab" xsi:type="Property"/>
                        <operand localId="194" locator="82:41-82:148" lowClosed="true" highClosed="true" xsi:type="Interval">
                           <low localId="188" locator="82:50-82:97" xsi:type="Subtract">
                              <operand localId="186" locator="82:50-82:82" xsi:type="Start">
                                 <operand localId="185" locator="82:59-82:82" path="relevantPeriod" scope="Encounter" xsi:type="Property"/>
                              </operand>
                              <operand localId="187" locator="82:86-82:97" value="1440" unit="minutes" xsi:type="Quantity"/>
                           </low>
                           <high localId="193" locator="82:100-82:147" xsi:type="Add">
                              <operand localId="191" locator="82:100-82:132" xsi:type="Start">
                                 <operand localId="190" locator="82:109-82:132" path="relevantPeriod" scope="Encounter" xsi:type="Property"/>
                              </operand>
                              <operand localId="192" locator="82:136-82:147" value="1440" unit="minutes" xsi:type="Quantity"/>
                           </high>
                        </operand>
                     </where>
                     <sort localId="198" locator="83:9-83:30">
                        <by localId="197" locator="83:17-83:30" direction="asc" path="resultDatetime" xsi:type="ByColumn"/>
                     </sort>
                  </source>
               </expression>
            </let>
            <return localId="211" locator="85:5-89:5">
               <expression localId="210" locator="85:12-89:5" xsi:type="Tuple">
                  <element name="EncounterId">
                     <value localId="203" locator="86:20-86:31" path="id" scope="Encounter" xsi:type="Property"/>
                  </element>
                  <element name="FirstResult">
                     <value localId="207" locator="87:20-87:46" strict="false" xsi:type="As">
                        <operand localId="205" locator="87:20-87:34" path="result" xsi:type="Property">
                           <source localId="204" locator="87:20-87:27" name="FirstLab" xsi:type="QueryLetRef"/>
                        </operand>
                        <asTypeSpecifier localId="206" locator="87:39-87:46" name="t:Quantity" xsi:type="NamedTypeSpecifier"/>
                     </value>
                  </element>
                  <element name="Timing">
                     <value localId="209" locator="88:15-88:37" path="resultDatetime" xsi:type="Property">
                        <source localId="208" locator="88:15-88:22" name="FirstLab" xsi:type="QueryLetRef"/>
                     </value>
                  </element>
               </expression>
            </return>
         </expression>
         <operand name="LabList">
            <operandTypeSpecifier localId="177" locator="79:55-79:95" xsi:type="ListTypeSpecifier">
               <elementType localId="176" locator="79:60-79:94" xmlns:ns9="urn:healthit-gov:qdm:v5_6" name="ns9:PositiveLaboratoryTestPerformed" xsi:type="NamedTypeSpecifier"/>
            </operandTypeSpecifier>
         </operand>
      </def>
      <def localId="228" locator="49:1-68:3" name="Results" context="Patient" accessLevel="Public">
         <annotation xsi:type="a:Annotation">
            <a:s r="228">
               <a:s>define &quot;Results&quot;:
  </a:s>
               <a:s r="227">
                  <a:s>{
  // First physical exams
    </a:s>
                  <a:s>
                     <a:s>FirstHeartRate: </a:s>
                     <a:s r="115">
                        <a:s>&quot;FirstPhysicalExamWithEncounterId&quot;(</a:s>
                        <a:s r="65">
                           <a:s>[&quot;Physical Exam, Performed&quot;: </a:s>
                           <a:s>
                              <a:s>&quot;Heart rate&quot;</a:s>
                           </a:s>
                           <a:s>]</a:s>
                        </a:s>
                        <a:s>)</a:s>
                     </a:s>
                  </a:s>
                  <a:s>,
    </a:s>
                  <a:s>
                     <a:s>FirstSystolicBloodPressure: </a:s>
                     <a:s r="117">
                        <a:s>&quot;FirstPhysicalExamWithEncounterId&quot;(</a:s>
                        <a:s r="116">
                           <a:s>[&quot;Physical Exam, Performed&quot;: </a:s>
                           <a:s>
                              <a:s>&quot;Systolic blood pressure&quot;</a:s>
                           </a:s>
                           <a:s>]</a:s>
                        </a:s>
                        <a:s>)</a:s>
                     </a:s>
                  </a:s>
                  <a:s>,
    </a:s>
                  <a:s>
                     <a:s>FirstRespiratoryRate: </a:s>
                     <a:s r="119">
                        <a:s>&quot;FirstPhysicalExamWithEncounterId&quot;(</a:s>
                        <a:s r="118">
                           <a:s>[&quot;Physical Exam, Performed&quot;: </a:s>
                           <a:s>
                              <a:s>&quot;Respiratory rate&quot;</a:s>
                           </a:s>
                           <a:s>]</a:s>
                        </a:s>
                        <a:s>)</a:s>
                     </a:s>
                  </a:s>
                  <a:s>,
    </a:s>
                  <a:s>
                     <a:s>FirstBodyTemperature: </a:s>
                     <a:s r="121">
                        <a:s>&quot;FirstPhysicalExamWithEncounterId&quot;(</a:s>
                        <a:s r="120">
                           <a:s>[&quot;Physical Exam, Performed&quot;: </a:s>
                           <a:s>
                              <a:s>&quot;Body temperature&quot;</a:s>
                           </a:s>
                           <a:s>]</a:s>
                        </a:s>
                        <a:s>)</a:s>
                     </a:s>
                  </a:s>
                  <a:s>,
    </a:s>
                  <a:s>
                     <a:s>FirstOxygenSaturation: </a:s>
                     <a:s r="123">
                        <a:s>&quot;FirstPhysicalExamWithEncounterId&quot;(</a:s>
                        <a:s r="122">
                           <a:s>[&quot;Physical Exam, Performed&quot;: </a:s>
                           <a:s>
                              <a:s>&quot;Oxygen saturation in Arterial blood by Pulse oximetry&quot;</a:s>
                           </a:s>
                           <a:s>]</a:s>
                        </a:s>
                        <a:s>)</a:s>
                     </a:s>
                  </a:s>
                  <a:s>,
  // Weight uses lab test timing
    </a:s>
                  <a:s>
                     <a:s>FirstBodyWeight: </a:s>
                     <a:s r="174">
                        <a:s>&quot;FirstPhysicalExamWithEncounterIdUsingLabTiming&quot;(</a:s>
                        <a:s r="124">
                           <a:s>[&quot;Physical Exam, Performed&quot;: </a:s>
                           <a:s>
                              <a:s>&quot;Body weight&quot;</a:s>
                           </a:s>
                           <a:s>]</a:s>
                        </a:s>
                        <a:s>)</a:s>
                     </a:s>
                  </a:s>
                  <a:s>,
  
  // First lab tests
    </a:s>
                  <a:s>
                     <a:s>FirstHematocritLab: </a:s>
                     <a:s r="214">
                        <a:s>&quot;FirstLabTestWithEncounterId&quot;(</a:s>
                        <a:s r="175">
                           <a:s>[&quot;Laboratory Test, Performed&quot;: </a:s>
                           <a:s>
                              <a:s>&quot;Hematocrit lab test&quot;</a:s>
                           </a:s>
                           <a:s>]</a:s>
                        </a:s>
                        <a:s>)</a:s>
                     </a:s>
                  </a:s>
                  <a:s>,
    </a:s>
                  <a:s>
                     <a:s>FirstWhiteBloodCellCount: </a:s>
                     <a:s r="216">
                        <a:s>&quot;FirstLabTestWithEncounterId&quot;(</a:s>
                        <a:s r="215">
                           <a:s>[&quot;Laboratory Test, Performed&quot;: </a:s>
                           <a:s>
                              <a:s>&quot;White blood cells count lab test&quot;</a:s>
                           </a:s>
                           <a:s>]</a:s>
                        </a:s>
                        <a:s>)</a:s>
                     </a:s>
                  </a:s>
                  <a:s>,
    </a:s>
                  <a:s>
                     <a:s>FirstPotassiumLab: </a:s>
                     <a:s r="218">
                        <a:s>&quot;FirstLabTestWithEncounterId&quot;(</a:s>
                        <a:s r="217">
                           <a:s>[&quot;Laboratory Test, Performed&quot;: </a:s>
                           <a:s>
                              <a:s>&quot;Potassium lab test&quot;</a:s>
                           </a:s>
                           <a:s>]</a:s>
                        </a:s>
                        <a:s>)</a:s>
                     </a:s>
                  </a:s>
                  <a:s>,
    </a:s>
                  <a:s>
                     <a:s>FirstSodiumLab: </a:s>
                     <a:s r="220">
                        <a:s>&quot;FirstLabTestWithEncounterId&quot;(</a:s>
                        <a:s r="219">
                           <a:s>[&quot;Laboratory Test, Performed&quot;: </a:s>
                           <a:s>
                              <a:s>&quot;Sodium lab test&quot;</a:s>
                           </a:s>
                           <a:s>]</a:s>
                        </a:s>
                        <a:s>)</a:s>
                     </a:s>
                  </a:s>
                  <a:s>,
    </a:s>
                  <a:s>
                     <a:s>FirstBicarbonateLab: </a:s>
                     <a:s r="222">
                        <a:s>&quot;FirstLabTestWithEncounterId&quot;(</a:s>
                        <a:s r="221">
                           <a:s>[&quot;Laboratory Test, Performed&quot;: </a:s>
                           <a:s>
                              <a:s>&quot;Bicarbonate lab test&quot;</a:s>
                           </a:s>
                           <a:s>]</a:s>
                        </a:s>
                        <a:s>)</a:s>
                     </a:s>
                  </a:s>
                  <a:s>,
    </a:s>
                  <a:s>
                     <a:s>FirstCreatinineLab: </a:s>
                     <a:s r="224">
                        <a:s>&quot;FirstLabTestWithEncounterId&quot;(</a:s>
                        <a:s r="223">
                           <a:s>[&quot;Laboratory Test, Performed&quot;: </a:s>
                           <a:s>
                              <a:s>&quot;Creatinine lab test&quot;</a:s>
                           </a:s>
                           <a:s>]</a:s>
                        </a:s>
                        <a:s>)</a:s>
                     </a:s>
                  </a:s>
                  <a:s>,
    </a:s>
                  <a:s>
                     <a:s>FirstGlucoseLab: </a:s>
                     <a:s r="226">
                        <a:s>&quot;FirstLabTestWithEncounterId&quot;(</a:s>
                        <a:s r="225">
                           <a:s>[&quot;Laboratory Test, Performed&quot;: </a:s>
                           <a:s>
                              <a:s>&quot;Glucose lab test&quot;</a:s>
                           </a:s>
                           <a:s>]</a:s>
                        </a:s>
                        <a:s>)</a:s>
                     </a:s>
                  </a:s>
                  <a:s>
  }</a:s>
               </a:s>
            </a:s>
         </annotation>
         <expression localId="227" locator="50:3-68:3" xsi:type="Tuple">
            <element name="FirstHeartRate">
               <value localId="115" locator="52:21-52:98" name="FirstPhysicalExamWithEncounterId" xsi:type="FunctionRef">
                  <operand localId="65" locator="52:56-52:97" xmlns:ns10="urn:healthit-gov:qdm:v5_6" dataType="ns10:PositivePhysicalExamPerformed" templateId="PositivePhysicalExamPerformed" codeProperty="code" codeComparator="~" xsi:type="Retrieve">
                     <codes xsi:type="ToList">
                        <operand locator="52:85-52:96" name="Heart rate" xsi:type="CodeRef"/>
                     </codes>
                  </operand>
               </value>
            </element>
            <element name="FirstSystolicBloodPressure">
               <value localId="117" locator="53:33-53:123" name="FirstPhysicalExamWithEncounterId" xsi:type="FunctionRef">
                  <operand localId="116" locator="53:68-53:122" xmlns:ns11="urn:healthit-gov:qdm:v5_6" dataType="ns11:PositivePhysicalExamPerformed" templateId="PositivePhysicalExamPerformed" codeProperty="code" codeComparator="~" xsi:type="Retrieve">
                     <codes xsi:type="ToList">
                        <operand locator="53:97-53:121" name="Systolic blood pressure" xsi:type="CodeRef"/>
                     </codes>
                  </operand>
               </value>
            </element>
            <element name="FirstRespiratoryRate">
               <value localId="119" locator="54:27-54:110" name="FirstPhysicalExamWithEncounterId" xsi:type="FunctionRef">
                  <operand localId="118" locator="54:62-54:109" xmlns:ns12="urn:healthit-gov:qdm:v5_6" dataType="ns12:PositivePhysicalExamPerformed" templateId="PositivePhysicalExamPerformed" codeProperty="code" codeComparator="~" xsi:type="Retrieve">
                     <codes xsi:type="ToList">
                        <operand locator="54:91-54:108" name="Respiratory rate" xsi:type="CodeRef"/>
                     </codes>
                  </operand>
               </value>
            </element>
            <element name="FirstBodyTemperature">
               <value localId="121" locator="55:27-55:110" name="FirstPhysicalExamWithEncounterId" xsi:type="FunctionRef">
                  <operand localId="120" locator="55:62-55:109" xmlns:ns13="urn:healthit-gov:qdm:v5_6" dataType="ns13:PositivePhysicalExamPerformed" templateId="PositivePhysicalExamPerformed" codeProperty="code" codeComparator="in" xsi:type="Retrieve">
                     <codes locator="55:91-55:108" name="Body temperature" xsi:type="ValueSetRef"/>
                  </operand>
               </value>
            </element>
            <element name="FirstOxygenSaturation">
               <value localId="123" locator="56:28-56:148" name="FirstPhysicalExamWithEncounterId" xsi:type="FunctionRef">
                  <operand localId="122" locator="56:63-56:147" xmlns:ns14="urn:healthit-gov:qdm:v5_6" dataType="ns14:PositivePhysicalExamPerformed" templateId="PositivePhysicalExamPerformed" codeProperty="code" codeComparator="~" xsi:type="Retrieve">
                     <codes xsi:type="ToList">
                        <operand locator="56:92-56:146" name="Oxygen saturation in Arterial blood by Pulse oximetry" xsi:type="CodeRef"/>
                     </codes>
                  </operand>
               </value>
            </element>
            <element name="FirstBodyWeight">
               <value localId="174" locator="58:22-58:114" name="FirstPhysicalExamWithEncounterIdUsingLabTiming" xsi:type="FunctionRef">
                  <operand localId="124" locator="58:71-58:113" xmlns:ns15="urn:healthit-gov:qdm:v5_6" dataType="ns15:PositivePhysicalExamPerformed" templateId="PositivePhysicalExamPerformed" codeProperty="code" codeComparator="in" xsi:type="Retrieve">
                     <codes locator="58:100-58:112" name="Body weight" xsi:type="ValueSetRef"/>
                  </operand>
               </value>
            </element>
            <element name="FirstHematocritLab">
               <value localId="214" locator="61:25-61:108" name="FirstLabTestWithEncounterId" xsi:type="FunctionRef">
                  <operand localId="175" locator="61:55-61:107" xmlns:ns16="urn:healthit-gov:qdm:v5_6" dataType="ns16:PositiveLaboratoryTestPerformed" templateId="PositiveLaboratoryTestPerformed" codeProperty="code" codeComparator="in" xsi:type="Retrieve">
                     <codes locator="61:86-61:106" name="Hematocrit lab test" xsi:type="ValueSetRef"/>
                  </operand>
               </value>
            </element>
            <element name="FirstWhiteBloodCellCount">
               <value localId="216" locator="62:31-62:127" name="FirstLabTestWithEncounterId" xsi:type="FunctionRef">
                  <operand localId="215" locator="62:61-62:126" xmlns:ns17="urn:healthit-gov:qdm:v5_6" dataType="ns17:PositiveLaboratoryTestPerformed" templateId="PositiveLaboratoryTestPerformed" codeProperty="code" codeComparator="in" xsi:type="Retrieve">
                     <codes locator="62:92-62:125" name="White blood cells count lab test" xsi:type="ValueSetRef"/>
                  </operand>
               </value>
            </element>
            <element name="FirstPotassiumLab">
               <value localId="218" locator="63:24-63:106" name="FirstLabTestWithEncounterId" xsi:type="FunctionRef">
                  <operand localId="217" locator="63:54-63:105" xmlns:ns18="urn:healthit-gov:qdm:v5_6" dataType="ns18:PositiveLaboratoryTestPerformed" templateId="PositiveLaboratoryTestPerformed" codeProperty="code" codeComparator="in" xsi:type="Retrieve">
                     <codes locator="63:85-63:104" name="Potassium lab test" xsi:type="ValueSetRef"/>
                  </operand>
               </value>
            </element>
            <element name="FirstSodiumLab">
               <value localId="220" locator="64:21-64:100" name="FirstLabTestWithEncounterId" xsi:type="FunctionRef">
                  <operand localId="219" locator="64:51-64:99" xmlns:ns19="urn:healthit-gov:qdm:v5_6" dataType="ns19:PositiveLaboratoryTestPerformed" templateId="PositiveLaboratoryTestPerformed" codeProperty="code" codeComparator="in" xsi:type="Retrieve">
                     <codes locator="64:82-64:98" name="Sodium lab test" xsi:type="ValueSetRef"/>
                  </operand>
               </value>
            </element>
            <element name="FirstBicarbonateLab">
               <value localId="222" locator="65:26-65:110" name="FirstLabTestWithEncounterId" xsi:type="FunctionRef">
                  <operand localId="221" locator="65:56-65:109" xmlns:ns20="urn:healthit-gov:qdm:v5_6" dataType="ns20:PositiveLaboratoryTestPerformed" templateId="PositiveLaboratoryTestPerformed" codeProperty="code" codeComparator="in" xsi:type="Retrieve">
                     <codes locator="65:87-65:108" name="Bicarbonate lab test" xsi:type="ValueSetRef"/>
                  </operand>
               </value>
            </element>
            <element name="FirstCreatinineLab">
               <value localId="224" locator="66:25-66:108" name="FirstLabTestWithEncounterId" xsi:type="FunctionRef">
                  <operand localId="223" locator="66:55-66:107" xmlns:ns21="urn:healthit-gov:qdm:v5_6" dataType="ns21:PositiveLaboratoryTestPerformed" templateId="PositiveLaboratoryTestPerformed" codeProperty="code" codeComparator="in" xsi:type="Retrieve">
                     <codes locator="66:86-66:106" name="Creatinine lab test" xsi:type="ValueSetRef"/>
                  </operand>
               </value>
            </element>
            <element name="FirstGlucoseLab">
               <value localId="226" locator="67:22-67:102" name="FirstLabTestWithEncounterId" xsi:type="FunctionRef">
                  <operand localId="225" locator="67:52-67:101" xmlns:ns22="urn:healthit-gov:qdm:v5_6" dataType="ns22:PositiveLaboratoryTestPerformed" templateId="PositiveLaboratoryTestPerformed" codeProperty="code" codeComparator="in" xsi:type="Retrieve">
                     <codes locator="67:83-67:100" name="Glucose lab test" xsi:type="ValueSetRef"/>
                  </operand>
               </value>
            </element>
         </expression>
      </def>
   </statements>
</library>
