<?xml version="1.0" encoding="UTF-8"?>
<library xmlns="urn:hl7-org:elm:r1" xmlns:t="urn:hl7-org:elm-types:r1" xmlns:xsi="http://www.w3.org/2001/XMLSchema-instance" xmlns:xsd="http://www.w3.org/2001/XMLSchema" xmlns:fhir="http://hl7.org/fhir" xmlns:qdm43="urn:healthit-gov:qdm:v4_3" xmlns:qdm53="urn:healthit-gov:qdm:v5_3" xmlns:a="urn:hl7-org:cql-annotations:r1">
   <annotation translatorOptions="EnableAnnotations,EnableLocators,DisableListDemotion,DisableListPromotion,DisableMethodInvocation" xsi:type="a:CqlToElmInfo"/>
   <annotation xsi:type="a:Annotation">
      <a:s r="53">
         <a:s>library Hospice version '3.1.000'</a:s>
      </a:s>
   </annotation>
   <identifier id="Hospice" version="3.1.000"/>
   <schemaIdentifier id="urn:hl7-org:elm" version="r1"/>
   <usings>
      <def localIdentifier="System" uri="urn:hl7-org:elm-types:r1"/>
      <def localId="1" locator="3:1-3:23" localIdentifier="QDM" uri="urn:healthit-gov:qdm:v5_6" version="5.6">
         <annotation xsi:type="a:Annotation">
            <a:s r="1">
               <a:s>using </a:s>
               <a:s>
                  <a:s>QDM</a:s>
               </a:s>
               <a:s> version '5.6'</a:s>
            </a:s>
         </annotation>
      </def>
   </usings>
   <includes>
      <def localId="2" locator="5:1-5:64" localIdentifier="Global" path="MATGlobalCommonFunctions" version="6.3.000">
         <annotation xsi:type="a:Annotation">
            <a:s r="2">
               <a:s>include </a:s>
               <a:s>
                  <a:s>MATGlobalCommonFunctions</a:s>
               </a:s>
               <a:s> version '6.3.000' called Global</a:s>
            </a:s>
         </annotation>
      </def>
   </includes>
   <parameters>
      <def localId="12" locator="15:1-15:49" name="Measurement Period" accessLevel="Public">
         <annotation xsi:type="a:Annotation">
            <a:s r="12">
               <a:s>parameter &quot;Measurement Period&quot; </a:s>
               <a:s r="11">
                  <a:s>Interval&lt;</a:s>
                  <a:s r="10">
                     <a:s>DateTime</a:s>
                  </a:s>
                  <a:s>></a:s>
               </a:s>
            </a:s>
         </annotation>
         <parameterTypeSpecifier localId="11" locator="15:32-15:49" xsi:type="IntervalTypeSpecifier">
            <pointType localId="10" locator="15:41-15:48" name="t:DateTime" xsi:type="NamedTypeSpecifier"/>
         </parameterTypeSpecifier>
      </def>
   </parameters>
   <codeSystems>
      <def localId="3" locator="7:1-7:55" name="SNOMEDCT" id="urn:oid:2.16.840.1.113883.6.96" accessLevel="Public">
         <annotation xsi:type="a:Annotation">
            <a:s r="3">
               <a:s>codesystem &quot;SNOMEDCT&quot;: 'urn:oid:2.16.840.1.113883.6.96'</a:s>
            </a:s>
         </annotation>
      </def>
   </codeSystems>
   <valueSets>
      <def localId="4" locator="9:1-9:71" name="Encounter Inpatient" id="urn:oid:2.16.840.1.113883.3.666.5.307" accessLevel="Public">
         <annotation xsi:type="a:Annotation">
            <a:s r="4">
               <a:s>valueset &quot;Encounter Inpatient&quot;: 'urn:oid:2.16.840.1.113883.3.666.5.307'</a:s>
            </a:s>
         </annotation>
      </def>
      <def localId="5" locator="10:1-10:75" name="Hospice care ambulatory" id="urn:oid:2.16.840.1.113762.1.4.1108.15" accessLevel="Public">
         <annotation xsi:type="a:Annotation">
            <a:s r="5">
               <a:s>valueset &quot;Hospice care ambulatory&quot;: 'urn:oid:2.16.840.1.113762.1.4.1108.15'</a:s>
            </a:s>
         </annotation>
      </def>
   </valueSets>
   <codes>
      <def localId="7" locator="12:1-12:175" name="Discharge to healthcare facility for hospice care (procedure)" id="428371000124100" display="Discharge to healthcare facility for hospice care (procedure)" accessLevel="Public">
         <annotation xsi:type="a:Annotation">
            <a:s r="7">
               <a:s>code &quot;Discharge to healthcare facility for hospice care (procedure)&quot;: '428371000124100' from </a:s>
               <a:s r="6">
                  <a:s>&quot;SNOMEDCT&quot;</a:s>
               </a:s>
               <a:s> display 'Discharge to healthcare facility for hospice care (procedure)'</a:s>
            </a:s>
         </annotation>
         <codeSystem localId="6" locator="12:94-12:103" name="SNOMEDCT"/>
      </def>
      <def localId="9" locator="13:1-13:145" name="Discharge to home for hospice care (procedure)" id="428361000124107" display="Discharge to home for hospice care (procedure)" accessLevel="Public">
         <annotation xsi:type="a:Annotation">
            <a:s r="9">
               <a:s>code &quot;Discharge to home for hospice care (procedure)&quot;: '428361000124107' from </a:s>
               <a:s r="8">
                  <a:s>&quot;SNOMEDCT&quot;</a:s>
               </a:s>
               <a:s> display 'Discharge to home for hospice care (procedure)'</a:s>
            </a:s>
         </annotation>
         <codeSystem localId="8" locator="13:79-13:88" name="SNOMEDCT"/>
      </def>
   </codes>
   <contexts>
      <def locator="17:1-17:15" name="Patient"/>
   </contexts>
   <statements>
      <def locator="17:1-17:15" name="Patient" context="Patient">
         <expression xsi:type="SingletonFrom">
            <operand locator="17:1-17:15" xmlns:ns0="urn:healthit-gov:qdm:v5_6" dataType="ns0:Patient" templateId="Patient" xsi:type="Retrieve"/>
         </expression>
      </def>
      <def localId="53" locator="19:1-31:5" name="Has Hospice" context="Patient" accessLevel="Public">
         <annotation xsi:type="a:Annotation">
            <a:s r="53">
               <a:s>define &quot;Has Hospice&quot;:
  </a:s>
               <a:s r="52">
                  <a:s r="39">
                     <a:s r="30">
                        <a:s>exists </a:s>
                        <a:s r="29">
                           <a:s>( </a:s>
                           <a:s r="29">
                              <a:s>
                                 <a:s r="14">
                                    <a:s r="13">
                                       <a:s r="13">
                                          <a:s>[&quot;Encounter, Performed&quot;: </a:s>
                                          <a:s>
                                             <a:s>&quot;Encounter Inpatient&quot;</a:s>
                                          </a:s>
                                          <a:s>]</a:s>
                                       </a:s>
                                    </a:s>
                                    <a:s> DischargeHospice</a:s>
                                 </a:s>
                              </a:s>
                              <a:s>
      </a:s>
                              <a:s r="28">
                                 <a:s>where </a:s>
                                 <a:s r="28">
                                    <a:s r="23">
                                       <a:s>( </a:s>
                                       <a:s r="23">
                                          <a:s r="18">
                                             <a:s r="16">
                                                <a:s r="15">
                                                   <a:s>DischargeHospice</a:s>
                                                </a:s>
                                                <a:s>.</a:s>
                                                <a:s r="16">
                                                   <a:s>dischargeDisposition</a:s>
                                                </a:s>
                                             </a:s>
                                             <a:s> ~ </a:s>
                                             <a:s r="17">
                                                <a:s>&quot;Discharge to home for hospice care (procedure)&quot;</a:s>
                                             </a:s>
                                          </a:s>
                                          <a:s>
          or </a:s>
                                          <a:s r="22">
                                             <a:s r="20">
                                                <a:s r="19">
                                                   <a:s>DischargeHospice</a:s>
                                                </a:s>
                                                <a:s>.</a:s>
                                                <a:s r="20">
                                                   <a:s>dischargeDisposition</a:s>
                                                </a:s>
                                             </a:s>
                                             <a:s> ~ </a:s>
                                             <a:s r="21">
                                                <a:s>&quot;Discharge to healthcare facility for hospice care (procedure)&quot;</a:s>
                                             </a:s>
                                          </a:s>
                                       </a:s>
                                       <a:s>
      )</a:s>
                                    </a:s>
                                    <a:s>
        and </a:s>
                                    <a:s r="27">
                                       <a:s r="25">
                                          <a:s r="24">
                                             <a:s>DischargeHospice</a:s>
                                          </a:s>
                                          <a:s>.</a:s>
                                          <a:s r="25">
                                             <a:s>relevantPeriod</a:s>
                                          </a:s>
                                       </a:s>
                                       <a:s r="27"> ends during </a:s>
                                       <a:s r="26">
                                          <a:s>&quot;Measurement Period&quot;</a:s>
                                       </a:s>
                                    </a:s>
                                 </a:s>
                              </a:s>
                           </a:s>
                           <a:s>
  )</a:s>
                        </a:s>
                     </a:s>
                     <a:s>
    or </a:s>
                     <a:s r="38">
                        <a:s>exists </a:s>
                        <a:s r="37">
                           <a:s>( </a:s>
                           <a:s r="37">
                              <a:s>
                                 <a:s r="32">
                                    <a:s r="31">
                                       <a:s r="31">
                                          <a:s>[&quot;Intervention, Order&quot;: </a:s>
                                          <a:s>
                                             <a:s>&quot;Hospice care ambulatory&quot;</a:s>
                                          </a:s>
                                          <a:s>]</a:s>
                                       </a:s>
                                    </a:s>
                                    <a:s> HospiceOrder</a:s>
                                 </a:s>
                              </a:s>
                              <a:s>
        </a:s>
                              <a:s r="36">
                                 <a:s>where </a:s>
                                 <a:s r="36">
                                    <a:s r="34">
                                       <a:s r="33">
                                          <a:s>HospiceOrder</a:s>
                                       </a:s>
                                       <a:s>.</a:s>
                                       <a:s r="34">
                                          <a:s>authorDatetime</a:s>
                                       </a:s>
                                    </a:s>
                                    <a:s r="36"> during </a:s>
                                    <a:s r="35">
                                       <a:s>&quot;Measurement Period&quot;</a:s>
                                    </a:s>
                                 </a:s>
                              </a:s>
                           </a:s>
                           <a:s>
    )</a:s>
                        </a:s>
                     </a:s>
                  </a:s>
                  <a:s>
    or </a:s>
                  <a:s r="51">
                     <a:s>exists </a:s>
                     <a:s r="50">
                        <a:s>( </a:s>
                        <a:s r="50">
                           <a:s>
                              <a:s r="41">
                                 <a:s r="40">
                                    <a:s r="40">
                                       <a:s>[&quot;Intervention, Performed&quot;: </a:s>
                                       <a:s>
                                          <a:s>&quot;Hospice care ambulatory&quot;</a:s>
                                       </a:s>
                                       <a:s>]</a:s>
                                    </a:s>
                                 </a:s>
                                 <a:s> HospicePerformed</a:s>
                              </a:s>
                           </a:s>
                           <a:s>
        </a:s>
                           <a:s r="49">
                              <a:s>where </a:s>
                              <a:s r="49">
                                 <a:s r="47">
                                    <a:s r="42">
                                       <a:s>Global</a:s>
                                    </a:s>
                                    <a:s>.</a:s>
                                    <a:s r="47">
                                       <a:s>&quot;NormalizeInterval&quot; ( </a:s>
                                       <a:s r="44">
                                          <a:s r="43">
                                             <a:s>HospicePerformed</a:s>
                                          </a:s>
                                          <a:s>.</a:s>
                                          <a:s r="44">
                                             <a:s>relevantDatetime</a:s>
                                          </a:s>
                                       </a:s>
                                       <a:s>, </a:s>
                                       <a:s r="46">
                                          <a:s r="45">
                                             <a:s>HospicePerformed</a:s>
                                          </a:s>
                                          <a:s>.</a:s>
                                          <a:s r="46">
                                             <a:s>relevantPeriod</a:s>
                                          </a:s>
                                       </a:s>
                                       <a:s> )</a:s>
                                    </a:s>
                                 </a:s>
                                 <a:s r="49"> overlaps </a:s>
                                 <a:s r="48">
                                    <a:s>&quot;Measurement Period&quot;</a:s>
                                 </a:s>
                              </a:s>
                           </a:s>
                        </a:s>
                        <a:s>
    )</a:s>
                     </a:s>
                  </a:s>
               </a:s>
            </a:s>
         </annotation>
         <expression localId="52" locator="20:3-31:5" xsi:type="Or">
            <operand localId="39" locator="20:3-28:5" xsi:type="Or">
               <operand localId="30" locator="20:3-25:3" xsi:type="Exists">
                  <operand localId="29" locator="20:10-25:3" xsi:type="Query">
                     <source localId="14" locator="20:12-20:75" alias="DischargeHospice">
                        <expression localId="13" locator="20:12-20:58" xmlns:ns1="urn:healthit-gov:qdm:v5_6" dataType="ns1:PositiveEncounterPerformed" templateId="PositiveEncounterPerformed" codeProperty="code" codeComparator="in" xsi:type="Retrieve">
                           <codes locator="20:37-20:57" name="Encounter Inpatient" xsi:type="ValueSetRef"/>
                        </expression>
                     </source>
                     <where localId="28" locator="21:7-24:76" xsi:type="And">
                        <operand localId="23" locator="21:13-23:7" xsi:type="Or">
                           <operand localId="18" locator="21:15-21:102" xsi:type="Equivalent">
                              <operand localId="16" locator="21:15-21:51" path="dischargeDisposition" scope="DischargeHospice" xsi:type="Property"/>
                              <operand localId="17" locator="21:55-21:102" name="Discharge to home for hospice care (procedure)" xsi:type="CodeRef"/>
                           </operand>
                           <operand localId="22" locator="22:14-22:116" xsi:type="Equivalent">
                              <operand localId="20" locator="22:14-22:50" path="dischargeDisposition" scope="DischargeHospice" xsi:type="Property"/>
                              <operand localId="21" locator="22:54-22:116" name="Discharge to healthcare facility for hospice care (procedure)" xsi:type="CodeRef"/>
                           </operand>
                        </operand>
                        <operand localId="27" locator="24:13-24:76" xsi:type="In">
                           <operand locator="24:45-24:48" xsi:type="End">
                              <operand localId="25" locator="24:13-24:43" path="relevantPeriod" scope="DischargeHospice" xsi:type="Property"/>
                           </operand>
                           <operand localId="26" locator="24:57-24:76" name="Measurement Period" xsi:type="ParameterRef"/>
                        </operand>
                     </where>
                  </operand>
               </operand>
               <operand localId="38" locator="26:8-28:5" xsi:type="Exists">
                  <operand localId="37" locator="26:15-28:5" xsi:type="Query">
                     <source localId="32" locator="26:17-26:79" alias="HospiceOrder">
                        <expression localId="31" locator="26:17-26:66" xmlns:ns2="urn:healthit-gov:qdm:v5_6" dataType="ns2:PositiveInterventionOrder" templateId="PositiveInterventionOrder" codeProperty="code" codeComparator="in" xsi:type="Retrieve">
                           <codes locator="26:41-26:65" name="Hospice care ambulatory" xsi:type="ValueSetRef"/>
                        </expression>
                     </source>
                     <where localId="36" locator="27:9-27:69" xsi:type="In">
                        <operand localId="34" locator="27:15-27:41" path="authorDatetime" scope="HospiceOrder" xsi:type="Property"/>
                        <operand localId="35" locator="27:50-27:69" name="Measurement Period" xsi:type="ParameterRef"/>
                     </where>
                  </operand>
               </operand>
            </operand>
            <operand localId="51" locator="29:8-31:5" xsi:type="Exists">
               <operand localId="50" locator="29:15-31:5" xsi:type="Query">
                  <source localId="41" locator="29:17-29:87" alias="HospicePerformed">
                     <expression localId="40" locator="29:17-29:70" xmlns:ns3="urn:healthit-gov:qdm:v5_6" dataType="ns3:PositiveInterventionPerformed" templateId="PositiveInterventionPerformed" codeProperty="code" codeComparator="in" xsi:type="Retrieve">
                        <codes locator="29:45-29:69" name="Hospice care ambulatory" xsi:type="ValueSetRef"/>
                     </expression>
                  </source>
                  <where localId="49" locator="30:9-30:141" xsi:type="Overlaps">
                     <operand localId="47" locator="30:15-30:111" name="NormalizeInterval" libraryName="Global" xsi:type="FunctionRef">
                        <operand localId="44" locator="30:44-30:76" path="relevantDatetime" scope="HospicePerformed" xsi:type="Property"/>
                        <operand localId="46" locator="30:79-30:109" path="relevantPeriod" scope="HospicePerformed" xsi:type="Property"/>
                     </operand>
                     <operand localId="48" locator="30:122-30:141" name="Measurement Period" xsi:type="ParameterRef"/>
                  </where>
               </operand>
            </operand>
         </expression>
      </def>
   </statements>
</library>
