{
   "library" : {
      "annotation" : [ {
         "translatorOptions" : "EnableAnnotations,EnableLocators,DisableListDemotion,DisableListPromotion,DisableMethodInvocation",
         "type" : "CqlToElmInfo"
      }, {
         "type" : "Annotation",
         "s" : {
            "r" : "53",
            "s" : [ {
               "value" : [ "","library Hospice version '3.1.000'" ]
            } ]
         }
      } ],
      "identifier" : {
         "id" : "Hospice",
         "version" : "3.1.000"
      },
      "schemaIdentifier" : {
         "id" : "urn:hl7-org:elm",
         "version" : "r1"
      },
      "usings" : {
         "def" : [ {
            "localIdentifier" : "System",
            "uri" : "urn:hl7-org:elm-types:r1"
         }, {
            "localId" : "1",
            "locator" : "3:1-3:23",
            "localIdentifier" : "QDM",
            "uri" : "urn:healthit-gov:qdm:v5_6",
            "version" : "5.6",
            "annotation" : [ {
               "type" : "Annotation",
               "s" : {
                  "r" : "1",
                  "s" : [ {
                     "value" : [ "","using " ]
                  }, {
                     "s" : [ {
                        "value" : [ "QDM" ]
                     } ]
                  }, {
                     "value" : [ " version ","'5.6'" ]
                  } ]
               }
            } ]
         } ]
      },
      "includes" : {
         "def" : [ {
            "localId" : "2",
            "locator" : "5:1-5:64",
            "localIdentifier" : "Global",
            "path" : "MATGlobalCommonFunctions",
            "version" : "6.3.000",
            "annotation" : [ {
               "type" : "Annotation",
               "s" : {
                  "r" : "2",
                  "s" : [ {
                     "value" : [ "","include " ]
                  }, {
                     "s" : [ {
                        "value" : [ "MATGlobalCommonFunctions" ]
                     } ]
                  }, {
                     "value" : [ " version ","'6.3.000'"," called ","Global" ]
                  } ]
               }
            } ]
         } ]
      },
      "parameters" : {
         "def" : [ {
            "localId" : "12",
            "locator" : "15:1-15:49",
            "name" : "Measurement Period",
            "accessLevel" : "Public",
            "annotation" : [ {
               "type" : "Annotation",
               "s" : {
                  "r" : "12",
                  "s" : [ {
                     "value" : [ "","parameter ","\"Measurement Period\""," " ]
                  }, {
                     "r" : "11",
                     "s" : [ {
                        "value" : [ "Interval<" ]
                     }, {
                        "r" : "10",
                        "s" : [ {
                           "value" : [ "DateTime" ]
                        } ]
                     }, {
                        "value" : [ ">" ]
                     } ]
                  } ]
               }
            } ],
            "parameterTypeSpecifier" : {
               "localId" : "11",
               "locator" : "15:32-15:49",
               "type" : "IntervalTypeSpecifier",
               "pointType" : {
                  "localId" : "10",
                  "locator" : "15:41-15:48",
                  "name" : "{urn:hl7-org:elm-types:r1}DateTime",
                  "type" : "NamedTypeSpecifier"
               }
            }
         } ]
      },
      "codeSystems" : {
         "def" : [ {
            "localId" : "3",
            "locator" : "7:1-7:55",
            "name" : "SNOMEDCT",
            "id" : "urn:oid:2.16.840.1.113883.6.96",
            "accessLevel" : "Public",
            "annotation" : [ {
               "type" : "Annotation",
               "s" : {
                  "r" : "3",
                  "s" : [ {
                     "value" : [ "","codesystem ","\"SNOMEDCT\"",": ","'urn:oid:2.16.840.1.113883.6.96'" ]
                  } ]
               }
            } ]
         } ]
      },
      "valueSets" : {
         "def" : [ {
            "localId" : "4",
            "locator" : "9:1-9:71",
            "name" : "Encounter Inpatient",
            "id" : "urn:oid:2.16.840.1.113883.3.666.5.307",
            "accessLevel" : "Public",
            "annotation" : [ {
               "type" : "Annotation",
               "s" : {
                  "r" : "4",
                  "s" : [ {
                     "value" : [ "","valueset ","\"Encounter Inpatient\"",": ","'urn:oid:2.16.840.1.113883.3.666.5.307'" ]
                  } ]
               }
            } ]
         }, {
            "localId" : "5",
            "locator" : "10:1-10:75",
            "name" : "Hospice care ambulatory",
            "id" : "urn:oid:2.16.840.1.113762.1.4.1108.15",
            "accessLevel" : "Public",
            "annotation" : [ {
               "type" : "Annotation",
               "s" : {
                  "r" : "5",
                  "s" : [ {
                     "value" : [ "","valueset ","\"Hospice care ambulatory\"",": ","'urn:oid:2.16.840.1.113762.1.4.1108.15'" ]
                  } ]
               }
            } ]
         } ]
      },
      "codes" : {
         "def" : [ {
            "localId" : "7",
            "locator" : "12:1-12:175",
            "name" : "Discharge to healthcare facility for hospice care (procedure)",
            "id" : "428371000124100",
            "display" : "Discharge to healthcare facility for hospice care (procedure)",
            "accessLevel" : "Public",
            "annotation" : [ {
               "type" : "Annotation",
               "s" : {
                  "r" : "7",
                  "s" : [ {
                     "value" : [ "","code ","\"Discharge to healthcare facility for hospice care (procedure)\"",": ","'428371000124100'"," from " ]
                  }, {
                     "r" : "6",
                     "s" : [ {
                        "value" : [ "\"SNOMEDCT\"" ]
                     } ]
                  }, {
                     "value" : [ " display ","'Discharge to healthcare facility for hospice care (procedure)'" ]
                  } ]
               }
            } ],
            "codeSystem" : {
               "localId" : "6",
               "locator" : "12:94-12:103",
               "name" : "SNOMEDCT"
            }
         }, {
            "localId" : "9",
            "locator" : "13:1-13:145",
            "name" : "Discharge to home for hospice care (procedure)",
            "id" : "428361000124107",
            "display" : "Discharge to home for hospice care (procedure)",
            "accessLevel" : "Public",
            "annotation" : [ {
               "type" : "Annotation",
               "s" : {
                  "r" : "9",
                  "s" : [ {
                     "value" : [ "","code ","\"Discharge to home for hospice care (procedure)\"",": ","'428361000124107'"," from " ]
                  }, {
                     "r" : "8",
                     "s" : [ {
                        "value" : [ "\"SNOMEDCT\"" ]
                     } ]
                  }, {
                     "value" : [ " display ","'Discharge to home for hospice care (procedure)'" ]
                  } ]
               }
            } ],
            "codeSystem" : {
               "localId" : "8",
               "locator" : "13:79-13:88",
               "name" : "SNOMEDCT"
            }
         } ]
      },
      "contexts" : {
         "def" : [ {
            "locator" : "17:1-17:15",
            "name" : "Patient"
         } ]
      },
      "statements" : {
         "def" : [ {
            "locator" : "17:1-17:15",
            "name" : "Patient",
            "context" : "Patient",
            "expression" : {
               "type" : "SingletonFrom",
               "operand" : {
                  "locator" : "17:1-17:15",
                  "dataType" : "{urn:healthit-gov:qdm:v5_6}Patient",
                  "templateId" : "Patient",
                  "type" : "Retrieve"
               }
            }
         }, {
            "localId" : "53",
            "locator" : "19:1-31:5",
            "name" : "Has Hospice",
            "context" : "Patient",
            "accessLevel" : "Public",
            "annotation" : [ {
               "type" : "Annotation",
               "s" : {
                  "r" : "53",
                  "s" : [ {
                     "value" : [ "","define ","\"Has Hospice\"",":\n  " ]
                  }, {
                     "r" : "52",
                     "s" : [ {
                        "r" : "39",
                        "s" : [ {
                           "r" : "30",
                           "s" : [ {
                              "value" : [ "exists " ]
                           }, {
                              "r" : "29",
                              "s" : [ {
                                 "value" : [ "( " ]
                              }, {
                                 "r" : "29",
                                 "s" : [ {
                                    "s" : [ {
                                       "r" : "14",
                                       "s" : [ {
                                          "r" : "13",
                                          "s" : [ {
                                             "r" : "13",
                                             "s" : [ {
                                                "value" : [ "[","\"Encounter, Performed\"",": " ]
                                             }, {
                                                "s" : [ {
                                                   "value" : [ "\"Encounter Inpatient\"" ]
                                                } ]
                                             }, {
                                                "value" : [ "]" ]
                                             } ]
                                          } ]
                                       }, {
                                          "value" : [ " ","DischargeHospice" ]
                                       } ]
                                    } ]
                                 }, {
                                    "value" : [ "\n      " ]
                                 }, {
                                    "r" : "28",
                                    "s" : [ {
                                       "value" : [ "where " ]
                                    }, {
                                       "r" : "28",
                                       "s" : [ {
                                          "r" : "23",
                                          "s" : [ {
                                             "value" : [ "( " ]
                                          }, {
                                             "r" : "23",
                                             "s" : [ {
                                                "r" : "18",
                                                "s" : [ {
                                                   "r" : "16",
                                                   "s" : [ {
                                                      "r" : "15",
                                                      "s" : [ {
                                                         "value" : [ "DischargeHospice" ]
                                                      } ]
                                                   }, {
                                                      "value" : [ "." ]
                                                   }, {
                                                      "r" : "16",
                                                      "s" : [ {
                                                         "value" : [ "dischargeDisposition" ]
                                                      } ]
                                                   } ]
                                                }, {
                                                   "value" : [ " ","~"," " ]
                                                }, {
                                                   "r" : "17",
                                                   "s" : [ {
                                                      "value" : [ "\"Discharge to home for hospice care (procedure)\"" ]
                                                   } ]
                                                } ]
                                             }, {
                                                "value" : [ "\n          or " ]
                                             }, {
                                                "r" : "22",
                                                "s" : [ {
                                                   "r" : "20",
                                                   "s" : [ {
                                                      "r" : "19",
                                                      "s" : [ {
                                                         "value" : [ "DischargeHospice" ]
                                                      } ]
                                                   }, {
                                                      "value" : [ "." ]
                                                   }, {
                                                      "r" : "20",
                                                      "s" : [ {
                                                         "value" : [ "dischargeDisposition" ]
                                                      } ]
                                                   } ]
                                                }, {
                                                   "value" : [ " ","~"," " ]
                                                }, {
                                                   "r" : "21",
                                                   "s" : [ {
                                                      "value" : [ "\"Discharge to healthcare facility for hospice care (procedure)\"" ]
                                                   } ]
                                                } ]
                                             } ]
                                          }, {
                                             "value" : [ "\n      )" ]
                                          } ]
                                       }, {
                                          "value" : [ "\n        and " ]
                                       }, {
                                          "r" : "27",
                                          "s" : [ {
                                             "r" : "25",
                                             "s" : [ {
                                                "r" : "24",
                                                "s" : [ {
                                                   "value" : [ "DischargeHospice" ]
                                                } ]
                                             }, {
                                                "value" : [ "." ]
                                             }, {
                                                "r" : "25",
                                                "s" : [ {
                                                   "value" : [ "relevantPeriod" ]
                                                } ]
                                             } ]
                                          }, {
                                             "r" : "27",
                                             "value" : [ " ","ends during"," " ]
                                          }, {
                                             "r" : "26",
                                             "s" : [ {
                                                "value" : [ "\"Measurement Period\"" ]
                                             } ]
                                          } ]
                                       } ]
                                    } ]
                                 } ]
                              }, {
                                 "value" : [ "\n  )" ]
                              } ]
                           } ]
                        }, {
                           "value" : [ "\n    or " ]
                        }, {
                           "r" : "38",
                           "s" : [ {
                              "value" : [ "exists " ]
                           }, {
                              "r" : "37",
                              "s" : [ {
                                 "value" : [ "( " ]
                              }, {
                                 "r" : "37",
                                 "s" : [ {
                                    "s" : [ {
                                       "r" : "32",
                                       "s" : [ {
                                          "r" : "31",
                                          "s" : [ {
                                             "r" : "31",
                                             "s" : [ {
                                                "value" : [ "[","\"Intervention, Order\"",": " ]
                                             }, {
                                                "s" : [ {
                                                   "value" : [ "\"Hospice care ambulatory\"" ]
                                                } ]
                                             }, {
                                                "value" : [ "]" ]
                                             } ]
                                          } ]
                                       }, {
                                          "value" : [ " ","HospiceOrder" ]
                                       } ]
                                    } ]
                                 }, {
                                    "value" : [ "\n        " ]
                                 }, {
                                    "r" : "36",
                                    "s" : [ {
                                       "value" : [ "where " ]
                                    }, {
                                       "r" : "36",
                                       "s" : [ {
                                          "r" : "34",
                                          "s" : [ {
                                             "r" : "33",
                                             "s" : [ {
                                                "value" : [ "HospiceOrder" ]
                                             } ]
                                          }, {
                                             "value" : [ "." ]
                                          }, {
                                             "r" : "34",
                                             "s" : [ {
                                                "value" : [ "authorDatetime" ]
                                             } ]
                                          } ]
                                       }, {
                                          "r" : "36",
                                          "value" : [ " ","during"," " ]
                                       }, {
                                          "r" : "35",
                                          "s" : [ {
                                             "value" : [ "\"Measurement Period\"" ]
                                          } ]
                                       } ]
                                    } ]
                                 } ]
                              }, {
                                 "value" : [ "\n    )" ]
                              } ]
                           } ]
                        } ]
                     }, {
                        "value" : [ "\n    or " ]
                     }, {
                        "r" : "51",
                        "s" : [ {
                           "value" : [ "exists " ]
                        }, {
                           "r" : "50",
                           "s" : [ {
                              "value" : [ "( " ]
                           }, {
                              "r" : "50",
                              "s" : [ {
                                 "s" : [ {
                                    "r" : "41",
                                    "s" : [ {
                                       "r" : "40",
                                       "s" : [ {
                                          "r" : "40",
                                          "s" : [ {
                                             "value" : [ "[","\"Intervention, Performed\"",": " ]
                                          }, {
                                             "s" : [ {
                                                "value" : [ "\"Hospice care ambulatory\"" ]
                                             } ]
                                          }, {
                                             "value" : [ "]" ]
                                          } ]
                                       } ]
                                    }, {
                                       "value" : [ " ","HospicePerformed" ]
                                    } ]
                                 } ]
                              }, {
                                 "value" : [ "\n        " ]
                              }, {
                                 "r" : "49",
                                 "s" : [ {
                                    "value" : [ "where " ]
                                 }, {
                                    "r" : "49",
                                    "s" : [ {
                                       "r" : "47",
                                       "s" : [ {
                                          "r" : "42",
                                          "s" : [ {
                                             "value" : [ "Global" ]
                                          } ]
                                       }, {
                                          "value" : [ "." ]
                                       }, {
                                          "r" : "47",
                                          "s" : [ {
                                             "value" : [ "\"NormalizeInterval\""," ( " ]
                                          }, {
                                             "r" : "44",
                                             "s" : [ {
                                                "r" : "43",
                                                "s" : [ {
                                                   "value" : [ "HospicePerformed" ]
                                                } ]
                                             }, {
                                                "value" : [ "." ]
                                             }, {
                                                "r" : "44",
                                                "s" : [ {
                                                   "value" : [ "relevantDatetime" ]
                                                } ]
                                             } ]
                                          }, {
                                             "value" : [ ", " ]
                                          }, {
                                             "r" : "46",
                                             "s" : [ {
                                                "r" : "45",
                                                "s" : [ {
                                                   "value" : [ "HospicePerformed" ]
                                                } ]
                                             }, {
                                                "value" : [ "." ]
                                             }, {
                                                "r" : "46",
                                                "s" : [ {
                                                   "value" : [ "relevantPeriod" ]
                                                } ]
                                             } ]
                                          }, {
                                             "value" : [ " )" ]
                                          } ]
                                       } ]
                                    }, {
                                       "r" : "49",
                                       "value" : [ " ","overlaps"," " ]
                                    }, {
                                       "r" : "48",
                                       "s" : [ {
                                          "value" : [ "\"Measurement Period\"" ]
                                       } ]
                                    } ]
                                 } ]
                              } ]
                           }, {
                              "value" : [ "\n    )" ]
                           } ]
                        } ]
                     } ]
                  } ]
               }
            } ],
            "expression" : {
               "localId" : "52",
               "locator" : "20:3-31:5",
               "type" : "Or",
               "operand" : [ {
                  "localId" : "39",
                  "locator" : "20:3-28:5",
                  "type" : "Or",
                  "operand" : [ {
                     "localId" : "30",
                     "locator" : "20:3-25:3",
                     "type" : "Exists",
                     "operand" : {
                        "localId" : "29",
                        "locator" : "20:10-25:3",
                        "type" : "Query",
                        "source" : [ {
                           "localId" : "14",
                           "locator" : "20:12-20:75",
                           "alias" : "DischargeHospice",
                           "expression" : {
                              "localId" : "13",
                              "locator" : "20:12-20:58",
                              "dataType" : "{urn:healthit-gov:qdm:v5_6}PositiveEncounterPerformed",
                              "templateId" : "PositiveEncounterPerformed",
                              "codeProperty" : "code",
                              "codeComparator" : "in",
                              "type" : "Retrieve",
                              "codes" : {
                                 "locator" : "20:37-20:57",
                                 "name" : "Encounter Inpatient",
                                 "type" : "ValueSetRef"
                              }
                           }
                        } ],
                        "relationship" : [ ],
                        "where" : {
                           "localId" : "28",
                           "locator" : "21:7-24:76",
                           "type" : "And",
                           "operand" : [ {
                              "localId" : "23",
                              "locator" : "21:13-23:7",
                              "type" : "Or",
                              "operand" : [ {
                                 "localId" : "18",
                                 "locator" : "21:15-21:102",
                                 "type" : "Equivalent",
                                 "operand" : [ {
                                    "localId" : "16",
                                    "locator" : "21:15-21:51",
                                    "path" : "dischargeDisposition",
                                    "scope" : "DischargeHospice",
                                    "type" : "Property"
                                 }, {
                                    "localId" : "17",
                                    "locator" : "21:55-21:102",
                                    "name" : "Discharge to home for hospice care (procedure)",
                                    "type" : "CodeRef"
                                 } ]
                              }, {
                                 "localId" : "22",
                                 "locator" : "22:14-22:116",
                                 "type" : "Equivalent",
                                 "operand" : [ {
                                    "localId" : "20",
                                    "locator" : "22:14-22:50",
                                    "path" : "dischargeDisposition",
                                    "scope" : "DischargeHospice",
                                    "type" : "Property"
                                 }, {
                                    "localId" : "21",
                                    "locator" : "22:54-22:116",
                                    "name" : "Discharge to healthcare facility for hospice care (procedure)",
                                    "type" : "CodeRef"
                                 } ]
                              } ]
                           }, {
                              "localId" : "27",
                              "locator" : "24:13-24:76",
                              "type" : "In",
                              "operand" : [ {
                                 "locator" : "24:45-24:48",
                                 "type" : "End",
                                 "operand" : {
                                    "localId" : "25",
                                    "locator" : "24:13-24:43",
                                    "path" : "relevantPeriod",
                                    "scope" : "DischargeHospice",
                                    "type" : "Property"
                                 }
                              }, {
                                 "localId" : "26",
                                 "locator" : "24:57-24:76",
                                 "name" : "Measurement Period",
                                 "type" : "ParameterRef"
                              } ]
                           } ]
                        }
                     }
                  }, {
                     "localId" : "38",
                     "locator" : "26:8-28:5",
                     "type" : "Exists",
                     "operand" : {
                        "localId" : "37",
                        "locator" : "26:15-28:5",
                        "type" : "Query",
                        "source" : [ {
                           "localId" : "32",
                           "locator" : "26:17-26:79",
                           "alias" : "HospiceOrder",
                           "expression" : {
                              "localId" : "31",
                              "locator" : "26:17-26:66",
                              "dataType" : "{urn:healthit-gov:qdm:v5_6}PositiveInterventionOrder",
                              "templateId" : "PositiveInterventionOrder",
                              "codeProperty" : "code",
                              "codeComparator" : "in",
                              "type" : "Retrieve",
                              "codes" : {
                                 "locator" : "26:41-26:65",
                                 "name" : "Hospice care ambulatory",
                                 "type" : "ValueSetRef"
                              }
                           }
                        } ],
                        "relationship" : [ ],
                        "where" : {
                           "localId" : "36",
                           "locator" : "27:9-27:69",
                           "type" : "In",
                           "operand" : [ {
                              "localId" : "34",
                              "locator" : "27:15-27:41",
                              "path" : "authorDatetime",
                              "scope" : "HospiceOrder",
                              "type" : "Property"
                           }, {
                              "localId" : "35",
                              "locator" : "27:50-27:69",
                              "name" : "Measurement Period",
                              "type" : "ParameterRef"
                           } ]
                        }
                     }
                  } ]
               }, {
                  "localId" : "51",
                  "locator" : "29:8-31:5",
                  "type" : "Exists",
                  "operand" : {
                     "localId" : "50",
                     "locator" : "29:15-31:5",
                     "type" : "Query",
                     "source" : [ {
                        "localId" : "41",
                        "locator" : "29:17-29:87",
                        "alias" : "HospicePerformed",
                        "expression" : {
                           "localId" : "40",
                           "locator" : "29:17-29:70",
                           "dataType" : "{urn:healthit-gov:qdm:v5_6}PositiveInterventionPerformed",
                           "templateId" : "PositiveInterventionPerformed",
                           "codeProperty" : "code",
                           "codeComparator" : "in",
                           "type" : "Retrieve",
                           "codes" : {
                              "locator" : "29:45-29:69",
                              "name" : "Hospice care ambulatory",
                              "type" : "ValueSetRef"
                           }
                        }
                     } ],
                     "relationship" : [ ],
                     "where" : {
                        "localId" : "49",
                        "locator" : "30:9-30:141",
                        "type" : "Overlaps",
                        "operand" : [ {
                           "localId" : "47",
                           "locator" : "30:15-30:111",
                           "name" : "NormalizeInterval",
                           "libraryName" : "Global",
                           "type" : "FunctionRef",
                           "operand" : [ {
                              "localId" : "44",
                              "locator" : "30:44-30:76",
                              "path" : "relevantDatetime",
                              "scope" : "HospicePerformed",
                              "type" : "Property"
                           }, {
                              "localId" : "46",
                              "locator" : "30:79-30:109",
                              "path" : "relevantPeriod",
                              "scope" : "HospicePerformed",
                              "type" : "Property"
                           } ]
                        }, {
                           "localId" : "48",
                           "locator" : "30:122-30:141",
                           "name" : "Measurement Period",
                           "type" : "ParameterRef"
                        } ]
                     }
                  }
               } ]
            }
         } ]
      }
   }
}