{
   "library" : {
      "annotation" : [ {
         "translatorOptions" : "EnableAnnotations,EnableLocators,DisableListDemotion,DisableListPromotion,DisableMethodInvocation",
         "type" : "CqlToElmInfo"
      }, {
         "type" : "Annotation",
         "s" : {
            "r" : "81",
            "s" : [ {
               "value" : [ "","library CombinedVTEandBleedingRatio version '0.0.002'" ]
            } ]
         }
      } ],
      "identifier" : {
         "id" : "CombinedVTEandBleedingRatio",
         "version" : "0.0.002"
      },
      "schemaIdentifier" : {
         "id" : "urn:hl7-org:elm",
         "version" : "r1"
      },
      "usings" : {
         "def" : [ {
            "localIdentifier" : "System",
            "uri" : "urn:hl7-org:elm-types:r1"
         }, {
            "localId" : "1",
            "locator" : "3:1-3:23",
            "localIdentifier" : "QDM",
            "uri" : "urn:healthit-gov:qdm:v5_6",
            "version" : "5.6",
            "annotation" : [ {
               "type" : "Annotation",
               "s" : {
                  "r" : "1",
                  "s" : [ {
                     "value" : [ "","using " ]
                  }, {
                     "s" : [ {
                        "value" : [ "QDM" ]
                     } ]
                  }, {
                     "value" : [ " version ","'5.6'" ]
                  } ]
               }
            } ]
         } ]
      },
      "includes" : {
         "def" : [ {
            "localId" : "2",
            "locator" : "5:1-5:60",
            "localIdentifier" : "THA_TKA_Common",
            "path" : "THATKACommon",
            "version" : "1.0.000",
            "annotation" : [ {
               "type" : "Annotation",
               "s" : {
                  "r" : "2",
                  "s" : [ {
                     "value" : [ "","include " ]
                  }, {
                     "s" : [ {
                        "value" : [ "THATKACommon" ]
                     } ]
                  }, {
                     "value" : [ " version ","'1.0.000'"," called ","THA_TKA_Common" ]
                  } ]
               }
            } ]
         } ]
      },
      "valueSets" : {
         "def" : [ {
            "localId" : "3",
            "locator" : "7:1-7:58",
            "name" : "Ethnicity",
            "id" : "urn:oid:2.16.840.1.114222.4.11.837",
            "accessLevel" : "Public",
            "annotation" : [ {
               "type" : "Annotation",
               "s" : {
                  "r" : "3",
                  "s" : [ {
                     "value" : [ "","valueset ","\"Ethnicity\"",": ","'urn:oid:2.16.840.1.114222.4.11.837'" ]
                  } ]
               }
            } ]
         }, {
            "localId" : "4",
            "locator" : "8:1-8:68",
            "name" : "ONC Administrative Sex",
            "id" : "urn:oid:2.16.840.1.113762.1.4.1",
            "accessLevel" : "Public",
            "annotation" : [ {
               "type" : "Annotation",
               "s" : {
                  "r" : "4",
                  "s" : [ {
                     "value" : [ "","valueset ","\"ONC Administrative Sex\"",": ","'urn:oid:2.16.840.1.113762.1.4.1'" ]
                  } ]
               }
            } ]
         }, {
            "localId" : "5",
            "locator" : "9:1-9:55",
            "name" : "Payer",
            "id" : "urn:oid:2.16.840.1.114222.4.11.3591",
            "accessLevel" : "Public",
            "annotation" : [ {
               "type" : "Annotation",
               "s" : {
                  "r" : "5",
                  "s" : [ {
                     "value" : [ "","valueset ","\"Payer\"",": ","'urn:oid:2.16.840.1.114222.4.11.3591'" ]
                  } ]
               }
            } ]
         }, {
            "localId" : "6",
            "locator" : "10:1-10:53",
            "name" : "Race",
            "id" : "urn:oid:2.16.840.1.114222.4.11.836",
            "accessLevel" : "Public",
            "annotation" : [ {
               "type" : "Annotation",
               "s" : {
                  "r" : "6",
                  "s" : [ {
                     "value" : [ "","valueset ","\"Race\"",": ","'urn:oid:2.16.840.1.114222.4.11.836'" ]
                  } ]
               }
            } ]
         } ]
      },
      "contexts" : {
         "def" : [ {
            "locator" : "12:1-12:15",
            "name" : "Patient"
         } ]
      },
      "statements" : {
         "def" : [ {
            "locator" : "12:1-12:15",
            "name" : "Patient",
            "context" : "Patient",
            "expression" : {
               "type" : "SingletonFrom",
               "operand" : {
                  "locator" : "12:1-12:15",
                  "dataType" : "{urn:healthit-gov:qdm:v5_6}Patient",
                  "templateId" : "Patient",
                  "type" : "Retrieve"
               }
            }
         }, {
            "localId" : "8",
            "locator" : "14:1-15:3",
            "name" : "Bleeding Weight",
            "context" : "Patient",
            "accessLevel" : "Public",
            "annotation" : [ {
               "type" : "Annotation",
               "s" : {
                  "r" : "8",
                  "s" : [ {
                     "r" : "7",
                     "value" : [ "","define ","\"Bleeding Weight\"",":\n  ","1" ]
                  } ]
               }
            } ],
            "expression" : {
               "localId" : "7",
               "locator" : "15:3",
               "valueType" : "{urn:hl7-org:elm-types:r1}Integer",
               "value" : "1",
               "type" : "Literal"
            }
         }, {
            "localId" : "11",
            "locator" : "17:1-18:37",
            "name" : "Initial Population",
            "context" : "Patient",
            "accessLevel" : "Public",
            "annotation" : [ {
               "type" : "Annotation",
               "s" : {
                  "r" : "11",
                  "s" : [ {
                     "value" : [ "","define ","\"Initial Population\"",":\n  " ]
                  }, {
                     "r" : "10",
                     "s" : [ {
                        "r" : "9",
                        "s" : [ {
                           "value" : [ "THA_TKA_Common" ]
                        } ]
                     }, {
                        "value" : [ "." ]
                     }, {
                        "r" : "10",
                        "s" : [ {
                           "value" : [ "\"Initial Population\"" ]
                        } ]
                     } ]
                  } ]
               }
            } ],
            "expression" : {
               "localId" : "10",
               "locator" : "18:3-18:37",
               "name" : "Initial Population",
               "libraryName" : "THA_TKA_Common",
               "type" : "ExpressionRef"
            }
         }, {
            "localId" : "14",
            "locator" : "20:1-21:30",
            "name" : "Denominator",
            "context" : "Patient",
            "accessLevel" : "Public",
            "annotation" : [ {
               "type" : "Annotation",
               "s" : {
                  "r" : "14",
                  "s" : [ {
                     "value" : [ "","define ","\"Denominator\"",":\n  " ]
                  }, {
                     "r" : "13",
                     "s" : [ {
                        "r" : "12",
                        "s" : [ {
                           "value" : [ "THA_TKA_Common" ]
                        } ]
                     }, {
                        "value" : [ "." ]
                     }, {
                        "r" : "13",
                        "s" : [ {
                           "value" : [ "\"Denominator\"" ]
                        } ]
                     } ]
                  } ]
               }
            } ],
            "expression" : {
               "localId" : "13",
               "locator" : "21:3-21:30",
               "name" : "Denominator",
               "libraryName" : "THA_TKA_Common",
               "type" : "ExpressionRef"
            }
         }, {
            "localId" : "17",
            "locator" : "24:1-25:48",
            "name" : "Denominator Exclusion",
            "context" : "Patient",
            "accessLevel" : "Public",
            "annotation" : [ {
               "type" : "Annotation",
               "s" : {
                  "r" : "17",
                  "s" : [ {
                     "value" : [ "/*For the measure population exclusions, we only want to exclude characteristics that are common to both events. Otherwise, we might exclude an event for a VTE exclusion, and end up missing it when it should have counted for a Bleeding event.*/","define ","\"Denominator Exclusion\"",":\n  " ]
                  }, {
                     "r" : "16",
                     "s" : [ {
                        "r" : "15",
                        "s" : [ {
                           "value" : [ "THA_TKA_Common" ]
                        } ]
                     }, {
                        "value" : [ "." ]
                     }, {
                        "r" : "16",
                        "s" : [ {
                           "value" : [ "\"Common Denominator Exclusions\"" ]
                        } ]
                     } ]
                  } ]
               }
            } ],
            "expression" : {
               "localId" : "16",
               "locator" : "25:3-25:48",
               "name" : "Common Denominator Exclusions",
               "libraryName" : "THA_TKA_Common",
               "type" : "ExpressionRef"
            }
         }, {
            "localId" : "23",
            "locator" : "27:1-29:46",
            "name" : "Numerator",
            "context" : "Patient",
            "accessLevel" : "Public",
            "annotation" : [ {
               "type" : "Annotation",
               "s" : {
                  "r" : "23",
                  "s" : [ {
                     "value" : [ "","define ","\"Numerator\"",":\n  " ]
                  }, {
                     "r" : "22",
                     "s" : [ {
                        "r" : "19",
                        "s" : [ {
                           "r" : "18",
                           "s" : [ {
                              "value" : [ "THA_TKA_Common" ]
                           } ]
                        }, {
                           "value" : [ "." ]
                        }, {
                           "r" : "19",
                           "s" : [ {
                              "value" : [ "\"Bleeding-Specific Numerator\"" ]
                           } ]
                        } ]
                     }, {
                        "value" : [ "\n    or " ]
                     }, {
                        "r" : "21",
                        "s" : [ {
                           "r" : "20",
                           "s" : [ {
                              "value" : [ "THA_TKA_Common" ]
                           } ]
                        }, {
                           "value" : [ "." ]
                        }, {
                           "r" : "21",
                           "s" : [ {
                              "value" : [ "\"VTE-Specific Numerator\"" ]
                           } ]
                        } ]
                     } ]
                  } ]
               }
            } ],
            "expression" : {
               "localId" : "22",
               "locator" : "28:3-29:46",
               "type" : "Or",
               "operand" : [ {
                  "localId" : "19",
                  "locator" : "28:3-28:46",
                  "name" : "Bleeding-Specific Numerator",
                  "libraryName" : "THA_TKA_Common",
                  "type" : "ExpressionRef"
               }, {
                  "localId" : "21",
                  "locator" : "29:8-29:46",
                  "name" : "VTE-Specific Numerator",
                  "libraryName" : "THA_TKA_Common",
                  "type" : "ExpressionRef"
               } ]
            }
         }, {
            "localId" : "25",
            "locator" : "31:1-32:51",
            "name" : "SDE Ethnicity",
            "context" : "Patient",
            "accessLevel" : "Public",
            "annotation" : [ {
               "type" : "Annotation",
               "s" : {
                  "r" : "25",
                  "s" : [ {
                     "value" : [ "","define ","\"SDE Ethnicity\"",":\n  " ]
                  }, {
                     "r" : "24",
                     "s" : [ {
                        "value" : [ "[","\"Patient Characteristic Ethnicity\"",": " ]
                     }, {
                        "s" : [ {
                           "value" : [ "\"Ethnicity\"" ]
                        } ]
                     }, {
                        "value" : [ "]" ]
                     } ]
                  } ]
               }
            } ],
            "expression" : {
               "localId" : "24",
               "locator" : "32:3-32:51",
               "dataType" : "{urn:healthit-gov:qdm:v5_6}PatientCharacteristicEthnicity",
               "codeProperty" : "code",
               "codeComparator" : "in",
               "type" : "Retrieve",
               "codes" : {
                  "locator" : "32:40-32:50",
                  "name" : "Ethnicity",
                  "type" : "ValueSetRef"
               }
            }
         }, {
            "localId" : "27",
            "locator" : "34:1-35:43",
            "name" : "SDE Payer",
            "context" : "Patient",
            "accessLevel" : "Public",
            "annotation" : [ {
               "type" : "Annotation",
               "s" : {
                  "r" : "27",
                  "s" : [ {
                     "value" : [ "","define ","\"SDE Payer\"",":\n  " ]
                  }, {
                     "r" : "26",
                     "s" : [ {
                        "value" : [ "[","\"Patient Characteristic Payer\"",": " ]
                     }, {
                        "s" : [ {
                           "value" : [ "\"Payer\"" ]
                        } ]
                     }, {
                        "value" : [ "]" ]
                     } ]
                  } ]
               }
            } ],
            "expression" : {
               "localId" : "26",
               "locator" : "35:3-35:43",
               "dataType" : "{urn:healthit-gov:qdm:v5_6}PatientCharacteristicPayer",
               "codeProperty" : "code",
               "codeComparator" : "in",
               "type" : "Retrieve",
               "codes" : {
                  "locator" : "35:36-35:42",
                  "name" : "Payer",
                  "type" : "ValueSetRef"
               }
            }
         }, {
            "localId" : "29",
            "locator" : "37:1-38:41",
            "name" : "SDE Race",
            "context" : "Patient",
            "accessLevel" : "Public",
            "annotation" : [ {
               "type" : "Annotation",
               "s" : {
                  "r" : "29",
                  "s" : [ {
                     "value" : [ "","define ","\"SDE Race\"",":\n  " ]
                  }, {
                     "r" : "28",
                     "s" : [ {
                        "value" : [ "[","\"Patient Characteristic Race\"",": " ]
                     }, {
                        "s" : [ {
                           "value" : [ "\"Race\"" ]
                        } ]
                     }, {
                        "value" : [ "]" ]
                     } ]
                  } ]
               }
            } ],
            "expression" : {
               "localId" : "28",
               "locator" : "38:3-38:41",
               "dataType" : "{urn:healthit-gov:qdm:v5_6}PatientCharacteristicRace",
               "codeProperty" : "code",
               "codeComparator" : "in",
               "type" : "Retrieve",
               "codes" : {
                  "locator" : "38:35-38:40",
                  "name" : "Race",
                  "type" : "ValueSetRef"
               }
            }
         }, {
            "localId" : "31",
            "locator" : "40:1-41:58",
            "name" : "SDE Sex",
            "context" : "Patient",
            "accessLevel" : "Public",
            "annotation" : [ {
               "type" : "Annotation",
               "s" : {
                  "r" : "31",
                  "s" : [ {
                     "value" : [ "","define ","\"SDE Sex\"",":\n  " ]
                  }, {
                     "r" : "30",
                     "s" : [ {
                        "value" : [ "[","\"Patient Characteristic Sex\"",": " ]
                     }, {
                        "s" : [ {
                           "value" : [ "\"ONC Administrative Sex\"" ]
                        } ]
                     }, {
                        "value" : [ "]" ]
                     } ]
                  } ]
               }
            } ],
            "expression" : {
               "localId" : "30",
               "locator" : "41:3-41:58",
               "dataType" : "{urn:healthit-gov:qdm:v5_6}PatientCharacteristicSex",
               "codeProperty" : "code",
               "codeComparator" : "in",
               "type" : "Retrieve",
               "codes" : {
                  "locator" : "41:34-41:57",
                  "name" : "ONC Administrative Sex",
                  "type" : "ValueSetRef"
               }
            }
         }, {
            "localId" : "33",
            "locator" : "43:1-44:5",
            "name" : "VTE Weight",
            "context" : "Patient",
            "accessLevel" : "Public",
            "annotation" : [ {
               "type" : "Annotation",
               "s" : {
                  "r" : "33",
                  "s" : [ {
                     "r" : "32",
                     "value" : [ "","define ","\"VTE Weight\"",":\n  ","2.7" ]
                  } ]
               }
            } ],
            "expression" : {
               "localId" : "32",
               "locator" : "44:3-44:5",
               "valueType" : "{urn:hl7-org:elm-types:r1}Decimal",
               "value" : "2.7",
               "type" : "Literal"
            }
         }, {
            "localId" : "45",
            "locator" : "66:1-68:10",
            "name" : "ToScore",
            "context" : "Patient",
            "accessLevel" : "Public",
            "type" : "FunctionDef",
            "annotation" : [ {
               "type" : "Annotation",
               "s" : {
                  "r" : "45",
                  "s" : [ {
                     "value" : [ "/*This function is used to convert the boolean-valued determination of an event to a score.*/","define function ","\"ToScore\"","(","Value"," " ]
                  }, {
                     "r" : "40",
                     "s" : [ {
                        "value" : [ "Boolean" ]
                     } ]
                  }, {
                     "value" : [ " ):\n  " ]
                  }, {
                     "r" : "44",
                     "s" : [ {
                        "r" : "44",
                        "s" : [ {
                           "value" : [ "if " ]
                        }, {
                           "r" : "41",
                           "s" : [ {
                              "value" : [ "Value" ]
                           } ]
                        }, {
                           "r" : "42",
                           "value" : [ " then ","1"," \n    else ","0" ]
                        } ]
                     } ]
                  } ]
               }
            } ],
            "expression" : {
               "localId" : "44",
               "locator" : "67:3-68:10",
               "type" : "If",
               "condition" : {
                  "localId" : "41",
                  "locator" : "67:6-67:10",
                  "name" : "Value",
                  "type" : "OperandRef"
               },
               "then" : {
                  "localId" : "42",
                  "locator" : "67:17",
                  "valueType" : "{urn:hl7-org:elm-types:r1}Integer",
                  "value" : "1",
                  "type" : "Literal"
               },
               "else" : {
                  "localId" : "43",
                  "locator" : "68:10",
                  "valueType" : "{urn:hl7-org:elm-types:r1}Integer",
                  "value" : "0",
                  "type" : "Literal"
               }
            },
            "operand" : [ {
               "name" : "Value",
               "operandTypeSpecifier" : {
                  "localId" : "40",
                  "locator" : "66:33-66:39",
                  "name" : "{urn:hl7-org:elm-types:r1}Boolean",
                  "type" : "NamedTypeSpecifier"
               }
            } ]
         }, {
            "localId" : "59",
            "locator" : "46:1-53:3",
            "name" : "Measure Denominator Score",
            "context" : "Patient",
            "accessLevel" : "Public",
            "type" : "FunctionDef",
            "annotation" : [ {
               "type" : "Annotation",
               "s" : {
                  "r" : "59",
                  "s" : [ {
                     "value" : [ "","define function ","\"Measure Denominator Score\"","():\n  " ]
                  }, {
                     "r" : "58",
                     "s" : [ {
                        "r" : "58",
                        "s" : [ {
                           "r" : "48",
                           "s" : [ {
                              "value" : [ "( " ]
                           }, {
                              "r" : "48",
                              "s" : [ {
                                 "r" : "46",
                                 "s" : [ {
                                    "value" : [ "ToScore","(" ]
                                 }, {
                                    "r" : "39",
                                    "s" : [ {
                                       "r" : "35",
                                       "s" : [ {
                                          "r" : "34",
                                          "s" : [ {
                                             "value" : [ "THA_TKA_Common" ]
                                          } ]
                                       }, {
                                          "value" : [ "." ]
                                       }, {
                                          "r" : "35",
                                          "s" : [ {
                                             "value" : [ "\"Denominator\"" ]
                                          } ]
                                       } ]
                                    }, {
                                       "value" : [ "\n        and " ]
                                    }, {
                                       "r" : "38",
                                       "s" : [ {
                                          "value" : [ "not " ]
                                       }, {
                                          "r" : "37",
                                          "s" : [ {
                                             "r" : "36",
                                             "s" : [ {
                                                "value" : [ "THA_TKA_Common" ]
                                             } ]
                                          }, {
                                             "value" : [ "." ]
                                          }, {
                                             "r" : "37",
                                             "s" : [ {
                                                "value" : [ "\"VTE-Specific Denominator Exclusions\"" ]
                                             } ]
                                          } ]
                                       } ]
                                    } ]
                                 }, {
                                    "value" : [ "\n    )" ]
                                 } ]
                              }, {
                                 "value" : [ "* " ]
                              }, {
                                 "r" : "47",
                                 "s" : [ {
                                    "value" : [ "\"VTE Weight\"" ]
                                 } ]
                              } ]
                           }, {
                              "value" : [ "\n  )" ]
                           } ]
                        }, {
                           "value" : [ " + " ]
                        }, {
                           "r" : "57",
                           "s" : [ {
                              "value" : [ "( " ]
                           }, {
                              "r" : "57",
                              "s" : [ {
                                 "r" : "55",
                                 "s" : [ {
                                    "value" : [ "ToScore","(" ]
                                 }, {
                                    "r" : "54",
                                    "s" : [ {
                                       "r" : "50",
                                       "s" : [ {
                                          "r" : "49",
                                          "s" : [ {
                                             "value" : [ "THA_TKA_Common" ]
                                          } ]
                                       }, {
                                          "value" : [ "." ]
                                       }, {
                                          "r" : "50",
                                          "s" : [ {
                                             "value" : [ "\"Denominator\"" ]
                                          } ]
                                       } ]
                                    }, {
                                       "value" : [ "\n        and " ]
                                    }, {
                                       "r" : "53",
                                       "s" : [ {
                                          "value" : [ "not " ]
                                       }, {
                                          "r" : "52",
                                          "s" : [ {
                                             "r" : "51",
                                             "s" : [ {
                                                "value" : [ "THA_TKA_Common" ]
                                             } ]
                                          }, {
                                             "value" : [ "." ]
                                          }, {
                                             "r" : "52",
                                             "s" : [ {
                                                "value" : [ "\"Bleeding-Specific Denominator Exclusions\"" ]
                                             } ]
                                          } ]
                                       } ]
                                    } ]
                                 }, {
                                    "value" : [ "\n    )" ]
                                 } ]
                              }, {
                                 "value" : [ "* " ]
                              }, {
                                 "r" : "56",
                                 "s" : [ {
                                    "value" : [ "\"Bleeding Weight\"" ]
                                 } ]
                              } ]
                           }, {
                              "value" : [ "\n  )" ]
                           } ]
                        } ]
                     } ]
                  } ]
               }
            } ],
            "expression" : {
               "localId" : "58",
               "locator" : "47:3-53:3",
               "type" : "Add",
               "operand" : [ {
                  "localId" : "48",
                  "locator" : "47:3-50:3",
                  "type" : "Multiply",
                  "operand" : [ {
                     "type" : "ToDecimal",
                     "operand" : {
                        "localId" : "46",
                        "locator" : "47:5-49:5",
                        "name" : "ToScore",
                        "type" : "FunctionRef",
                        "operand" : [ {
                           "localId" : "39",
                           "locator" : "47:13-48:68",
                           "type" : "And",
                           "operand" : [ {
                              "localId" : "35",
                              "locator" : "47:13-47:40",
                              "name" : "Denominator",
                              "libraryName" : "THA_TKA_Common",
                              "type" : "ExpressionRef"
                           }, {
                              "localId" : "38",
                              "locator" : "48:13-48:68",
                              "type" : "Not",
                              "operand" : {
                                 "localId" : "37",
                                 "locator" : "48:17-48:68",
                                 "name" : "VTE-Specific Denominator Exclusions",
                                 "libraryName" : "THA_TKA_Common",
                                 "type" : "ExpressionRef"
                              }
                           } ]
                        } ]
                     }
                  }, {
                     "localId" : "47",
                     "locator" : "49:8-49:19",
                     "name" : "VTE Weight",
                     "type" : "ExpressionRef"
                  } ]
               }, {
                  "type" : "ToDecimal",
                  "operand" : {
                     "localId" : "57",
                     "locator" : "50:7-53:3",
                     "type" : "Multiply",
                     "operand" : [ {
                        "localId" : "55",
                        "locator" : "50:9-52:5",
                        "name" : "ToScore",
                        "type" : "FunctionRef",
                        "operand" : [ {
                           "localId" : "54",
                           "locator" : "50:17-51:73",
                           "type" : "And",
                           "operand" : [ {
                              "localId" : "50",
                              "locator" : "50:17-50:44",
                              "name" : "Denominator",
                              "libraryName" : "THA_TKA_Common",
                              "type" : "ExpressionRef"
                           }, {
                              "localId" : "53",
                              "locator" : "51:13-51:73",
                              "type" : "Not",
                              "operand" : {
                                 "localId" : "52",
                                 "locator" : "51:17-51:73",
                                 "name" : "Bleeding-Specific Denominator Exclusions",
                                 "libraryName" : "THA_TKA_Common",
                                 "type" : "ExpressionRef"
                              }
                           } ]
                        } ]
                     }, {
                        "localId" : "56",
                        "locator" : "52:8-52:24",
                        "name" : "Bleeding Weight",
                        "type" : "ExpressionRef"
                     } ]
                  }
               } ]
            },
            "operand" : [ ]
         }, {
            "localId" : "79",
            "locator" : "56:1-63:3",
            "name" : "Measure Numerator Score",
            "context" : "Patient",
            "accessLevel" : "Public",
            "type" : "FunctionDef",
            "annotation" : [ {
               "type" : "Annotation",
               "s" : {
                  "r" : "79",
                  "s" : [ {
                     "value" : [ "/*So this is a patient-based linear combination, which we can then weight by introducing the weighting factor as a component of the measure observation calculation*/","define function ","\"Measure Numerator Score\"","():\n  " ]
                  }, {
                     "r" : "78",
                     "s" : [ {
                        "r" : "78",
                        "s" : [ {
                           "r" : "68",
                           "s" : [ {
                              "value" : [ "( " ]
                           }, {
                              "r" : "68",
                              "s" : [ {
                                 "r" : "66",
                                 "s" : [ {
                                    "value" : [ "ToScore","(" ]
                                 }, {
                                    "r" : "65",
                                    "s" : [ {
                                       "r" : "61",
                                       "s" : [ {
                                          "r" : "60",
                                          "s" : [ {
                                             "value" : [ "THA_TKA_Common" ]
                                          } ]
                                       }, {
                                          "value" : [ "." ]
                                       }, {
                                          "r" : "61",
                                          "s" : [ {
                                             "value" : [ "\"VTE-Specific Numerator\"" ]
                                          } ]
                                       } ]
                                    }, {
                                       "value" : [ "\n        and " ]
                                    }, {
                                       "r" : "64",
                                       "s" : [ {
                                          "value" : [ "not " ]
                                       }, {
                                          "r" : "63",
                                          "s" : [ {
                                             "r" : "62",
                                             "s" : [ {
                                                "value" : [ "THA_TKA_Common" ]
                                             } ]
                                          }, {
                                             "value" : [ "." ]
                                          }, {
                                             "r" : "63",
                                             "s" : [ {
                                                "value" : [ "\"VTE-Specific Denominator Exclusions\"" ]
                                             } ]
                                          } ]
                                       } ]
                                    } ]
                                 }, {
                                    "value" : [ "\n    )" ]
                                 } ]
                              }, {
                                 "value" : [ "* " ]
                              }, {
                                 "r" : "67",
                                 "s" : [ {
                                    "value" : [ "\"VTE Weight\"" ]
                                 } ]
                              } ]
                           }, {
                              "value" : [ "\n  )" ]
                           } ]
                        }, {
                           "value" : [ " + " ]
                        }, {
                           "r" : "77",
                           "s" : [ {
                              "value" : [ "( " ]
                           }, {
                              "r" : "77",
                              "s" : [ {
                                 "r" : "75",
                                 "s" : [ {
                                    "value" : [ "ToScore","(" ]
                                 }, {
                                    "r" : "74",
                                    "s" : [ {
                                       "r" : "70",
                                       "s" : [ {
                                          "r" : "69",
                                          "s" : [ {
                                             "value" : [ "THA_TKA_Common" ]
                                          } ]
                                       }, {
                                          "value" : [ "." ]
                                       }, {
                                          "r" : "70",
                                          "s" : [ {
                                             "value" : [ "\"Bleeding-Specific Numerator\"" ]
                                          } ]
                                       } ]
                                    }, {
                                       "value" : [ "\n        and " ]
                                    }, {
                                       "r" : "73",
                                       "s" : [ {
                                          "value" : [ "not " ]
                                       }, {
                                          "r" : "72",
                                          "s" : [ {
                                             "r" : "71",
                                             "s" : [ {
                                                "value" : [ "THA_TKA_Common" ]
                                             } ]
                                          }, {
                                             "value" : [ "." ]
                                          }, {
                                             "r" : "72",
                                             "s" : [ {
                                                "value" : [ "\"Bleeding-Specific Denominator Exclusions\"" ]
                                             } ]
                                          } ]
                                       } ]
                                    } ]
                                 }, {
                                    "value" : [ "\n    )" ]
                                 } ]
                              }, {
                                 "value" : [ "* " ]
                              }, {
                                 "r" : "76",
                                 "s" : [ {
                                    "value" : [ "\"Bleeding Weight\"" ]
                                 } ]
                              } ]
                           }, {
                              "value" : [ "\n  )" ]
                           } ]
                        } ]
                     } ]
                  } ]
               }
            } ],
            "expression" : {
               "localId" : "78",
               "locator" : "57:3-63:3",
               "type" : "Add",
               "operand" : [ {
                  "localId" : "68",
                  "locator" : "57:3-60:3",
                  "type" : "Multiply",
                  "operand" : [ {
                     "type" : "ToDecimal",
                     "operand" : {
                        "localId" : "66",
                        "locator" : "57:5-59:5",
                        "name" : "ToScore",
                        "type" : "FunctionRef",
                        "operand" : [ {
                           "localId" : "65",
                           "locator" : "57:13-58:68",
                           "type" : "And",
                           "operand" : [ {
                              "localId" : "61",
                              "locator" : "57:13-57:51",
                              "name" : "VTE-Specific Numerator",
                              "libraryName" : "THA_TKA_Common",
                              "type" : "ExpressionRef"
                           }, {
                              "localId" : "64",
                              "locator" : "58:13-58:68",
                              "type" : "Not",
                              "operand" : {
                                 "localId" : "63",
                                 "locator" : "58:17-58:68",
                                 "name" : "VTE-Specific Denominator Exclusions",
                                 "libraryName" : "THA_TKA_Common",
                                 "type" : "ExpressionRef"
                              }
                           } ]
                        } ]
                     }
                  }, {
                     "localId" : "67",
                     "locator" : "59:8-59:19",
                     "name" : "VTE Weight",
                     "type" : "ExpressionRef"
                  } ]
               }, {
                  "type" : "ToDecimal",
                  "operand" : {
                     "localId" : "77",
                     "locator" : "60:7-63:3",
                     "type" : "Multiply",
                     "operand" : [ {
                        "localId" : "75",
                        "locator" : "60:9-62:5",
                        "name" : "ToScore",
                        "type" : "FunctionRef",
                        "operand" : [ {
                           "localId" : "74",
                           "locator" : "60:17-61:73",
                           "type" : "And",
                           "operand" : [ {
                              "localId" : "70",
                              "locator" : "60:17-60:60",
                              "name" : "Bleeding-Specific Numerator",
                              "libraryName" : "THA_TKA_Common",
                              "type" : "ExpressionRef"
                           }, {
                              "localId" : "73",
                              "locator" : "61:13-61:73",
                              "type" : "Not",
                              "operand" : {
                                 "localId" : "72",
                                 "locator" : "61:17-61:73",
                                 "name" : "Bleeding-Specific Denominator Exclusions",
                                 "libraryName" : "THA_TKA_Common",
                                 "type" : "ExpressionRef"
                              }
                           } ]
                        } ]
                     }, {
                        "localId" : "76",
                        "locator" : "62:8-62:24",
                        "name" : "Bleeding Weight",
                        "type" : "ExpressionRef"
                     } ]
                  }
               } ]
            },
            "operand" : [ ]
         } ]
      }
   }
}