<?xml version="1.0" encoding="UTF-8"?>
<library xmlns="urn:hl7-org:elm:r1" xmlns:t="urn:hl7-org:elm-types:r1" xmlns:xsi="http://www.w3.org/2001/XMLSchema-instance" xmlns:xsd="http://www.w3.org/2001/XMLSchema" xmlns:fhir="http://hl7.org/fhir" xmlns:qdm43="urn:healthit-gov:qdm:v4_3" xmlns:qdm53="urn:healthit-gov:qdm:v5_3" xmlns:a="urn:hl7-org:cql-annotations:r1">
   <annotation translatorOptions="EnableAnnotations,EnableLocators,DisableListDemotion,DisableListPromotion,DisableMethodInvocation" xsi:type="a:CqlToElmInfo"/>
   <annotation xsi:type="a:Annotation">
      <a:s r="81">
         <a:s>library CombinedVTEandBleedingRatio version '0.0.002'</a:s>
      </a:s>
   </annotation>
   <identifier id="CombinedVTEandBleedingRatio" version="0.0.002"/>
   <schemaIdentifier id="urn:hl7-org:elm" version="r1"/>
   <usings>
      <def localIdentifier="System" uri="urn:hl7-org:elm-types:r1"/>
      <def localId="1" locator="3:1-3:23" localIdentifier="QDM" uri="urn:healthit-gov:qdm:v5_6" version="5.6">
         <annotation xsi:type="a:Annotation">
            <a:s r="1">
               <a:s>using </a:s>
               <a:s>
                  <a:s>QDM</a:s>
               </a:s>
               <a:s> version '5.6'</a:s>
            </a:s>
         </annotation>
      </def>
   </usings>
   <includes>
      <def localId="2" locator="5:1-5:60" localIdentifier="THA_TKA_Common" path="THATKACommon" version="1.0.000">
         <annotation xsi:type="a:Annotation">
            <a:s r="2">
               <a:s>include </a:s>
               <a:s>
                  <a:s>THATKACommon</a:s>
               </a:s>
               <a:s> version '1.0.000' called THA_TKA_Common</a:s>
            </a:s>
         </annotation>
      </def>
   </includes>
   <valueSets>
      <def localId="3" locator="7:1-7:58" name="Ethnicity" id="urn:oid:2.16.840.1.114222.4.11.837" accessLevel="Public">
         <annotation xsi:type="a:Annotation">
            <a:s r="3">
               <a:s>valueset &quot;Ethnicity&quot;: 'urn:oid:2.16.840.1.114222.4.11.837'</a:s>
            </a:s>
         </annotation>
      </def>
      <def localId="4" locator="8:1-8:68" name="ONC Administrative Sex" id="urn:oid:2.16.840.1.113762.1.4.1" accessLevel="Public">
         <annotation xsi:type="a:Annotation">
            <a:s r="4">
               <a:s>valueset &quot;ONC Administrative Sex&quot;: 'urn:oid:2.16.840.1.113762.1.4.1'</a:s>
            </a:s>
         </annotation>
      </def>
      <def localId="5" locator="9:1-9:55" name="Payer" id="urn:oid:2.16.840.1.114222.4.11.3591" accessLevel="Public">
         <annotation xsi:type="a:Annotation">
            <a:s r="5">
               <a:s>valueset &quot;Payer&quot;: 'urn:oid:2.16.840.1.114222.4.11.3591'</a:s>
            </a:s>
         </annotation>
      </def>
      <def localId="6" locator="10:1-10:53" name="Race" id="urn:oid:2.16.840.1.114222.4.11.836" accessLevel="Public">
         <annotation xsi:type="a:Annotation">
            <a:s r="6">
               <a:s>valueset &quot;Race&quot;: 'urn:oid:2.16.840.1.114222.4.11.836'</a:s>
            </a:s>
         </annotation>
      </def>
   </valueSets>
   <contexts>
      <def locator="12:1-12:15" name="Patient"/>
   </contexts>
   <statements>
      <def locator="12:1-12:15" name="Patient" context="Patient">
         <expression xsi:type="SingletonFrom">
            <operand locator="12:1-12:15" xmlns:ns0="urn:healthit-gov:qdm:v5_6" dataType="ns0:Patient" templateId="Patient" xsi:type="Retrieve"/>
         </expression>
      </def>
      <def localId="8" locator="14:1-15:3" name="Bleeding Weight" context="Patient" accessLevel="Public">
         <annotation xsi:type="a:Annotation">
            <a:s r="8">
               <a:s r="7">define &quot;Bleeding Weight&quot;:
  1</a:s>
            </a:s>
         </annotation>
         <expression localId="7" locator="15:3" valueType="t:Integer" value="1" xsi:type="Literal"/>
      </def>
      <def localId="11" locator="17:1-18:37" name="Initial Population" context="Patient" accessLevel="Public">
         <annotation xsi:type="a:Annotation">
            <a:s r="11">
               <a:s>define &quot;Initial Population&quot;:
  </a:s>
               <a:s r="10">
                  <a:s r="9">
                     <a:s>THA_TKA_Common</a:s>
                  </a:s>
                  <a:s>.</a:s>
                  <a:s r="10">
                     <a:s>&quot;Initial Population&quot;</a:s>
                  </a:s>
               </a:s>
            </a:s>
         </annotation>
         <expression localId="10" locator="18:3-18:37" name="Initial Population" libraryName="THA_TKA_Common" xsi:type="ExpressionRef"/>
      </def>
      <def localId="14" locator="20:1-21:30" name="Denominator" context="Patient" accessLevel="Public">
         <annotation xsi:type="a:Annotation">
            <a:s r="14">
               <a:s>define &quot;Denominator&quot;:
  </a:s>
               <a:s r="13">
                  <a:s r="12">
                     <a:s>THA_TKA_Common</a:s>
                  </a:s>
                  <a:s>.</a:s>
                  <a:s r="13">
                     <a:s>&quot;Denominator&quot;</a:s>
                  </a:s>
               </a:s>
            </a:s>
         </annotation>
         <expression localId="13" locator="21:3-21:30" name="Denominator" libraryName="THA_TKA_Common" xsi:type="ExpressionRef"/>
      </def>
      <def localId="17" locator="24:1-25:48" name="Denominator Exclusion" context="Patient" accessLevel="Public">
         <annotation xsi:type="a:Annotation">
            <a:s r="17">
               <a:s>/*For the measure population exclusions, we only want to exclude characteristics that are common to both events. Otherwise, we might exclude an event for a VTE exclusion, and end up missing it when it should have counted for a Bleeding event.*/define &quot;Denominator Exclusion&quot;:
  </a:s>
               <a:s r="16">
                  <a:s r="15">
                     <a:s>THA_TKA_Common</a:s>
                  </a:s>
                  <a:s>.</a:s>
                  <a:s r="16">
                     <a:s>&quot;Common Denominator Exclusions&quot;</a:s>
                  </a:s>
               </a:s>
            </a:s>
         </annotation>
         <expression localId="16" locator="25:3-25:48" name="Common Denominator Exclusions" libraryName="THA_TKA_Common" xsi:type="ExpressionRef"/>
      </def>
      <def localId="23" locator="27:1-29:46" name="Numerator" context="Patient" accessLevel="Public">
         <annotation xsi:type="a:Annotation">
            <a:s r="23">
               <a:s>define &quot;Numerator&quot;:
  </a:s>
               <a:s r="22">
                  <a:s r="19">
                     <a:s r="18">
                        <a:s>THA_TKA_Common</a:s>
                     </a:s>
                     <a:s>.</a:s>
                     <a:s r="19">
                        <a:s>&quot;Bleeding-Specific Numerator&quot;</a:s>
                     </a:s>
                  </a:s>
                  <a:s>
    or </a:s>
                  <a:s r="21">
                     <a:s r="20">
                        <a:s>THA_TKA_Common</a:s>
                     </a:s>
                     <a:s>.</a:s>
                     <a:s r="21">
                        <a:s>&quot;VTE-Specific Numerator&quot;</a:s>
                     </a:s>
                  </a:s>
               </a:s>
            </a:s>
         </annotation>
         <expression localId="22" locator="28:3-29:46" xsi:type="Or">
            <operand localId="19" locator="28:3-28:46" name="Bleeding-Specific Numerator" libraryName="THA_TKA_Common" xsi:type="ExpressionRef"/>
            <operand localId="21" locator="29:8-29:46" name="VTE-Specific Numerator" libraryName="THA_TKA_Common" xsi:type="ExpressionRef"/>
         </expression>
      </def>
      <def localId="25" locator="31:1-32:51" name="SDE Ethnicity" context="Patient" accessLevel="Public">
         <annotation xsi:type="a:Annotation">
            <a:s r="25">
               <a:s>define &quot;SDE Ethnicity&quot;:
  </a:s>
               <a:s r="24">
                  <a:s>[&quot;Patient Characteristic Ethnicity&quot;: </a:s>
                  <a:s>
                     <a:s>&quot;Ethnicity&quot;</a:s>
                  </a:s>
                  <a:s>]</a:s>
               </a:s>
            </a:s>
         </annotation>
         <expression localId="24" locator="32:3-32:51" xmlns:ns1="urn:healthit-gov:qdm:v5_6" dataType="ns1:PatientCharacteristicEthnicity" codeProperty="code" codeComparator="in" xsi:type="Retrieve">
            <codes locator="32:40-32:50" name="Ethnicity" xsi:type="ValueSetRef"/>
         </expression>
      </def>
      <def localId="27" locator="34:1-35:43" name="SDE Payer" context="Patient" accessLevel="Public">
         <annotation xsi:type="a:Annotation">
            <a:s r="27">
               <a:s>define &quot;SDE Payer&quot;:
  </a:s>
               <a:s r="26">
                  <a:s>[&quot;Patient Characteristic Payer&quot;: </a:s>
                  <a:s>
                     <a:s>&quot;Payer&quot;</a:s>
                  </a:s>
                  <a:s>]</a:s>
               </a:s>
            </a:s>
         </annotation>
         <expression localId="26" locator="35:3-35:43" xmlns:ns2="urn:healthit-gov:qdm:v5_6" dataType="ns2:PatientCharacteristicPayer" codeProperty="code" codeComparator="in" xsi:type="Retrieve">
            <codes locator="35:36-35:42" name="Payer" xsi:type="ValueSetRef"/>
         </expression>
      </def>
      <def localId="29" locator="37:1-38:41" name="SDE Race" context="Patient" accessLevel="Public">
         <annotation xsi:type="a:Annotation">
            <a:s r="29">
               <a:s>define &quot;SDE Race&quot;:
  </a:s>
               <a:s r="28">
                  <a:s>[&quot;Patient Characteristic Race&quot;: </a:s>
                  <a:s>
                     <a:s>&quot;Race&quot;</a:s>
                  </a:s>
                  <a:s>]</a:s>
               </a:s>
            </a:s>
         </annotation>
         <expression localId="28" locator="38:3-38:41" xmlns:ns3="urn:healthit-gov:qdm:v5_6" dataType="ns3:PatientCharacteristicRace" codeProperty="code" codeComparator="in" xsi:type="Retrieve">
            <codes locator="38:35-38:40" name="Race" xsi:type="ValueSetRef"/>
         </expression>
      </def>
      <def localId="31" locator="40:1-41:58" name="SDE Sex" context="Patient" accessLevel="Public">
         <annotation xsi:type="a:Annotation">
            <a:s r="31">
               <a:s>define &quot;SDE Sex&quot;:
  </a:s>
               <a:s r="30">
                  <a:s>[&quot;Patient Characteristic Sex&quot;: </a:s>
                  <a:s>
                     <a:s>&quot;ONC Administrative Sex&quot;</a:s>
                  </a:s>
                  <a:s>]</a:s>
               </a:s>
            </a:s>
         </annotation>
         <expression localId="30" locator="41:3-41:58" xmlns:ns4="urn:healthit-gov:qdm:v5_6" dataType="ns4:PatientCharacteristicSex" codeProperty="code" codeComparator="in" xsi:type="Retrieve">
            <codes locator="41:34-41:57" name="ONC Administrative Sex" xsi:type="ValueSetRef"/>
         </expression>
      </def>
      <def localId="33" locator="43:1-44:5" name="VTE Weight" context="Patient" accessLevel="Public">
         <annotation xsi:type="a:Annotation">
            <a:s r="33">
               <a:s r="32">define &quot;VTE Weight&quot;:
  2.7</a:s>
            </a:s>
         </annotation>
         <expression localId="32" locator="44:3-44:5" valueType="t:Decimal" value="2.7" xsi:type="Literal"/>
      </def>
      <def localId="45" locator="66:1-68:10" name="ToScore" context="Patient" accessLevel="Public" xsi:type="FunctionDef">
         <annotation xsi:type="a:Annotation">
            <a:s r="45">
               <a:s>/*This function is used to convert the boolean-valued determination of an event to a score.*/define function &quot;ToScore&quot;(Value </a:s>
               <a:s r="40">
                  <a:s>Boolean</a:s>
               </a:s>
               <a:s> ):
  </a:s>
               <a:s r="44">
                  <a:s r="44">
                     <a:s>if </a:s>
                     <a:s r="41">
                        <a:s>Value</a:s>
                     </a:s>
                     <a:s r="42"> then 1 
    else 0</a:s>
                  </a:s>
               </a:s>
            </a:s>
         </annotation>
         <expression localId="44" locator="67:3-68:10" xsi:type="If">
            <condition localId="41" locator="67:6-67:10" name="Value" xsi:type="OperandRef"/>
            <then localId="42" locator="67:17" valueType="t:Integer" value="1" xsi:type="Literal"/>
            <else localId="43" locator="68:10" valueType="t:Integer" value="0" xsi:type="Literal"/>
         </expression>
         <operand name="Value">
            <operandTypeSpecifier localId="40" locator="66:33-66:39" name="t:Boolean" xsi:type="NamedTypeSpecifier"/>
         </operand>
      </def>
      <def localId="59" locator="46:1-53:3" name="Measure Denominator Score" context="Patient" accessLevel="Public" xsi:type="FunctionDef">
         <annotation xsi:type="a:Annotation">
            <a:s r="59">
               <a:s>define function &quot;Measure Denominator Score&quot;():
  </a:s>
               <a:s r="58">
                  <a:s r="58">
                     <a:s r="48">
                        <a:s>( </a:s>
                        <a:s r="48">
                           <a:s r="46">
                              <a:s>ToScore(</a:s>
                              <a:s r="39">
                                 <a:s r="35">
                                    <a:s r="34">
                                       <a:s>THA_TKA_Common</a:s>
                                    </a:s>
                                    <a:s>.</a:s>
                                    <a:s r="35">
                                       <a:s>&quot;Denominator&quot;</a:s>
                                    </a:s>
                                 </a:s>
                                 <a:s>
        and </a:s>
                                 <a:s r="38">
                                    <a:s>not </a:s>
                                    <a:s r="37">
                                       <a:s r="36">
                                          <a:s>THA_TKA_Common</a:s>
                                       </a:s>
                                       <a:s>.</a:s>
                                       <a:s r="37">
                                          <a:s>&quot;VTE-Specific Denominator Exclusions&quot;</a:s>
                                       </a:s>
                                    </a:s>
                                 </a:s>
                              </a:s>
                              <a:s>
    )</a:s>
                           </a:s>
                           <a:s>* </a:s>
                           <a:s r="47">
                              <a:s>&quot;VTE Weight&quot;</a:s>
                           </a:s>
                        </a:s>
                        <a:s>
  )</a:s>
                     </a:s>
                     <a:s> + </a:s>
                     <a:s r="57">
                        <a:s>( </a:s>
                        <a:s r="57">
                           <a:s r="55">
                              <a:s>ToScore(</a:s>
                              <a:s r="54">
                                 <a:s r="50">
                                    <a:s r="49">
                                       <a:s>THA_TKA_Common</a:s>
                                    </a:s>
                                    <a:s>.</a:s>
                                    <a:s r="50">
                                       <a:s>&quot;Denominator&quot;</a:s>
                                    </a:s>
                                 </a:s>
                                 <a:s>
        and </a:s>
                                 <a:s r="53">
                                    <a:s>not </a:s>
                                    <a:s r="52">
                                       <a:s r="51">
                                          <a:s>THA_TKA_Common</a:s>
                                       </a:s>
                                       <a:s>.</a:s>
                                       <a:s r="52">
                                          <a:s>&quot;Bleeding-Specific Denominator Exclusions&quot;</a:s>
                                       </a:s>
                                    </a:s>
                                 </a:s>
                              </a:s>
                              <a:s>
    )</a:s>
                           </a:s>
                           <a:s>* </a:s>
                           <a:s r="56">
                              <a:s>&quot;Bleeding Weight&quot;</a:s>
                           </a:s>
                        </a:s>
                        <a:s>
  )</a:s>
                     </a:s>
                  </a:s>
               </a:s>
            </a:s>
         </annotation>
         <expression localId="58" locator="47:3-53:3" xsi:type="Add">
            <operand localId="48" locator="47:3-50:3" xsi:type="Multiply">
               <operand xsi:type="ToDecimal">
                  <operand localId="46" locator="47:5-49:5" name="ToScore" xsi:type="FunctionRef">
                     <operand localId="39" locator="47:13-48:68" xsi:type="And">
                        <operand localId="35" locator="47:13-47:40" name="Denominator" libraryName="THA_TKA_Common" xsi:type="ExpressionRef"/>
                        <operand localId="38" locator="48:13-48:68" xsi:type="Not">
                           <operand localId="37" locator="48:17-48:68" name="VTE-Specific Denominator Exclusions" libraryName="THA_TKA_Common" xsi:type="ExpressionRef"/>
                        </operand>
                     </operand>
                  </operand>
               </operand>
               <operand localId="47" locator="49:8-49:19" name="VTE Weight" xsi:type="ExpressionRef"/>
            </operand>
            <operand xsi:type="ToDecimal">
               <operand localId="57" locator="50:7-53:3" xsi:type="Multiply">
                  <operand localId="55" locator="50:9-52:5" name="ToScore" xsi:type="FunctionRef">
                     <operand localId="54" locator="50:17-51:73" xsi:type="And">
                        <operand localId="50" locator="50:17-50:44" name="Denominator" libraryName="THA_TKA_Common" xsi:type="ExpressionRef"/>
                        <operand localId="53" locator="51:13-51:73" xsi:type="Not">
                           <operand localId="52" locator="51:17-51:73" name="Bleeding-Specific Denominator Exclusions" libraryName="THA_TKA_Common" xsi:type="ExpressionRef"/>
                        </operand>
                     </operand>
                  </operand>
                  <operand localId="56" locator="52:8-52:24" name="Bleeding Weight" xsi:type="ExpressionRef"/>
               </operand>
            </operand>
         </expression>
      </def>
      <def localId="79" locator="56:1-63:3" name="Measure Numerator Score" context="Patient" accessLevel="Public" xsi:type="FunctionDef">
         <annotation xsi:type="a:Annotation">
            <a:s r="79">
               <a:s>/*So this is a patient-based linear combination, which we can then weight by introducing the weighting factor as a component of the measure observation calculation*/define function &quot;Measure Numerator Score&quot;():
  </a:s>
               <a:s r="78">
                  <a:s r="78">
                     <a:s r="68">
                        <a:s>( </a:s>
                        <a:s r="68">
                           <a:s r="66">
                              <a:s>ToScore(</a:s>
                              <a:s r="65">
                                 <a:s r="61">
                                    <a:s r="60">
                                       <a:s>THA_TKA_Common</a:s>
                                    </a:s>
                                    <a:s>.</a:s>
                                    <a:s r="61">
                                       <a:s>&quot;VTE-Specific Numerator&quot;</a:s>
                                    </a:s>
                                 </a:s>
                                 <a:s>
        and </a:s>
                                 <a:s r="64">
                                    <a:s>not </a:s>
                                    <a:s r="63">
                                       <a:s r="62">
                                          <a:s>THA_TKA_Common</a:s>
                                       </a:s>
                                       <a:s>.</a:s>
                                       <a:s r="63">
                                          <a:s>&quot;VTE-Specific Denominator Exclusions&quot;</a:s>
                                       </a:s>
                                    </a:s>
                                 </a:s>
                              </a:s>
                              <a:s>
    )</a:s>
                           </a:s>
                           <a:s>* </a:s>
                           <a:s r="67">
                              <a:s>&quot;VTE Weight&quot;</a:s>
                           </a:s>
                        </a:s>
                        <a:s>
  )</a:s>
                     </a:s>
                     <a:s> + </a:s>
                     <a:s r="77">
                        <a:s>( </a:s>
                        <a:s r="77">
                           <a:s r="75">
                              <a:s>ToScore(</a:s>
                              <a:s r="74">
                                 <a:s r="70">
                                    <a:s r="69">
                                       <a:s>THA_TKA_Common</a:s>
                                    </a:s>
                                    <a:s>.</a:s>
                                    <a:s r="70">
                                       <a:s>&quot;Bleeding-Specific Numerator&quot;</a:s>
                                    </a:s>
                                 </a:s>
                                 <a:s>
        and </a:s>
                                 <a:s r="73">
                                    <a:s>not </a:s>
                                    <a:s r="72">
                                       <a:s r="71">
                                          <a:s>THA_TKA_Common</a:s>
                                       </a:s>
                                       <a:s>.</a:s>
                                       <a:s r="72">
                                          <a:s>&quot;Bleeding-Specific Denominator Exclusions&quot;</a:s>
                                       </a:s>
                                    </a:s>
                                 </a:s>
                              </a:s>
                              <a:s>
    )</a:s>
                           </a:s>
                           <a:s>* </a:s>
                           <a:s r="76">
                              <a:s>&quot;Bleeding Weight&quot;</a:s>
                           </a:s>
                        </a:s>
                        <a:s>
  )</a:s>
                     </a:s>
                  </a:s>
               </a:s>
            </a:s>
         </annotation>
         <expression localId="78" locator="57:3-63:3" xsi:type="Add">
            <operand localId="68" locator="57:3-60:3" xsi:type="Multiply">
               <operand xsi:type="ToDecimal">
                  <operand localId="66" locator="57:5-59:5" name="ToScore" xsi:type="FunctionRef">
                     <operand localId="65" locator="57:13-58:68" xsi:type="And">
                        <operand localId="61" locator="57:13-57:51" name="VTE-Specific Numerator" libraryName="THA_TKA_Common" xsi:type="ExpressionRef"/>
                        <operand localId="64" locator="58:13-58:68" xsi:type="Not">
                           <operand localId="63" locator="58:17-58:68" name="VTE-Specific Denominator Exclusions" libraryName="THA_TKA_Common" xsi:type="ExpressionRef"/>
                        </operand>
                     </operand>
                  </operand>
               </operand>
               <operand localId="67" locator="59:8-59:19" name="VTE Weight" xsi:type="ExpressionRef"/>
            </operand>
            <operand xsi:type="ToDecimal">
               <operand localId="77" locator="60:7-63:3" xsi:type="Multiply">
                  <operand localId="75" locator="60:9-62:5" name="ToScore" xsi:type="FunctionRef">
                     <operand localId="74" locator="60:17-61:73" xsi:type="And">
                        <operand localId="70" locator="60:17-60:60" name="Bleeding-Specific Numerator" libraryName="THA_TKA_Common" xsi:type="ExpressionRef"/>
                        <operand localId="73" locator="61:13-61:73" xsi:type="Not">
                           <operand localId="72" locator="61:17-61:73" name="Bleeding-Specific Denominator Exclusions" libraryName="THA_TKA_Common" xsi:type="ExpressionRef"/>
                        </operand>
                     </operand>
                  </operand>
                  <operand localId="76" locator="62:8-62:24" name="Bleeding Weight" xsi:type="ExpressionRef"/>
               </operand>
            </operand>
         </expression>
      </def>
   </statements>
</library>
