{
   "library" : {
      "annotation" : [ {
         "translatorOptions" : "EnableAnnotations,EnableLocators,DisableListDemotion,DisableListPromotion,DisableMethodInvocation",
         "type" : "CqlToElmInfo"
      }, {
         "type" : "Annotation",
         "s" : {
            "r" : "60",
            "s" : [ {
               "value" : [ "","library AnticoagulationTherapyforAtrialFibrillationFlutter version '11.4.004'" ]
            } ]
         }
      } ],
      "identifier" : {
         "id" : "AnticoagulationTherapyforAtrialFibrillationFlutter",
         "version" : "11.4.004"
      },
      "schemaIdentifier" : {
         "id" : "urn:hl7-org:elm",
         "version" : "r1"
      },
      "usings" : {
         "def" : [ {
            "localIdentifier" : "System",
            "uri" : "urn:hl7-org:elm-types:r1"
         }, {
            "localId" : "1",
            "locator" : "3:1-3:23",
            "localIdentifier" : "QDM",
            "uri" : "urn:healthit-gov:qdm:v5_6",
            "version" : "5.6",
            "annotation" : [ {
               "type" : "Annotation",
               "s" : {
                  "r" : "1",
                  "s" : [ {
                     "value" : [ "","using " ]
                  }, {
                     "s" : [ {
                        "value" : [ "QDM" ]
                     } ]
                  }, {
                     "value" : [ " version ","'5.6'" ]
                  } ]
               }
            } ]
         } ]
      },
      "includes" : {
         "def" : [ {
            "localId" : "2",
            "locator" : "5:1-5:64",
            "localIdentifier" : "Global",
            "path" : "MATGlobalCommonFunctions",
            "version" : "7.0.000",
            "annotation" : [ {
               "type" : "Annotation",
               "s" : {
                  "r" : "2",
                  "s" : [ {
                     "value" : [ "","include " ]
                  }, {
                     "s" : [ {
                        "value" : [ "MATGlobalCommonFunctions" ]
                     } ]
                  }, {
                     "value" : [ " version ","'7.0.000'"," called ","Global" ]
                  } ]
               }
            } ]
         }, {
            "localId" : "3",
            "locator" : "6:1-6:47",
            "localIdentifier" : "TJC",
            "path" : "TJCOverall",
            "version" : "5.8.000",
            "annotation" : [ {
               "type" : "Annotation",
               "s" : {
                  "r" : "3",
                  "s" : [ {
                     "value" : [ "","include " ]
                  }, {
                     "s" : [ {
                        "value" : [ "TJCOverall" ]
                     } ]
                  }, {
                     "value" : [ " version ","'5.8.000'"," called ","TJC" ]
                  } ]
               }
            } ]
         } ]
      },
      "valueSets" : {
         "def" : [ {
            "localId" : "4",
            "locator" : "8:1-8:77",
            "name" : "Anticoagulant Therapy",
            "id" : "urn:oid:2.16.840.1.113883.3.117.1.7.1.200",
            "accessLevel" : "Public",
            "annotation" : [ {
               "type" : "Annotation",
               "s" : {
                  "r" : "4",
                  "s" : [ {
                     "value" : [ "","valueset ","\"Anticoagulant Therapy\"",": ","'urn:oid:2.16.840.1.113883.3.117.1.7.1.200'" ]
                  } ]
               }
            } ]
         }, {
            "localId" : "5",
            "locator" : "9:1-9:71",
            "name" : "Atrial Ablation",
            "id" : "urn:oid:2.16.840.1.113883.3.117.1.7.1.203",
            "accessLevel" : "Public",
            "annotation" : [ {
               "type" : "Annotation",
               "s" : {
                  "r" : "5",
                  "s" : [ {
                     "value" : [ "","valueset ","\"Atrial Ablation\"",": ","'urn:oid:2.16.840.1.113883.3.117.1.7.1.203'" ]
                  } ]
               }
            } ]
         }, {
            "localId" : "6",
            "locator" : "10:1-10:83",
            "name" : "Atrial Fibrillation/Flutter",
            "id" : "urn:oid:2.16.840.1.113883.3.117.1.7.1.202",
            "accessLevel" : "Public",
            "annotation" : [ {
               "type" : "Annotation",
               "s" : {
                  "r" : "6",
                  "s" : [ {
                     "value" : [ "","valueset ","\"Atrial Fibrillation/Flutter\"",": ","'urn:oid:2.16.840.1.113883.3.117.1.7.1.202'" ]
                  } ]
               }
            } ]
         }, {
            "localId" : "7",
            "locator" : "11:1-11:87",
            "name" : "Discharge To Acute Care Facility",
            "id" : "urn:oid:2.16.840.1.113883.3.117.1.7.1.87",
            "accessLevel" : "Public",
            "annotation" : [ {
               "type" : "Annotation",
               "s" : {
                  "r" : "7",
                  "s" : [ {
                     "value" : [ "","valueset ","\"Discharge To Acute Care Facility\"",": ","'urn:oid:2.16.840.1.113883.3.117.1.7.1.87'" ]
                  } ]
               }
            } ]
         }, {
            "localId" : "8",
            "locator" : "12:1-12:107",
            "name" : "Discharged to Health Care Facility for Hospice Care",
            "id" : "urn:oid:2.16.840.1.113883.3.117.1.7.1.207",
            "accessLevel" : "Public",
            "annotation" : [ {
               "type" : "Annotation",
               "s" : {
                  "r" : "8",
                  "s" : [ {
                     "value" : [ "","valueset ","\"Discharged to Health Care Facility for Hospice Care\"",": ","'urn:oid:2.16.840.1.113883.3.117.1.7.1.207'" ]
                  } ]
               }
            } ]
         }, {
            "localId" : "9",
            "locator" : "13:1-13:91",
            "name" : "Discharged to Home for Hospice Care",
            "id" : "urn:oid:2.16.840.1.113883.3.117.1.7.1.209",
            "accessLevel" : "Public",
            "annotation" : [ {
               "type" : "Annotation",
               "s" : {
                  "r" : "9",
                  "s" : [ {
                     "value" : [ "","valueset ","\"Discharged to Home for Hospice Care\"",": ","'urn:oid:2.16.840.1.113883.3.117.1.7.1.209'" ]
                  } ]
               }
            } ]
         }, {
            "localId" : "10",
            "locator" : "14:1-14:58",
            "name" : "Ethnicity",
            "id" : "urn:oid:2.16.840.1.114222.4.11.837",
            "accessLevel" : "Public",
            "annotation" : [ {
               "type" : "Annotation",
               "s" : {
                  "r" : "10",
                  "s" : [ {
                     "value" : [ "","valueset ","\"Ethnicity\"",": ","'urn:oid:2.16.840.1.114222.4.11.837'" ]
                  } ]
               }
            } ]
         }, {
            "localId" : "11",
            "locator" : "15:1-15:83",
            "name" : "Left Against Medical Advice",
            "id" : "urn:oid:2.16.840.1.113883.3.117.1.7.1.308",
            "accessLevel" : "Public",
            "annotation" : [ {
               "type" : "Annotation",
               "s" : {
                  "r" : "11",
                  "s" : [ {
                     "value" : [ "","valueset ","\"Left Against Medical Advice\"",": ","'urn:oid:2.16.840.1.113883.3.117.1.7.1.308'" ]
                  } ]
               }
            } ]
         }, {
            "localId" : "12",
            "locator" : "16:1-16:70",
            "name" : "Medical Reason",
            "id" : "urn:oid:2.16.840.1.113883.3.117.1.7.1.473",
            "accessLevel" : "Public",
            "annotation" : [ {
               "type" : "Annotation",
               "s" : {
                  "r" : "12",
                  "s" : [ {
                     "value" : [ "","valueset ","\"Medical Reason\"",": ","'urn:oid:2.16.840.1.113883.3.117.1.7.1.473'" ]
                  } ]
               }
            } ]
         }, {
            "localId" : "13",
            "locator" : "17:1-17:68",
            "name" : "ONC Administrative Sex",
            "id" : "urn:oid:2.16.840.1.113762.1.4.1",
            "accessLevel" : "Public",
            "annotation" : [ {
               "type" : "Annotation",
               "s" : {
                  "r" : "13",
                  "s" : [ {
                     "value" : [ "","valueset ","\"ONC Administrative Sex\"",": ","'urn:oid:2.16.840.1.113762.1.4.1'" ]
                  } ]
               }
            } ]
         }, {
            "localId" : "14",
            "locator" : "18:1-18:71",
            "name" : "Patient Expired",
            "id" : "urn:oid:2.16.840.1.113883.3.117.1.7.1.309",
            "accessLevel" : "Public",
            "annotation" : [ {
               "type" : "Annotation",
               "s" : {
                  "r" : "14",
                  "s" : [ {
                     "value" : [ "","valueset ","\"Patient Expired\"",": ","'urn:oid:2.16.840.1.113883.3.117.1.7.1.309'" ]
                  } ]
               }
            } ]
         }, {
            "localId" : "15",
            "locator" : "19:1-19:70",
            "name" : "Patient Refusal",
            "id" : "urn:oid:2.16.840.1.113883.3.117.1.7.1.93",
            "accessLevel" : "Public",
            "annotation" : [ {
               "type" : "Annotation",
               "s" : {
                  "r" : "15",
                  "s" : [ {
                     "value" : [ "","valueset ","\"Patient Refusal\"",": ","'urn:oid:2.16.840.1.113883.3.117.1.7.1.93'" ]
                  } ]
               }
            } ]
         }, {
            "localId" : "16",
            "locator" : "20:1-20:55",
            "name" : "Payer",
            "id" : "urn:oid:2.16.840.1.114222.4.11.3591",
            "accessLevel" : "Public",
            "annotation" : [ {
               "type" : "Annotation",
               "s" : {
                  "r" : "16",
                  "s" : [ {
                     "value" : [ "","valueset ","\"Payer\"",": ","'urn:oid:2.16.840.1.114222.4.11.3591'" ]
                  } ]
               }
            } ]
         }, {
            "localId" : "17",
            "locator" : "21:1-21:53",
            "name" : "Race",
            "id" : "urn:oid:2.16.840.1.114222.4.11.836",
            "accessLevel" : "Public",
            "annotation" : [ {
               "type" : "Annotation",
               "s" : {
                  "r" : "17",
                  "s" : [ {
                     "value" : [ "","valueset ","\"Race\"",": ","'urn:oid:2.16.840.1.114222.4.11.836'" ]
                  } ]
               }
            } ]
         } ]
      },
      "contexts" : {
         "def" : [ {
            "locator" : "23:1-23:15",
            "name" : "Patient"
         } ]
      },
      "statements" : {
         "def" : [ {
            "locator" : "23:1-23:15",
            "name" : "Patient",
            "context" : "Patient",
            "expression" : {
               "type" : "SingletonFrom",
               "operand" : {
                  "locator" : "23:1-23:15",
                  "dataType" : "{urn:healthit-gov:qdm:v5_6}Patient",
                  "templateId" : "Patient",
                  "type" : "Retrieve"
               }
            }
         }, {
            "localId" : "19",
            "locator" : "25:1-26:51",
            "name" : "SDE Ethnicity",
            "context" : "Patient",
            "accessLevel" : "Public",
            "annotation" : [ {
               "type" : "Annotation",
               "s" : {
                  "r" : "19",
                  "s" : [ {
                     "value" : [ "","define ","\"SDE Ethnicity\"",":\n  " ]
                  }, {
                     "r" : "18",
                     "s" : [ {
                        "value" : [ "[","\"Patient Characteristic Ethnicity\"",": " ]
                     }, {
                        "s" : [ {
                           "value" : [ "\"Ethnicity\"" ]
                        } ]
                     }, {
                        "value" : [ "]" ]
                     } ]
                  } ]
               }
            } ],
            "expression" : {
               "localId" : "18",
               "locator" : "26:3-26:51",
               "dataType" : "{urn:healthit-gov:qdm:v5_6}PatientCharacteristicEthnicity",
               "codeProperty" : "code",
               "codeComparator" : "in",
               "type" : "Retrieve",
               "codes" : {
                  "locator" : "26:40-26:50",
                  "name" : "Ethnicity",
                  "type" : "ValueSetRef"
               }
            }
         }, {
            "localId" : "21",
            "locator" : "28:1-29:43",
            "name" : "SDE Payer",
            "context" : "Patient",
            "accessLevel" : "Public",
            "annotation" : [ {
               "type" : "Annotation",
               "s" : {
                  "r" : "21",
                  "s" : [ {
                     "value" : [ "","define ","\"SDE Payer\"",":\n  " ]
                  }, {
                     "r" : "20",
                     "s" : [ {
                        "value" : [ "[","\"Patient Characteristic Payer\"",": " ]
                     }, {
                        "s" : [ {
                           "value" : [ "\"Payer\"" ]
                        } ]
                     }, {
                        "value" : [ "]" ]
                     } ]
                  } ]
               }
            } ],
            "expression" : {
               "localId" : "20",
               "locator" : "29:3-29:43",
               "dataType" : "{urn:healthit-gov:qdm:v5_6}PatientCharacteristicPayer",
               "codeProperty" : "code",
               "codeComparator" : "in",
               "type" : "Retrieve",
               "codes" : {
                  "locator" : "29:36-29:42",
                  "name" : "Payer",
                  "type" : "ValueSetRef"
               }
            }
         }, {
            "localId" : "23",
            "locator" : "31:1-32:41",
            "name" : "SDE Race",
            "context" : "Patient",
            "accessLevel" : "Public",
            "annotation" : [ {
               "type" : "Annotation",
               "s" : {
                  "r" : "23",
                  "s" : [ {
                     "value" : [ "","define ","\"SDE Race\"",":\n  " ]
                  }, {
                     "r" : "22",
                     "s" : [ {
                        "value" : [ "[","\"Patient Characteristic Race\"",": " ]
                     }, {
                        "s" : [ {
                           "value" : [ "\"Race\"" ]
                        } ]
                     }, {
                        "value" : [ "]" ]
                     } ]
                  } ]
               }
            } ],
            "expression" : {
               "localId" : "22",
               "locator" : "32:3-32:41",
               "dataType" : "{urn:healthit-gov:qdm:v5_6}PatientCharacteristicRace",
               "codeProperty" : "code",
               "codeComparator" : "in",
               "type" : "Retrieve",
               "codes" : {
                  "locator" : "32:35-32:40",
                  "name" : "Race",
                  "type" : "ValueSetRef"
               }
            }
         }, {
            "localId" : "25",
            "locator" : "34:1-35:58",
            "name" : "SDE Sex",
            "context" : "Patient",
            "accessLevel" : "Public",
            "annotation" : [ {
               "type" : "Annotation",
               "s" : {
                  "r" : "25",
                  "s" : [ {
                     "value" : [ "","define ","\"SDE Sex\"",":\n  " ]
                  }, {
                     "r" : "24",
                     "s" : [ {
                        "value" : [ "[","\"Patient Characteristic Sex\"",": " ]
                     }, {
                        "s" : [ {
                           "value" : [ "\"ONC Administrative Sex\"" ]
                        } ]
                     }, {
                        "value" : [ "]" ]
                     } ]
                  } ]
               }
            } ],
            "expression" : {
               "localId" : "24",
               "locator" : "35:3-35:58",
               "dataType" : "{urn:healthit-gov:qdm:v5_6}PatientCharacteristicSex",
               "codeProperty" : "code",
               "codeComparator" : "in",
               "type" : "Retrieve",
               "codes" : {
                  "locator" : "35:34-35:57",
                  "name" : "ONC Administrative Sex",
                  "type" : "ValueSetRef"
               }
            }
         }, {
            "localId" : "38",
            "locator" : "37:1-40:63",
            "name" : "Reason for Not Giving Anticoagulant at Discharge",
            "context" : "Patient",
            "accessLevel" : "Public",
            "annotation" : [ {
               "type" : "Annotation",
               "s" : {
                  "r" : "38",
                  "s" : [ {
                     "value" : [ "","define ","\"Reason for Not Giving Anticoagulant at Discharge\"",":\n  " ]
                  }, {
                     "r" : "37",
                     "s" : [ {
                        "s" : [ {
                           "r" : "27",
                           "s" : [ {
                              "r" : "26",
                              "s" : [ {
                                 "r" : "26",
                                 "s" : [ {
                                    "value" : [ "[","\"Medication, Not Discharged\"",": " ]
                                 }, {
                                    "s" : [ {
                                       "value" : [ "\"Anticoagulant Therapy\"" ]
                                    } ]
                                 }, {
                                    "value" : [ "]" ]
                                 } ]
                              } ]
                           }, {
                              "value" : [ " ","NoAnticoagulant" ]
                           } ]
                        } ]
                     }, {
                        "value" : [ "\n    " ]
                     }, {
                        "r" : "36",
                        "s" : [ {
                           "value" : [ "where " ]
                        }, {
                           "r" : "36",
                           "s" : [ {
                              "r" : "31",
                              "s" : [ {
                                 "r" : "29",
                                 "s" : [ {
                                    "r" : "28",
                                    "s" : [ {
                                       "value" : [ "NoAnticoagulant" ]
                                    } ]
                                 }, {
                                    "value" : [ "." ]
                                 }, {
                                    "r" : "29",
                                    "s" : [ {
                                       "value" : [ "negationRationale" ]
                                    } ]
                                 } ]
                              }, {
                                 "value" : [ " in " ]
                              }, {
                                 "r" : "30",
                                 "s" : [ {
                                    "value" : [ "\"Medical Reason\"" ]
                                 } ]
                              } ]
                           }, {
                              "value" : [ "\n      or " ]
                           }, {
                              "r" : "35",
                              "s" : [ {
                                 "r" : "33",
                                 "s" : [ {
                                    "r" : "32",
                                    "s" : [ {
                                       "value" : [ "NoAnticoagulant" ]
                                    } ]
                                 }, {
                                    "value" : [ "." ]
                                 }, {
                                    "r" : "33",
                                    "s" : [ {
                                       "value" : [ "negationRationale" ]
                                    } ]
                                 } ]
                              }, {
                                 "value" : [ " in " ]
                              }, {
                                 "r" : "34",
                                 "s" : [ {
                                    "value" : [ "\"Patient Refusal\"" ]
                                 } ]
                              } ]
                           } ]
                        } ]
                     } ]
                  } ]
               }
            } ],
            "expression" : {
               "localId" : "37",
               "locator" : "38:3-40:63",
               "type" : "Query",
               "source" : [ {
                  "localId" : "27",
                  "locator" : "38:3-38:73",
                  "alias" : "NoAnticoagulant",
                  "expression" : {
                     "localId" : "26",
                     "locator" : "38:3-38:57",
                     "dataType" : "{urn:healthit-gov:qdm:v5_6}NegativeMedicationDischarge",
                     "templateId" : "NegativeMedicationDischarge",
                     "codeProperty" : "code",
                     "codeComparator" : "in",
                     "type" : "Retrieve",
                     "codes" : {
                        "locator" : "38:34-38:56",
                        "name" : "Anticoagulant Therapy",
                        "type" : "ValueSetRef"
                     }
                  }
               } ],
               "relationship" : [ ],
               "where" : {
                  "localId" : "36",
                  "locator" : "39:5-40:63",
                  "type" : "Or",
                  "operand" : [ {
                     "localId" : "31",
                     "locator" : "39:11-39:63",
                     "type" : "InValueSet",
                     "code" : {
                        "localId" : "29",
                        "locator" : "39:11-39:43",
                        "path" : "negationRationale",
                        "scope" : "NoAnticoagulant",
                        "type" : "Property"
                     },
                     "valueset" : {
                        "localId" : "30",
                        "locator" : "39:48-39:63",
                        "name" : "Medical Reason",
                        "type" : "ValueSetRef"
                     }
                  }, {
                     "localId" : "35",
                     "locator" : "40:10-40:63",
                     "type" : "InValueSet",
                     "code" : {
                        "localId" : "33",
                        "locator" : "40:10-40:42",
                        "path" : "negationRationale",
                        "scope" : "NoAnticoagulant",
                        "type" : "Property"
                     },
                     "valueset" : {
                        "localId" : "34",
                        "locator" : "40:47-40:63",
                        "name" : "Patient Refusal",
                        "type" : "ValueSetRef"
                     }
                  } ]
               }
            }
         }, {
            "localId" : "40",
            "locator" : "42:1-43:52",
            "name" : "Anticoagulant Therapy at Discharge",
            "context" : "Patient",
            "accessLevel" : "Public",
            "annotation" : [ {
               "type" : "Annotation",
               "s" : {
                  "r" : "40",
                  "s" : [ {
                     "value" : [ "","define ","\"Anticoagulant Therapy at Discharge\"",":\n  " ]
                  }, {
                     "r" : "39",
                     "s" : [ {
                        "value" : [ "[","\"Medication, Discharge\"",": " ]
                     }, {
                        "s" : [ {
                           "value" : [ "\"Anticoagulant Therapy\"" ]
                        } ]
                     }, {
                        "value" : [ "]" ]
                     } ]
                  } ]
               }
            } ],
            "expression" : {
               "localId" : "39",
               "locator" : "43:3-43:52",
               "dataType" : "{urn:healthit-gov:qdm:v5_6}PositiveMedicationDischarge",
               "templateId" : "PositiveMedicationDischarge",
               "codeProperty" : "code",
               "codeComparator" : "in",
               "type" : "Retrieve",
               "codes" : {
                  "locator" : "43:29-43:51",
                  "name" : "Anticoagulant Therapy",
                  "type" : "ValueSetRef"
               }
            }
         }, {
            "localId" : "43",
            "locator" : "45:1-46:50",
            "name" : "Initial Population",
            "context" : "Patient",
            "accessLevel" : "Public",
            "annotation" : [ {
               "type" : "Annotation",
               "s" : {
                  "r" : "43",
                  "s" : [ {
                     "value" : [ "","define ","\"Initial Population\"",":\n  " ]
                  }, {
                     "r" : "42",
                     "s" : [ {
                        "r" : "41",
                        "s" : [ {
                           "value" : [ "TJC" ]
                        } ]
                     }, {
                        "value" : [ "." ]
                     }, {
                        "r" : "42",
                        "s" : [ {
                           "value" : [ "\"Encounter with Principal Diagnosis and Age\"" ]
                        } ]
                     } ]
                  } ]
               }
            } ],
            "expression" : {
               "localId" : "42",
               "locator" : "46:3-46:50",
               "name" : "Encounter with Principal Diagnosis and Age",
               "libraryName" : "TJC",
               "type" : "ExpressionRef"
            }
         }, {
            "localId" : "60",
            "locator" : "90:1-93:171",
            "name" : "Encounter with Atrial Ablation Procedure",
            "context" : "Patient",
            "accessLevel" : "Public",
            "annotation" : [ {
               "type" : "Annotation",
               "s" : {
                  "r" : "60",
                  "s" : [ {
                     "value" : [ "","define ","\"Encounter with Atrial Ablation Procedure\"",":\n  " ]
                  }, {
                     "r" : "59",
                     "s" : [ {
                        "s" : [ {
                           "r" : "45",
                           "s" : [ {
                              "r" : "44",
                              "s" : [ {
                                 "s" : [ {
                                    "value" : [ "TJC",".","\"Ischemic Stroke Encounter\"" ]
                                 } ]
                              } ]
                           }, {
                              "value" : [ " ","IschemicStrokeEncounter" ]
                           } ]
                        } ]
                     }, {
                        "value" : [ "\n    " ]
                     }, {
                        "r" : "58",
                        "s" : [ {
                           "value" : [ "with " ]
                        }, {
                           "r" : "47",
                           "s" : [ {
                              "r" : "46",
                              "s" : [ {
                                 "r" : "46",
                                 "s" : [ {
                                    "value" : [ "[","\"Procedure, Performed\"",": " ]
                                 }, {
                                    "s" : [ {
                                       "value" : [ "\"Atrial Ablation\"" ]
                                    } ]
                                 }, {
                                    "value" : [ "]" ]
                                 } ]
                              } ]
                           }, {
                              "value" : [ " ","AtrialAblation" ]
                           } ]
                        }, {
                           "value" : [ "\n      such that " ]
                        }, {
                           "r" : "57",
                           "s" : [ {
                              "r" : "53",
                              "s" : [ {
                                 "r" : "48",
                                 "s" : [ {
                                    "value" : [ "Global" ]
                                 } ]
                              }, {
                                 "value" : [ "." ]
                              }, {
                                 "r" : "53",
                                 "s" : [ {
                                    "value" : [ "\"NormalizeInterval\""," ( " ]
                                 }, {
                                    "r" : "50",
                                    "s" : [ {
                                       "r" : "49",
                                       "s" : [ {
                                          "value" : [ "AtrialAblation" ]
                                       } ]
                                    }, {
                                       "value" : [ "." ]
                                    }, {
                                       "r" : "50",
                                       "s" : [ {
                                          "value" : [ "relevantDatetime" ]
                                       } ]
                                    } ]
                                 }, {
                                    "value" : [ ", " ]
                                 }, {
                                    "r" : "52",
                                    "s" : [ {
                                       "r" : "51",
                                       "s" : [ {
                                          "value" : [ "AtrialAblation" ]
                                       } ]
                                    }, {
                                       "value" : [ "." ]
                                    }, {
                                       "r" : "52",
                                       "s" : [ {
                                          "value" : [ "relevantPeriod" ]
                                       } ]
                                    } ]
                                 }, {
                                    "value" : [ " )" ]
                                 } ]
                              } ]
                           }, {
                              "r" : "57",
                              "value" : [ " ","starts before"," " ]
                           }, {
                              "r" : "56",
                              "s" : [ {
                                 "value" : [ "start of " ]
                              }, {
                                 "r" : "55",
                                 "s" : [ {
                                    "r" : "54",
                                    "s" : [ {
                                       "value" : [ "IschemicStrokeEncounter" ]
                                    } ]
                                 }, {
                                    "value" : [ "." ]
                                 }, {
                                    "r" : "55",
                                    "s" : [ {
                                       "value" : [ "relevantPeriod" ]
                                    } ]
                                 } ]
                              } ]
                           } ]
                        } ]
                     } ]
                  } ]
               }
            } ],
            "expression" : {
               "localId" : "59",
               "locator" : "91:3-93:171",
               "type" : "Query",
               "source" : [ {
                  "localId" : "45",
                  "locator" : "91:3-91:57",
                  "alias" : "IschemicStrokeEncounter",
                  "expression" : {
                     "localId" : "44",
                     "locator" : "91:3-91:33",
                     "name" : "Ischemic Stroke Encounter",
                     "libraryName" : "TJC",
                     "type" : "ExpressionRef"
                  }
               } ],
               "relationship" : [ {
                  "localId" : "58",
                  "locator" : "92:5-93:171",
                  "alias" : "AtrialAblation",
                  "type" : "With",
                  "expression" : {
                     "localId" : "46",
                     "locator" : "92:10-92:52",
                     "dataType" : "{urn:healthit-gov:qdm:v5_6}PositiveProcedurePerformed",
                     "templateId" : "PositiveProcedurePerformed",
                     "codeProperty" : "code",
                     "codeComparator" : "in",
                     "type" : "Retrieve",
                     "codes" : {
                        "locator" : "92:35-92:51",
                        "name" : "Atrial Ablation",
                        "type" : "ValueSetRef"
                     }
                  },
                  "suchThat" : {
                     "localId" : "57",
                     "locator" : "93:17-93:171",
                     "type" : "Before",
                     "operand" : [ {
                        "locator" : "93:111-93:116",
                        "type" : "Start",
                        "operand" : {
                           "localId" : "53",
                           "locator" : "93:17-93:109",
                           "name" : "NormalizeInterval",
                           "libraryName" : "Global",
                           "type" : "FunctionRef",
                           "operand" : [ {
                              "localId" : "50",
                              "locator" : "93:46-93:76",
                              "path" : "relevantDatetime",
                              "scope" : "AtrialAblation",
                              "type" : "Property"
                           }, {
                              "localId" : "52",
                              "locator" : "93:79-93:107",
                              "path" : "relevantPeriod",
                              "scope" : "AtrialAblation",
                              "type" : "Property"
                           } ]
                        }
                     }, {
                        "localId" : "56",
                        "locator" : "93:125-93:171",
                        "type" : "Start",
                        "operand" : {
                           "localId" : "55",
                           "locator" : "93:134-93:171",
                           "path" : "relevantPeriod",
                           "scope" : "IschemicStrokeEncounter",
                           "type" : "Property"
                        }
                     } ]
                  }
               } ]
            }
         }, {
            "localId" : "74",
            "locator" : "58:1-62:51",
            "name" : "Encounter with a History of Atrial Fibrillation or Flutter",
            "context" : "Patient",
            "accessLevel" : "Public",
            "annotation" : [ {
               "type" : "Annotation",
               "s" : {
                  "r" : "74",
                  "s" : [ {
                     "value" : [ "","define ","\"Encounter with a History of Atrial Fibrillation or Flutter\"",":\n  " ]
                  }, {
                     "r" : "73",
                     "s" : [ {
                        "s" : [ {
                           "r" : "63",
                           "s" : [ {
                              "r" : "62",
                              "s" : [ {
                                 "s" : [ {
                                    "value" : [ "TJC",".","\"Ischemic Stroke Encounter\"" ]
                                 } ]
                              } ]
                           }, {
                              "value" : [ " ","IschemicStrokeEncounter" ]
                           } ]
                        } ]
                     }, {
                        "value" : [ "\n    " ]
                     }, {
                        "r" : "72",
                        "s" : [ {
                           "value" : [ "with " ]
                        }, {
                           "r" : "65",
                           "s" : [ {
                              "r" : "64",
                              "s" : [ {
                                 "r" : "64",
                                 "s" : [ {
                                    "value" : [ "[","\"Diagnosis\"",": " ]
                                 }, {
                                    "s" : [ {
                                       "value" : [ "\"Atrial Fibrillation/Flutter\"" ]
                                    } ]
                                 }, {
                                    "value" : [ "]" ]
                                 } ]
                              } ]
                           }, {
                              "value" : [ " ","AtrialFibrillationFlutter" ]
                           } ]
                        }, {
                           "value" : [ "\n      such that " ]
                        }, {
                           "r" : "71",
                           "s" : [ {
                              "r" : "67",
                              "s" : [ {
                                 "r" : "66",
                                 "s" : [ {
                                    "value" : [ "AtrialFibrillationFlutter" ]
                                 } ]
                              }, {
                                 "value" : [ "." ]
                              }, {
                                 "r" : "67",
                                 "s" : [ {
                                    "value" : [ "prevalencePeriod" ]
                                 } ]
                              } ]
                           }, {
                              "r" : "71",
                              "value" : [ " ","starts on or before"," \n      " ]
                           }, {
                              "r" : "70",
                              "s" : [ {
                                 "value" : [ "end of " ]
                              }, {
                                 "r" : "69",
                                 "s" : [ {
                                    "r" : "68",
                                    "s" : [ {
                                       "value" : [ "IschemicStrokeEncounter" ]
                                    } ]
                                 }, {
                                    "value" : [ "." ]
                                 }, {
                                    "r" : "69",
                                    "s" : [ {
                                       "value" : [ "relevantPeriod" ]
                                    } ]
                                 } ]
                              } ]
                           } ]
                        } ]
                     } ]
                  } ]
               }
            } ],
            "expression" : {
               "localId" : "73",
               "locator" : "59:3-62:51",
               "type" : "Query",
               "source" : [ {
                  "localId" : "63",
                  "locator" : "59:3-59:57",
                  "alias" : "IschemicStrokeEncounter",
                  "expression" : {
                     "localId" : "62",
                     "locator" : "59:3-59:33",
                     "name" : "Ischemic Stroke Encounter",
                     "libraryName" : "TJC",
                     "type" : "ExpressionRef"
                  }
               } ],
               "relationship" : [ {
                  "localId" : "72",
                  "locator" : "60:5-62:51",
                  "alias" : "AtrialFibrillationFlutter",
                  "type" : "With",
                  "expression" : {
                     "localId" : "64",
                     "locator" : "60:10-60:53",
                     "dataType" : "{urn:healthit-gov:qdm:v5_6}Diagnosis",
                     "codeProperty" : "code",
                     "codeComparator" : "in",
                     "type" : "Retrieve",
                     "codes" : {
                        "locator" : "60:24-60:52",
                        "name" : "Atrial Fibrillation/Flutter",
                        "type" : "ValueSetRef"
                     }
                  },
                  "suchThat" : {
                     "localId" : "71",
                     "locator" : "61:17-62:51",
                     "type" : "SameOrBefore",
                     "operand" : [ {
                        "locator" : "61:60-61:65",
                        "type" : "Start",
                        "operand" : {
                           "localId" : "67",
                           "locator" : "61:17-61:58",
                           "path" : "prevalencePeriod",
                           "scope" : "AtrialFibrillationFlutter",
                           "type" : "Property"
                        }
                     }, {
                        "localId" : "70",
                        "locator" : "62:7-62:51",
                        "type" : "End",
                        "operand" : {
                           "localId" : "69",
                           "locator" : "62:14-62:51",
                           "path" : "relevantPeriod",
                           "scope" : "IschemicStrokeEncounter",
                           "type" : "Property"
                        }
                     } ]
                  }
               } ]
            }
         }, {
            "localId" : "88",
            "locator" : "64:1-68:5",
            "name" : "Encounter with Current Diagnosis Code of Atrial Fibrillation or Flutter",
            "context" : "Patient",
            "accessLevel" : "Public",
            "annotation" : [ {
               "type" : "Annotation",
               "s" : {
                  "r" : "88",
                  "s" : [ {
                     "value" : [ "","define ","\"Encounter with Current Diagnosis Code of Atrial Fibrillation or Flutter\"",":\n  " ]
                  }, {
                     "r" : "87",
                     "s" : [ {
                        "s" : [ {
                           "r" : "78",
                           "s" : [ {
                              "r" : "77",
                              "s" : [ {
                                 "s" : [ {
                                    "value" : [ "TJC",".","\"Ischemic Stroke Encounter\"" ]
                                 } ]
                              } ]
                           }, {
                              "value" : [ " ","IschemicStrokeEncounter" ]
                           } ]
                        } ]
                     }, {
                        "value" : [ "\n    " ]
                     }, {
                        "r" : "86",
                        "s" : [ {
                           "value" : [ "where " ]
                        }, {
                           "r" : "86",
                           "s" : [ {
                              "value" : [ "exists " ]
                           }, {
                              "r" : "85",
                              "s" : [ {
                                 "value" : [ "( " ]
                              }, {
                                 "r" : "85",
                                 "s" : [ {
                                    "s" : [ {
                                       "r" : "80",
                                       "s" : [ {
                                          "r" : "79",
                                          "s" : [ {
                                             "s" : [ {
                                                "value" : [ "IschemicStrokeEncounter",".","diagnoses" ]
                                             } ]
                                          } ]
                                       }, {
                                          "value" : [ " ","Diagnosis" ]
                                       } ]
                                    } ]
                                 }, {
                                    "value" : [ "\n        " ]
                                 }, {
                                    "r" : "84",
                                    "s" : [ {
                                       "value" : [ "where " ]
                                    }, {
                                       "r" : "84",
                                       "s" : [ {
                                          "value" : [ "( " ]
                                       }, {
                                          "r" : "84",
                                          "s" : [ {
                                             "r" : "82",
                                             "s" : [ {
                                                "r" : "81",
                                                "s" : [ {
                                                   "value" : [ "Diagnosis" ]
                                                } ]
                                             }, {
                                                "value" : [ "." ]
                                             }, {
                                                "r" : "82",
                                                "s" : [ {
                                                   "value" : [ "code" ]
                                                } ]
                                             } ]
                                          }, {
                                             "value" : [ " in " ]
                                          }, {
                                             "r" : "83",
                                             "s" : [ {
                                                "value" : [ "\"Atrial Fibrillation/Flutter\"" ]
                                             } ]
                                          } ]
                                       }, {
                                          "value" : [ " )" ]
                                       } ]
                                    } ]
                                 } ]
                              }, {
                                 "value" : [ "\n    )" ]
                              } ]
                           } ]
                        } ]
                     } ]
                  } ]
               }
            } ],
            "expression" : {
               "localId" : "87",
               "locator" : "65:3-68:5",
               "type" : "Query",
               "source" : [ {
                  "localId" : "78",
                  "locator" : "65:3-65:57",
                  "alias" : "IschemicStrokeEncounter",
                  "expression" : {
                     "localId" : "77",
                     "locator" : "65:3-65:33",
                     "name" : "Ischemic Stroke Encounter",
                     "libraryName" : "TJC",
                     "type" : "ExpressionRef"
                  }
               } ],
               "relationship" : [ ],
               "where" : {
                  "localId" : "86",
                  "locator" : "66:5-68:5",
                  "type" : "Exists",
                  "operand" : {
                     "localId" : "85",
                     "locator" : "66:18-68:5",
                     "type" : "Query",
                     "source" : [ {
                        "localId" : "80",
                        "locator" : "66:20-66:62",
                        "alias" : "Diagnosis",
                        "expression" : {
                           "localId" : "79",
                           "locator" : "66:20-66:52",
                           "path" : "diagnoses",
                           "scope" : "IschemicStrokeEncounter",
                           "type" : "Property"
                        }
                     } ],
                     "relationship" : [ ],
                     "where" : {
                        "localId" : "84",
                        "locator" : "67:9-67:65",
                        "type" : "InValueSet",
                        "code" : {
                           "localId" : "82",
                           "locator" : "67:17-67:30",
                           "path" : "code",
                           "scope" : "Diagnosis",
                           "type" : "Property"
                        },
                        "valueset" : {
                           "localId" : "83",
                           "locator" : "67:35-67:63",
                           "name" : "Atrial Fibrillation/Flutter",
                           "type" : "ValueSetRef"
                        }
                     }
                  }
               }
            }
         }, {
            "localId" : "91",
            "locator" : "70:1-73:83",
            "name" : "Denominator",
            "context" : "Patient",
            "accessLevel" : "Public",
            "annotation" : [ {
               "type" : "Annotation",
               "s" : {
                  "r" : "91",
                  "s" : [ {
                     "value" : [ "","define ","\"Denominator\"",":\n  " ]
                  }, {
                     "r" : "90",
                     "s" : [ {
                        "r" : "76",
                        "s" : [ {
                           "r" : "61",
                           "s" : [ {
                              "value" : [ "\"Encounter with Atrial Ablation Procedure\"" ]
                           } ]
                        }, {
                           "value" : [ "\n    union " ]
                        }, {
                           "r" : "75",
                           "s" : [ {
                              "value" : [ "\"Encounter with a History of Atrial Fibrillation or Flutter\"" ]
                           } ]
                        } ]
                     }, {
                        "value" : [ "\n    union " ]
                     }, {
                        "r" : "89",
                        "s" : [ {
                           "value" : [ "\"Encounter with Current Diagnosis Code of Atrial Fibrillation or Flutter\"" ]
                        } ]
                     } ]
                  } ]
               }
            } ],
            "expression" : {
               "localId" : "90",
               "locator" : "71:3-73:83",
               "type" : "Union",
               "operand" : [ {
                  "localId" : "76",
                  "locator" : "71:3-72:70",
                  "type" : "Union",
                  "operand" : [ {
                     "localId" : "61",
                     "locator" : "71:3-71:44",
                     "name" : "Encounter with Atrial Ablation Procedure",
                     "type" : "ExpressionRef"
                  }, {
                     "localId" : "75",
                     "locator" : "72:11-72:70",
                     "name" : "Encounter with a History of Atrial Fibrillation or Flutter",
                     "type" : "ExpressionRef"
                  } ]
               }, {
                  "localId" : "89",
                  "locator" : "73:11-73:83",
                  "name" : "Encounter with Current Diagnosis Code of Atrial Fibrillation or Flutter",
                  "type" : "ExpressionRef"
               } ]
            }
         }, {
            "localId" : "103",
            "locator" : "48:1-51:85",
            "name" : "Numerator",
            "context" : "Patient",
            "accessLevel" : "Public",
            "annotation" : [ {
               "type" : "Annotation",
               "s" : {
                  "r" : "103",
                  "s" : [ {
                     "value" : [ "","define ","\"Numerator\"",":\n  " ]
                  }, {
                     "r" : "102",
                     "s" : [ {
                        "s" : [ {
                           "r" : "93",
                           "s" : [ {
                              "r" : "92",
                              "s" : [ {
                                 "s" : [ {
                                    "value" : [ "\"Denominator\"" ]
                                 } ]
                              } ]
                           }, {
                              "value" : [ " ","Encounter" ]
                           } ]
                        } ]
                     }, {
                        "value" : [ "\n    " ]
                     }, {
                        "r" : "101",
                        "s" : [ {
                           "value" : [ "with " ]
                        }, {
                           "r" : "95",
                           "s" : [ {
                              "r" : "94",
                              "s" : [ {
                                 "s" : [ {
                                    "value" : [ "\"Anticoagulant Therapy at Discharge\"" ]
                                 } ]
                              } ]
                           }, {
                              "value" : [ " ","DischargeAnticoagulant" ]
                           } ]
                        }, {
                           "value" : [ "\n      such that " ]
                        }, {
                           "r" : "100",
                           "s" : [ {
                              "r" : "97",
                              "s" : [ {
                                 "r" : "96",
                                 "s" : [ {
                                    "value" : [ "DischargeAnticoagulant" ]
                                 } ]
                              }, {
                                 "value" : [ "." ]
                              }, {
                                 "r" : "97",
                                 "s" : [ {
                                    "value" : [ "authorDatetime" ]
                                 } ]
                              } ]
                           }, {
                              "r" : "100",
                              "value" : [ " ","during"," " ]
                           }, {
                              "r" : "99",
                              "s" : [ {
                                 "r" : "98",
                                 "s" : [ {
                                    "value" : [ "Encounter" ]
                                 } ]
                              }, {
                                 "value" : [ "." ]
                              }, {
                                 "r" : "99",
                                 "s" : [ {
                                    "value" : [ "relevantPeriod" ]
                                 } ]
                              } ]
                           } ]
                        } ]
                     } ]
                  } ]
               }
            } ],
            "expression" : {
               "localId" : "102",
               "locator" : "49:3-51:85",
               "type" : "Query",
               "source" : [ {
                  "localId" : "93",
                  "locator" : "49:3-49:25",
                  "alias" : "Encounter",
                  "expression" : {
                     "localId" : "92",
                     "locator" : "49:3-49:15",
                     "name" : "Denominator",
                     "type" : "ExpressionRef"
                  }
               } ],
               "relationship" : [ {
                  "localId" : "101",
                  "locator" : "50:5-51:85",
                  "alias" : "DischargeAnticoagulant",
                  "type" : "With",
                  "expression" : {
                     "localId" : "94",
                     "locator" : "50:10-50:45",
                     "name" : "Anticoagulant Therapy at Discharge",
                     "type" : "ExpressionRef"
                  },
                  "suchThat" : {
                     "localId" : "100",
                     "locator" : "51:17-51:85",
                     "type" : "In",
                     "operand" : [ {
                        "localId" : "97",
                        "locator" : "51:17-51:53",
                        "path" : "authorDatetime",
                        "scope" : "DischargeAnticoagulant",
                        "type" : "Property"
                     }, {
                        "localId" : "99",
                        "locator" : "51:62-51:85",
                        "path" : "relevantPeriod",
                        "scope" : "Encounter",
                        "type" : "Property"
                     } ]
                  }
               } ]
            }
         }, {
            "localId" : "115",
            "locator" : "53:1-56:87",
            "name" : "Denominator Exceptions",
            "context" : "Patient",
            "accessLevel" : "Public",
            "annotation" : [ {
               "type" : "Annotation",
               "s" : {
                  "r" : "115",
                  "s" : [ {
                     "value" : [ "","define ","\"Denominator Exceptions\"",":\n  " ]
                  }, {
                     "r" : "114",
                     "s" : [ {
                        "s" : [ {
                           "r" : "105",
                           "s" : [ {
                              "r" : "104",
                              "s" : [ {
                                 "s" : [ {
                                    "value" : [ "\"Denominator\"" ]
                                 } ]
                              } ]
                           }, {
                              "value" : [ " ","Encounter" ]
                           } ]
                        } ]
                     }, {
                        "value" : [ "\n    " ]
                     }, {
                        "r" : "113",
                        "s" : [ {
                           "value" : [ "with " ]
                        }, {
                           "r" : "107",
                           "s" : [ {
                              "r" : "106",
                              "s" : [ {
                                 "s" : [ {
                                    "value" : [ "\"Reason for Not Giving Anticoagulant at Discharge\"" ]
                                 } ]
                              } ]
                           }, {
                              "value" : [ " ","NoDischargeAnticoagulant" ]
                           } ]
                        }, {
                           "value" : [ "\n      such that " ]
                        }, {
                           "r" : "112",
                           "s" : [ {
                              "r" : "109",
                              "s" : [ {
                                 "r" : "108",
                                 "s" : [ {
                                    "value" : [ "NoDischargeAnticoagulant" ]
                                 } ]
                              }, {
                                 "value" : [ "." ]
                              }, {
                                 "r" : "109",
                                 "s" : [ {
                                    "value" : [ "authorDatetime" ]
                                 } ]
                              } ]
                           }, {
                              "r" : "112",
                              "value" : [ " ","during"," " ]
                           }, {
                              "r" : "111",
                              "s" : [ {
                                 "r" : "110",
                                 "s" : [ {
                                    "value" : [ "Encounter" ]
                                 } ]
                              }, {
                                 "value" : [ "." ]
                              }, {
                                 "r" : "111",
                                 "s" : [ {
                                    "value" : [ "relevantPeriod" ]
                                 } ]
                              } ]
                           } ]
                        } ]
                     } ]
                  } ]
               }
            } ],
            "expression" : {
               "localId" : "114",
               "locator" : "54:3-56:87",
               "type" : "Query",
               "source" : [ {
                  "localId" : "105",
                  "locator" : "54:3-54:25",
                  "alias" : "Encounter",
                  "expression" : {
                     "localId" : "104",
                     "locator" : "54:3-54:15",
                     "name" : "Denominator",
                     "type" : "ExpressionRef"
                  }
               } ],
               "relationship" : [ {
                  "localId" : "113",
                  "locator" : "55:5-56:87",
                  "alias" : "NoDischargeAnticoagulant",
                  "type" : "With",
                  "expression" : {
                     "localId" : "106",
                     "locator" : "55:10-55:59",
                     "name" : "Reason for Not Giving Anticoagulant at Discharge",
                     "type" : "ExpressionRef"
                  },
                  "suchThat" : {
                     "localId" : "112",
                     "locator" : "56:17-56:87",
                     "type" : "In",
                     "operand" : [ {
                        "localId" : "109",
                        "locator" : "56:17-56:55",
                        "path" : "authorDatetime",
                        "scope" : "NoDischargeAnticoagulant",
                        "type" : "Property"
                     }, {
                        "localId" : "111",
                        "locator" : "56:64-56:87",
                        "path" : "relevantPeriod",
                        "scope" : "Encounter",
                        "type" : "Property"
                     } ]
                  }
               } ]
            }
         }, {
            "localId" : "163",
            "locator" : "85:1-88:216",
            "name" : "Encounter with Comfort Measures during Hospitalization",
            "context" : "Patient",
            "accessLevel" : "Public",
            "annotation" : [ {
               "type" : "Annotation",
               "s" : {
                  "r" : "163",
                  "s" : [ {
                     "value" : [ "","define ","\"Encounter with Comfort Measures during Hospitalization\"",":\n  " ]
                  }, {
                     "r" : "162",
                     "s" : [ {
                        "s" : [ {
                           "r" : "144",
                           "s" : [ {
                              "r" : "143",
                              "s" : [ {
                                 "s" : [ {
                                    "value" : [ "\"Denominator\"" ]
                                 } ]
                              } ]
                           }, {
                              "value" : [ " ","Encounter" ]
                           } ]
                        } ]
                     }, {
                        "value" : [ "\n    " ]
                     }, {
                        "r" : "161",
                        "s" : [ {
                           "value" : [ "with " ]
                        }, {
                           "r" : "146",
                           "s" : [ {
                              "r" : "145",
                              "s" : [ {
                                 "s" : [ {
                                    "value" : [ "TJC",".","\"Intervention Comfort Measures\"" ]
                                 } ]
                              } ]
                           }, {
                              "value" : [ " ","ComfortMeasure" ]
                           } ]
                        }, {
                           "value" : [ "\n      such that " ]
                        }, {
                           "r" : "160",
                           "s" : [ {
                              "r" : "156",
                              "s" : [ {
                                 "value" : [ "Coalesce","(" ]
                              }, {
                                 "r" : "153",
                                 "s" : [ {
                                    "value" : [ "start of " ]
                                 }, {
                                    "r" : "152",
                                    "s" : [ {
                                       "r" : "147",
                                       "s" : [ {
                                          "value" : [ "Global" ]
                                       } ]
                                    }, {
                                       "value" : [ "." ]
                                    }, {
                                       "r" : "152",
                                       "s" : [ {
                                          "value" : [ "\"NormalizeInterval\"","(" ]
                                       }, {
                                          "r" : "149",
                                          "s" : [ {
                                             "r" : "148",
                                             "s" : [ {
                                                "value" : [ "ComfortMeasure" ]
                                             } ]
                                          }, {
                                             "value" : [ "." ]
                                          }, {
                                             "r" : "149",
                                             "s" : [ {
                                                "value" : [ "relevantDatetime" ]
                                             } ]
                                          } ]
                                       }, {
                                          "value" : [ ", " ]
                                       }, {
                                          "r" : "151",
                                          "s" : [ {
                                             "r" : "150",
                                             "s" : [ {
                                                "value" : [ "ComfortMeasure" ]
                                             } ]
                                          }, {
                                             "value" : [ "." ]
                                          }, {
                                             "r" : "151",
                                             "s" : [ {
                                                "value" : [ "relevantPeriod" ]
                                             } ]
                                          } ]
                                       }, {
                                          "value" : [ ")" ]
                                       } ]
                                    } ]
                                 } ]
                              }, {
                                 "value" : [ ", " ]
                              }, {
                                 "r" : "155",
                                 "s" : [ {
                                    "r" : "154",
                                    "s" : [ {
                                       "value" : [ "ComfortMeasure" ]
                                    } ]
                                 }, {
                                    "value" : [ "." ]
                                 }, {
                                    "r" : "155",
                                    "s" : [ {
                                       "value" : [ "authorDatetime" ]
                                    } ]
                                 } ]
                              }, {
                                 "value" : [ ")" ]
                              } ]
                           }, {
                              "r" : "160",
                              "value" : [ "during"," " ]
                           }, {
                              "r" : "159",
                              "s" : [ {
                                 "r" : "157",
                                 "s" : [ {
                                    "value" : [ "Global" ]
                                 } ]
                              }, {
                                 "value" : [ "." ]
                              }, {
                                 "r" : "159",
                                 "s" : [ {
                                    "value" : [ "\"HospitalizationWithObservation\""," ( " ]
                                 }, {
                                    "r" : "158",
                                    "s" : [ {
                                       "value" : [ "Encounter" ]
                                    } ]
                                 }, {
                                    "value" : [ " )" ]
                                 } ]
                              } ]
                           } ]
                        } ]
                     } ]
                  } ]
               }
            } ],
            "expression" : {
               "localId" : "162",
               "locator" : "86:3-88:216",
               "type" : "Query",
               "source" : [ {
                  "localId" : "144",
                  "locator" : "86:3-86:25",
                  "alias" : "Encounter",
                  "expression" : {
                     "localId" : "143",
                     "locator" : "86:3-86:15",
                     "name" : "Denominator",
                     "type" : "ExpressionRef"
                  }
               } ],
               "relationship" : [ {
                  "localId" : "161",
                  "locator" : "87:5-88:216",
                  "alias" : "ComfortMeasure",
                  "type" : "With",
                  "expression" : {
                     "localId" : "145",
                     "locator" : "87:10-87:44",
                     "name" : "Intervention Comfort Measures",
                     "libraryName" : "TJC",
                     "type" : "ExpressionRef"
                  },
                  "suchThat" : {
                     "localId" : "160",
                     "locator" : "88:17-88:216",
                     "type" : "In",
                     "operand" : [ {
                        "localId" : "156",
                        "locator" : "88:17-88:156",
                        "type" : "Coalesce",
                        "operand" : [ {
                           "localId" : "153",
                           "locator" : "88:26-88:124",
                           "type" : "Start",
                           "operand" : {
                              "localId" : "152",
                              "locator" : "88:35-88:124",
                              "name" : "NormalizeInterval",
                              "libraryName" : "Global",
                              "type" : "FunctionRef",
                              "operand" : [ {
                                 "localId" : "149",
                                 "locator" : "88:62-88:92",
                                 "path" : "relevantDatetime",
                                 "scope" : "ComfortMeasure",
                                 "type" : "Property"
                              }, {
                                 "localId" : "151",
                                 "locator" : "88:95-88:123",
                                 "path" : "relevantPeriod",
                                 "scope" : "ComfortMeasure",
                                 "type" : "Property"
                              } ]
                           }
                        }, {
                           "localId" : "155",
                           "locator" : "88:127-88:155",
                           "path" : "authorDatetime",
                           "scope" : "ComfortMeasure",
                           "type" : "Property"
                        } ]
                     }, {
                        "localId" : "159",
                        "locator" : "88:164-88:216",
                        "name" : "HospitalizationWithObservation",
                        "libraryName" : "Global",
                        "type" : "FunctionRef",
                        "operand" : [ {
                           "localId" : "158",
                           "locator" : "88:206-88:214",
                           "name" : "Encounter",
                           "type" : "AliasRef"
                        } ]
                     } ]
                  }
               } ]
            }
         }, {
            "localId" : "166",
            "locator" : "75:1-83:66",
            "name" : "Denominator Exclusions",
            "context" : "Patient",
            "accessLevel" : "Public",
            "annotation" : [ {
               "type" : "Annotation",
               "s" : {
                  "r" : "166",
                  "s" : [ {
                     "value" : [ "","define ","\"Denominator Exclusions\"",":\n  " ]
                  }, {
                     "r" : "165",
                     "s" : [ {
                        "r" : "142",
                        "s" : [ {
                           "value" : [ "( " ]
                        }, {
                           "r" : "142",
                           "s" : [ {
                              "s" : [ {
                                 "r" : "117",
                                 "s" : [ {
                                    "r" : "116",
                                    "s" : [ {
                                       "s" : [ {
                                          "value" : [ "\"Denominator\"" ]
                                       } ]
                                    } ]
                                 }, {
                                    "value" : [ " ","Encounter" ]
                                 } ]
                              } ]
                           }, {
                              "value" : [ "\n      " ]
                           }, {
                              "r" : "141",
                              "s" : [ {
                                 "value" : [ "where " ]
                              }, {
                                 "r" : "141",
                                 "s" : [ {
                                    "r" : "136",
                                    "s" : [ {
                                       "r" : "131",
                                       "s" : [ {
                                          "r" : "126",
                                          "s" : [ {
                                             "r" : "121",
                                             "s" : [ {
                                                "r" : "119",
                                                "s" : [ {
                                                   "r" : "118",
                                                   "s" : [ {
                                                      "value" : [ "Encounter" ]
                                                   } ]
                                                }, {
                                                   "value" : [ "." ]
                                                }, {
                                                   "r" : "119",
                                                   "s" : [ {
                                                      "value" : [ "dischargeDisposition" ]
                                                   } ]
                                                } ]
                                             }, {
                                                "value" : [ " in " ]
                                             }, {
                                                "r" : "120",
                                                "s" : [ {
                                                   "value" : [ "\"Discharge To Acute Care Facility\"" ]
                                                } ]
                                             } ]
                                          }, {
                                             "value" : [ "\n        or " ]
                                          }, {
                                             "r" : "125",
                                             "s" : [ {
                                                "r" : "123",
                                                "s" : [ {
                                                   "r" : "122",
                                                   "s" : [ {
                                                      "value" : [ "Encounter" ]
                                                   } ]
                                                }, {
                                                   "value" : [ "." ]
                                                }, {
                                                   "r" : "123",
                                                   "s" : [ {
                                                      "value" : [ "dischargeDisposition" ]
                                                   } ]
                                                } ]
                                             }, {
                                                "value" : [ " in " ]
                                             }, {
                                                "r" : "124",
                                                "s" : [ {
                                                   "value" : [ "\"Left Against Medical Advice\"" ]
                                                } ]
                                             } ]
                                          } ]
                                       }, {
                                          "value" : [ "\n        or " ]
                                       }, {
                                          "r" : "130",
                                          "s" : [ {
                                             "r" : "128",
                                             "s" : [ {
                                                "r" : "127",
                                                "s" : [ {
                                                   "value" : [ "Encounter" ]
                                                } ]
                                             }, {
                                                "value" : [ "." ]
                                             }, {
                                                "r" : "128",
                                                "s" : [ {
                                                   "value" : [ "dischargeDisposition" ]
                                                } ]
                                             } ]
                                          }, {
                                             "value" : [ " in " ]
                                          }, {
                                             "r" : "129",
                                             "s" : [ {
                                                "value" : [ "\"Patient Expired\"" ]
                                             } ]
                                          } ]
                                       } ]
                                    }, {
                                       "value" : [ "\n        or " ]
                                    }, {
                                       "r" : "135",
                                       "s" : [ {
                                          "r" : "133",
                                          "s" : [ {
                                             "r" : "132",
                                             "s" : [ {
                                                "value" : [ "Encounter" ]
                                             } ]
                                          }, {
                                             "value" : [ "." ]
                                          }, {
                                             "r" : "133",
                                             "s" : [ {
                                                "value" : [ "dischargeDisposition" ]
                                             } ]
                                          } ]
                                       }, {
                                          "value" : [ " in " ]
                                       }, {
                                          "r" : "134",
                                          "s" : [ {
                                             "value" : [ "\"Discharged to Home for Hospice Care\"" ]
                                          } ]
                                       } ]
                                    } ]
                                 }, {
                                    "value" : [ "\n        or " ]
                                 }, {
                                    "r" : "140",
                                    "s" : [ {
                                       "r" : "138",
                                       "s" : [ {
                                          "r" : "137",
                                          "s" : [ {
                                             "value" : [ "Encounter" ]
                                          } ]
                                       }, {
                                          "value" : [ "." ]
                                       }, {
                                          "r" : "138",
                                          "s" : [ {
                                             "value" : [ "dischargeDisposition" ]
                                          } ]
                                       } ]
                                    }, {
                                       "value" : [ " in " ]
                                    }, {
                                       "r" : "139",
                                       "s" : [ {
                                          "value" : [ "\"Discharged to Health Care Facility for Hospice Care\"" ]
                                       } ]
                                    } ]
                                 } ]
                              } ]
                           } ]
                        }, {
                           "value" : [ "\n  )" ]
                        } ]
                     }, {
                        "value" : [ "\n    union " ]
                     }, {
                        "r" : "164",
                        "s" : [ {
                           "value" : [ "\"Encounter with Comfort Measures during Hospitalization\"" ]
                        } ]
                     } ]
                  } ]
               }
            } ],
            "expression" : {
               "localId" : "165",
               "locator" : "76:3-83:66",
               "type" : "Union",
               "operand" : [ {
                  "localId" : "142",
                  "locator" : "76:3-82:3",
                  "type" : "Query",
                  "source" : [ {
                     "localId" : "117",
                     "locator" : "76:5-76:27",
                     "alias" : "Encounter",
                     "expression" : {
                        "localId" : "116",
                        "locator" : "76:5-76:17",
                        "name" : "Denominator",
                        "type" : "ExpressionRef"
                     }
                  } ],
                  "relationship" : [ ],
                  "where" : {
                     "localId" : "141",
                     "locator" : "77:7-81:98",
                     "type" : "Or",
                     "operand" : [ {
                        "localId" : "136",
                        "locator" : "77:13-80:82",
                        "type" : "Or",
                        "operand" : [ {
                           "localId" : "131",
                           "locator" : "77:13-79:62",
                           "type" : "Or",
                           "operand" : [ {
                              "localId" : "126",
                              "locator" : "77:13-78:74",
                              "type" : "Or",
                              "operand" : [ {
                                 "localId" : "121",
                                 "locator" : "77:13-77:80",
                                 "type" : "InValueSet",
                                 "code" : {
                                    "localId" : "119",
                                    "locator" : "77:13-77:42",
                                    "path" : "dischargeDisposition",
                                    "scope" : "Encounter",
                                    "type" : "Property"
                                 },
                                 "valueset" : {
                                    "localId" : "120",
                                    "locator" : "77:47-77:80",
                                    "name" : "Discharge To Acute Care Facility",
                                    "type" : "ValueSetRef"
                                 }
                              }, {
                                 "localId" : "125",
                                 "locator" : "78:12-78:74",
                                 "type" : "InValueSet",
                                 "code" : {
                                    "localId" : "123",
                                    "locator" : "78:12-78:41",
                                    "path" : "dischargeDisposition",
                                    "scope" : "Encounter",
                                    "type" : "Property"
                                 },
                                 "valueset" : {
                                    "localId" : "124",
                                    "locator" : "78:46-78:74",
                                    "name" : "Left Against Medical Advice",
                                    "type" : "ValueSetRef"
                                 }
                              } ]
                           }, {
                              "localId" : "130",
                              "locator" : "79:12-79:62",
                              "type" : "InValueSet",
                              "code" : {
                                 "localId" : "128",
                                 "locator" : "79:12-79:41",
                                 "path" : "dischargeDisposition",
                                 "scope" : "Encounter",
                                 "type" : "Property"
                              },
                              "valueset" : {
                                 "localId" : "129",
                                 "locator" : "79:46-79:62",
                                 "name" : "Patient Expired",
                                 "type" : "ValueSetRef"
                              }
                           } ]
                        }, {
                           "localId" : "135",
                           "locator" : "80:12-80:82",
                           "type" : "InValueSet",
                           "code" : {
                              "localId" : "133",
                              "locator" : "80:12-80:41",
                              "path" : "dischargeDisposition",
                              "scope" : "Encounter",
                              "type" : "Property"
                           },
                           "valueset" : {
                              "localId" : "134",
                              "locator" : "80:46-80:82",
                              "name" : "Discharged to Home for Hospice Care",
                              "type" : "ValueSetRef"
                           }
                        } ]
                     }, {
                        "localId" : "140",
                        "locator" : "81:12-81:98",
                        "type" : "InValueSet",
                        "code" : {
                           "localId" : "138",
                           "locator" : "81:12-81:41",
                           "path" : "dischargeDisposition",
                           "scope" : "Encounter",
                           "type" : "Property"
                        },
                        "valueset" : {
                           "localId" : "139",
                           "locator" : "81:46-81:98",
                           "name" : "Discharged to Health Care Facility for Hospice Care",
                           "type" : "ValueSetRef"
                        }
                     } ]
                  }
               }, {
                  "localId" : "164",
                  "locator" : "83:11-83:66",
                  "name" : "Encounter with Comfort Measures during Hospitalization",
                  "type" : "ExpressionRef"
               } ]
            }
         } ]
      }
   }
}