{
   "library" : {
      "annotation" : [ {
         "translatorOptions" : "EnableAnnotations,EnableLocators,DisableListDemotion,DisableListPromotion,DisableMethodInvocation",
         "type" : "CqlToElmInfo"
      }, {
         "type" : "Annotation",
         "s" : {
            "r" : "166",
            "s" : [ {
               "value" : [ "","library TJCOverall version '5.8.000'" ]
            } ]
         }
      } ],
      "identifier" : {
         "id" : "TJCOverall",
         "version" : "5.8.000"
      },
      "schemaIdentifier" : {
         "id" : "urn:hl7-org:elm",
         "version" : "r1"
      },
      "usings" : {
         "def" : [ {
            "localIdentifier" : "System",
            "uri" : "urn:hl7-org:elm-types:r1"
         }, {
            "localId" : "1",
            "locator" : "3:1-3:23",
            "localIdentifier" : "QDM",
            "uri" : "urn:healthit-gov:qdm:v5_6",
            "version" : "5.6",
            "annotation" : [ {
               "type" : "Annotation",
               "s" : {
                  "r" : "1",
                  "s" : [ {
                     "value" : [ "","using " ]
                  }, {
                     "s" : [ {
                        "value" : [ "QDM" ]
                     } ]
                  }, {
                     "value" : [ " version ","'5.6'" ]
                  } ]
               }
            } ]
         } ]
      },
      "includes" : {
         "def" : [ {
            "localId" : "2",
            "locator" : "5:1-5:64",
            "localIdentifier" : "Global",
            "path" : "MATGlobalCommonFunctions",
            "version" : "7.0.000",
            "annotation" : [ {
               "type" : "Annotation",
               "s" : {
                  "r" : "2",
                  "s" : [ {
                     "value" : [ "","include " ]
                  }, {
                     "s" : [ {
                        "value" : [ "MATGlobalCommonFunctions" ]
                     } ]
                  }, {
                     "value" : [ " version ","'7.0.000'"," called ","Global" ]
                  } ]
               }
            } ]
         } ]
      },
      "parameters" : {
         "def" : [ {
            "localId" : "17",
            "locator" : "20:1-20:49",
            "name" : "Measurement Period",
            "accessLevel" : "Public",
            "annotation" : [ {
               "type" : "Annotation",
               "s" : {
                  "r" : "17",
                  "s" : [ {
                     "value" : [ "","parameter ","\"Measurement Period\""," " ]
                  }, {
                     "r" : "16",
                     "s" : [ {
                        "value" : [ "Interval<" ]
                     }, {
                        "r" : "15",
                        "s" : [ {
                           "value" : [ "DateTime" ]
                        } ]
                     }, {
                        "value" : [ ">" ]
                     } ]
                  } ]
               }
            } ],
            "parameterTypeSpecifier" : {
               "localId" : "16",
               "locator" : "20:32-20:49",
               "type" : "IntervalTypeSpecifier",
               "pointType" : {
                  "localId" : "15",
                  "locator" : "20:41-20:48",
                  "name" : "{urn:hl7-org:elm-types:r1}DateTime",
                  "type" : "NamedTypeSpecifier"
               }
            }
         } ]
      },
      "valueSets" : {
         "def" : [ {
            "localId" : "3",
            "locator" : "7:1-7:65",
            "name" : "Comfort Measures",
            "id" : "urn:oid:1.3.6.1.4.1.33895.1.3.0.45",
            "accessLevel" : "Public",
            "annotation" : [ {
               "type" : "Annotation",
               "s" : {
                  "r" : "3",
                  "s" : [ {
                     "value" : [ "","valueset ","\"Comfort Measures\"",": ","'urn:oid:1.3.6.1.4.1.33895.1.3.0.45'" ]
                  } ]
               }
            } ]
         }, {
            "localId" : "4",
            "locator" : "8:1-8:87",
            "name" : "Discharge To Acute Care Facility",
            "id" : "urn:oid:2.16.840.1.113883.3.117.1.7.1.87",
            "accessLevel" : "Public",
            "annotation" : [ {
               "type" : "Annotation",
               "s" : {
                  "r" : "4",
                  "s" : [ {
                     "value" : [ "","valueset ","\"Discharge To Acute Care Facility\"",": ","'urn:oid:2.16.840.1.113883.3.117.1.7.1.87'" ]
                  } ]
               }
            } ]
         }, {
            "localId" : "5",
            "locator" : "9:1-9:107",
            "name" : "Discharged to Health Care Facility for Hospice Care",
            "id" : "urn:oid:2.16.840.1.113883.3.117.1.7.1.207",
            "accessLevel" : "Public",
            "annotation" : [ {
               "type" : "Annotation",
               "s" : {
                  "r" : "5",
                  "s" : [ {
                     "value" : [ "","valueset ","\"Discharged to Health Care Facility for Hospice Care\"",": ","'urn:oid:2.16.840.1.113883.3.117.1.7.1.207'" ]
                  } ]
               }
            } ]
         }, {
            "localId" : "6",
            "locator" : "10:1-10:91",
            "name" : "Discharged to Home for Hospice Care",
            "id" : "urn:oid:2.16.840.1.113883.3.117.1.7.1.209",
            "accessLevel" : "Public",
            "annotation" : [ {
               "type" : "Annotation",
               "s" : {
                  "r" : "6",
                  "s" : [ {
                     "value" : [ "","valueset ","\"Discharged to Home for Hospice Care\"",": ","'urn:oid:2.16.840.1.113883.3.117.1.7.1.209'" ]
                  } ]
               }
            } ]
         }, {
            "localId" : "7",
            "locator" : "11:1-11:82",
            "name" : "Emergency Department Visit",
            "id" : "urn:oid:2.16.840.1.113883.3.117.1.7.1.292",
            "accessLevel" : "Public",
            "annotation" : [ {
               "type" : "Annotation",
               "s" : {
                  "r" : "7",
                  "s" : [ {
                     "value" : [ "","valueset ","\"Emergency Department Visit\"",": ","'urn:oid:2.16.840.1.113883.3.117.1.7.1.292'" ]
                  } ]
               }
            } ]
         }, {
            "localId" : "8",
            "locator" : "12:1-12:71",
            "name" : "Encounter Inpatient",
            "id" : "urn:oid:2.16.840.1.113883.3.666.5.307",
            "accessLevel" : "Public",
            "annotation" : [ {
               "type" : "Annotation",
               "s" : {
                  "r" : "8",
                  "s" : [ {
                     "value" : [ "","valueset ","\"Encounter Inpatient\"",": ","'urn:oid:2.16.840.1.113883.3.666.5.307'" ]
                  } ]
               }
            } ]
         }, {
            "localId" : "9",
            "locator" : "13:1-13:74",
            "name" : "Hemorrhagic Stroke",
            "id" : "urn:oid:2.16.840.1.113883.3.117.1.7.1.212",
            "accessLevel" : "Public",
            "annotation" : [ {
               "type" : "Annotation",
               "s" : {
                  "r" : "9",
                  "s" : [ {
                     "value" : [ "","valueset ","\"Hemorrhagic Stroke\"",": ","'urn:oid:2.16.840.1.113883.3.117.1.7.1.212'" ]
                  } ]
               }
            } ]
         }, {
            "localId" : "10",
            "locator" : "14:1-14:71",
            "name" : "Ischemic Stroke",
            "id" : "urn:oid:2.16.840.1.113883.3.117.1.7.1.247",
            "accessLevel" : "Public",
            "annotation" : [ {
               "type" : "Annotation",
               "s" : {
                  "r" : "10",
                  "s" : [ {
                     "value" : [ "","valueset ","\"Ischemic Stroke\"",": ","'urn:oid:2.16.840.1.113883.3.117.1.7.1.247'" ]
                  } ]
               }
            } ]
         }, {
            "localId" : "11",
            "locator" : "15:1-15:83",
            "name" : "Left Against Medical Advice",
            "id" : "urn:oid:2.16.840.1.113883.3.117.1.7.1.308",
            "accessLevel" : "Public",
            "annotation" : [ {
               "type" : "Annotation",
               "s" : {
                  "r" : "11",
                  "s" : [ {
                     "value" : [ "","valueset ","\"Left Against Medical Advice\"",": ","'urn:oid:2.16.840.1.113883.3.117.1.7.1.308'" ]
                  } ]
               }
            } ]
         }, {
            "localId" : "12",
            "locator" : "16:1-16:88",
            "name" : "Non-Elective Inpatient Encounter",
            "id" : "urn:oid:2.16.840.1.113883.3.117.1.7.1.424",
            "accessLevel" : "Public",
            "annotation" : [ {
               "type" : "Annotation",
               "s" : {
                  "r" : "12",
                  "s" : [ {
                     "value" : [ "","valueset ","\"Non-Elective Inpatient Encounter\"",": ","'urn:oid:2.16.840.1.113883.3.117.1.7.1.424'" ]
                  } ]
               }
            } ]
         }, {
            "localId" : "13",
            "locator" : "17:1-17:73",
            "name" : "Observation Services",
            "id" : "urn:oid:2.16.840.1.113762.1.4.1111.143",
            "accessLevel" : "Public",
            "annotation" : [ {
               "type" : "Annotation",
               "s" : {
                  "r" : "13",
                  "s" : [ {
                     "value" : [ "","valueset ","\"Observation Services\"",": ","'urn:oid:2.16.840.1.113762.1.4.1111.143'" ]
                  } ]
               }
            } ]
         }, {
            "localId" : "14",
            "locator" : "18:1-18:71",
            "name" : "Patient Expired",
            "id" : "urn:oid:2.16.840.1.113883.3.117.1.7.1.309",
            "accessLevel" : "Public",
            "annotation" : [ {
               "type" : "Annotation",
               "s" : {
                  "r" : "14",
                  "s" : [ {
                     "value" : [ "","valueset ","\"Patient Expired\"",": ","'urn:oid:2.16.840.1.113883.3.117.1.7.1.309'" ]
                  } ]
               }
            } ]
         } ]
      },
      "contexts" : {
         "def" : [ {
            "locator" : "22:1-22:15",
            "name" : "Patient"
         } ]
      },
      "statements" : {
         "def" : [ {
            "locator" : "22:1-22:15",
            "name" : "Patient",
            "context" : "Patient",
            "expression" : {
               "type" : "SingletonFrom",
               "operand" : {
                  "locator" : "22:1-22:15",
                  "dataType" : "{urn:healthit-gov:qdm:v5_6}Patient",
                  "templateId" : "Patient",
                  "type" : "Retrieve"
               }
            }
         }, {
            "localId" : "21",
            "locator" : "24:1-26:57",
            "name" : "Intervention Comfort Measures",
            "context" : "Patient",
            "accessLevel" : "Public",
            "annotation" : [ {
               "type" : "Annotation",
               "s" : {
                  "r" : "21",
                  "s" : [ {
                     "value" : [ "","define ","\"Intervention Comfort Measures\"",":\n  " ]
                  }, {
                     "r" : "20",
                     "s" : [ {
                        "r" : "18",
                        "s" : [ {
                           "value" : [ "[","\"Intervention, Order\"",": " ]
                        }, {
                           "s" : [ {
                              "value" : [ "\"Comfort Measures\"" ]
                           } ]
                        }, {
                           "value" : [ "]" ]
                        } ]
                     }, {
                        "value" : [ "\n    union " ]
                     }, {
                        "r" : "19",
                        "s" : [ {
                           "value" : [ "[","\"Intervention, Performed\"",": " ]
                        }, {
                           "s" : [ {
                              "value" : [ "\"Comfort Measures\"" ]
                           } ]
                        }, {
                           "value" : [ "]" ]
                        } ]
                     } ]
                  } ]
               }
            } ],
            "expression" : {
               "localId" : "20",
               "locator" : "25:3-26:57",
               "type" : "Union",
               "operand" : [ {
                  "type" : "As",
                  "operand" : {
                     "localId" : "18",
                     "locator" : "25:3-25:45",
                     "dataType" : "{urn:healthit-gov:qdm:v5_6}PositiveInterventionOrder",
                     "templateId" : "PositiveInterventionOrder",
                     "codeProperty" : "code",
                     "codeComparator" : "in",
                     "type" : "Retrieve",
                     "codes" : {
                        "locator" : "25:27-25:44",
                        "name" : "Comfort Measures",
                        "type" : "ValueSetRef"
                     }
                  },
                  "asTypeSpecifier" : {
                     "type" : "ListTypeSpecifier",
                     "elementType" : {
                        "type" : "ChoiceTypeSpecifier",
                        "choice" : [ {
                           "name" : "{urn:healthit-gov:qdm:v5_6}PositiveInterventionPerformed",
                           "type" : "NamedTypeSpecifier"
                        }, {
                           "name" : "{urn:healthit-gov:qdm:v5_6}PositiveInterventionOrder",
                           "type" : "NamedTypeSpecifier"
                        } ]
                     }
                  }
               }, {
                  "type" : "As",
                  "operand" : {
                     "localId" : "19",
                     "locator" : "26:11-26:57",
                     "dataType" : "{urn:healthit-gov:qdm:v5_6}PositiveInterventionPerformed",
                     "templateId" : "PositiveInterventionPerformed",
                     "codeProperty" : "code",
                     "codeComparator" : "in",
                     "type" : "Retrieve",
                     "codes" : {
                        "locator" : "26:39-26:56",
                        "name" : "Comfort Measures",
                        "type" : "ValueSetRef"
                     }
                  },
                  "asTypeSpecifier" : {
                     "type" : "ListTypeSpecifier",
                     "elementType" : {
                        "type" : "ChoiceTypeSpecifier",
                        "choice" : [ {
                           "name" : "{urn:healthit-gov:qdm:v5_6}PositiveInterventionPerformed",
                           "type" : "NamedTypeSpecifier"
                        }, {
                           "name" : "{urn:healthit-gov:qdm:v5_6}PositiveInterventionOrder",
                           "type" : "NamedTypeSpecifier"
                        } ]
                     }
                  }
               } ]
            }
         }, {
            "localId" : "36",
            "locator" : "59:1-62:85",
            "name" : "Non Elective Inpatient Encounter",
            "context" : "Patient",
            "accessLevel" : "Public",
            "annotation" : [ {
               "type" : "Annotation",
               "s" : {
                  "r" : "36",
                  "s" : [ {
                     "value" : [ "","define ","\"Non Elective Inpatient Encounter\"",":\n  " ]
                  }, {
                     "r" : "35",
                     "s" : [ {
                        "s" : [ {
                           "r" : "23",
                           "s" : [ {
                              "r" : "22",
                              "s" : [ {
                                 "r" : "22",
                                 "s" : [ {
                                    "value" : [ "[","\"Encounter, Performed\"",": " ]
                                 }, {
                                    "s" : [ {
                                       "value" : [ "\"Non-Elective Inpatient Encounter\"" ]
                                    } ]
                                 }, {
                                    "value" : [ "]" ]
                                 } ]
                              } ]
                           }, {
                              "value" : [ " ","NonElectiveEncounter" ]
                           } ]
                        } ]
                     }, {
                        "value" : [ "\n    " ]
                     }, {
                        "r" : "34",
                        "s" : [ {
                           "value" : [ "where " ]
                        }, {
                           "r" : "34",
                           "s" : [ {
                              "r" : "29",
                              "s" : [ {
                                 "r" : "27",
                                 "s" : [ {
                                    "r" : "24",
                                    "s" : [ {
                                       "value" : [ "Global" ]
                                    } ]
                                 }, {
                                    "value" : [ "." ]
                                 }, {
                                    "r" : "27",
                                    "s" : [ {
                                       "value" : [ "\"LengthInDays\""," ( " ]
                                    }, {
                                       "r" : "26",
                                       "s" : [ {
                                          "r" : "25",
                                          "s" : [ {
                                             "value" : [ "NonElectiveEncounter" ]
                                          } ]
                                       }, {
                                          "value" : [ "." ]
                                       }, {
                                          "r" : "26",
                                          "s" : [ {
                                             "value" : [ "relevantPeriod" ]
                                          } ]
                                       } ]
                                    }, {
                                       "value" : [ " )" ]
                                    } ]
                                 } ]
                              }, {
                                 "r" : "28",
                                 "value" : [ " ","<="," ","120" ]
                              } ]
                           }, {
                              "value" : [ "\n      and " ]
                           }, {
                              "r" : "33",
                              "s" : [ {
                                 "r" : "31",
                                 "s" : [ {
                                    "r" : "30",
                                    "s" : [ {
                                       "value" : [ "NonElectiveEncounter" ]
                                    } ]
                                 }, {
                                    "value" : [ "." ]
                                 }, {
                                    "r" : "31",
                                    "s" : [ {
                                       "value" : [ "relevantPeriod" ]
                                    } ]
                                 } ]
                              }, {
                                 "r" : "33",
                                 "value" : [ " ","ends during day of"," " ]
                              }, {
                                 "r" : "32",
                                 "s" : [ {
                                    "value" : [ "\"Measurement Period\"" ]
                                 } ]
                              } ]
                           } ]
                        } ]
                     } ]
                  } ]
               }
            } ],
            "expression" : {
               "localId" : "35",
               "locator" : "60:3-62:85",
               "type" : "Query",
               "source" : [ {
                  "localId" : "23",
                  "locator" : "60:3-60:83",
                  "alias" : "NonElectiveEncounter",
                  "expression" : {
                     "localId" : "22",
                     "locator" : "60:3-60:62",
                     "dataType" : "{urn:healthit-gov:qdm:v5_6}PositiveEncounterPerformed",
                     "templateId" : "PositiveEncounterPerformed",
                     "codeProperty" : "code",
                     "codeComparator" : "in",
                     "type" : "Retrieve",
                     "codes" : {
                        "locator" : "60:28-60:61",
                        "name" : "Non-Elective Inpatient Encounter",
                        "type" : "ValueSetRef"
                     }
                  }
               } ],
               "relationship" : [ ],
               "where" : {
                  "localId" : "34",
                  "locator" : "61:5-62:85",
                  "type" : "And",
                  "operand" : [ {
                     "localId" : "29",
                     "locator" : "61:11-61:78",
                     "type" : "LessOrEqual",
                     "operand" : [ {
                        "localId" : "27",
                        "locator" : "61:11-61:71",
                        "name" : "LengthInDays",
                        "libraryName" : "Global",
                        "type" : "FunctionRef",
                        "operand" : [ {
                           "localId" : "26",
                           "locator" : "61:35-61:69",
                           "path" : "relevantPeriod",
                           "scope" : "NonElectiveEncounter",
                           "type" : "Property"
                        } ]
                     }, {
                        "localId" : "28",
                        "locator" : "61:76-61:78",
                        "valueType" : "{urn:hl7-org:elm-types:r1}Integer",
                        "value" : "120",
                        "type" : "Literal"
                     } ]
                  }, {
                     "localId" : "33",
                     "locator" : "62:11-62:85",
                     "precision" : "Day",
                     "type" : "In",
                     "operand" : [ {
                        "locator" : "62:47-62:50",
                        "type" : "End",
                        "operand" : {
                           "localId" : "31",
                           "locator" : "62:11-62:45",
                           "path" : "relevantPeriod",
                           "scope" : "NonElectiveEncounter",
                           "type" : "Property"
                        }
                     }, {
                        "localId" : "32",
                        "locator" : "62:66-62:85",
                        "name" : "Measurement Period",
                        "type" : "ParameterRef"
                     } ]
                  } ]
               }
            }
         }, {
            "localId" : "58",
            "locator" : "45:1-52:5",
            "name" : "All Stroke Encounter",
            "context" : "Patient",
            "accessLevel" : "Public",
            "annotation" : [ {
               "type" : "Annotation",
               "s" : {
                  "r" : "58",
                  "s" : [ {
                     "value" : [ "","define ","\"All Stroke Encounter\"",":\n  " ]
                  }, {
                     "r" : "57",
                     "s" : [ {
                        "s" : [ {
                           "r" : "38",
                           "s" : [ {
                              "r" : "37",
                              "s" : [ {
                                 "s" : [ {
                                    "value" : [ "\"Non Elective Inpatient Encounter\"" ]
                                 } ]
                              } ]
                           }, {
                              "value" : [ " ","NonElectiveEncounter" ]
                           } ]
                        } ]
                     }, {
                        "value" : [ "\n    " ]
                     }, {
                        "r" : "56",
                        "s" : [ {
                           "value" : [ "where " ]
                        }, {
                           "r" : "56",
                           "s" : [ {
                              "value" : [ "exists " ]
                           }, {
                              "r" : "55",
                              "s" : [ {
                                 "value" : [ "( " ]
                              }, {
                                 "r" : "55",
                                 "s" : [ {
                                    "s" : [ {
                                       "r" : "40",
                                       "s" : [ {
                                          "r" : "39",
                                          "s" : [ {
                                             "s" : [ {
                                                "value" : [ "NonElectiveEncounter",".","diagnoses" ]
                                             } ]
                                          } ]
                                       }, {
                                          "value" : [ " ","Diagnosis" ]
                                       } ]
                                    } ]
                                 }, {
                                    "value" : [ "\n        " ]
                                 }, {
                                    "r" : "54",
                                    "s" : [ {
                                       "value" : [ "where " ]
                                    }, {
                                       "r" : "54",
                                       "s" : [ {
                                          "r" : "44",
                                          "s" : [ {
                                             "r" : "42",
                                             "s" : [ {
                                                "r" : "41",
                                                "s" : [ {
                                                   "value" : [ "Diagnosis" ]
                                                } ]
                                             }, {
                                                "value" : [ "." ]
                                             }, {
                                                "r" : "42",
                                                "s" : [ {
                                                   "value" : [ "rank" ]
                                                } ]
                                             } ]
                                          }, {
                                             "r" : "43",
                                             "value" : [ " ","="," ","1" ]
                                          } ]
                                       }, {
                                          "value" : [ "\n          and " ]
                                       }, {
                                          "r" : "53",
                                          "s" : [ {
                                             "value" : [ "( " ]
                                          }, {
                                             "r" : "53",
                                             "s" : [ {
                                                "r" : "48",
                                                "s" : [ {
                                                   "r" : "46",
                                                   "s" : [ {
                                                      "r" : "45",
                                                      "s" : [ {
                                                         "value" : [ "Diagnosis" ]
                                                      } ]
                                                   }, {
                                                      "value" : [ "." ]
                                                   }, {
                                                      "r" : "46",
                                                      "s" : [ {
                                                         "value" : [ "code" ]
                                                      } ]
                                                   } ]
                                                }, {
                                                   "value" : [ " in " ]
                                                }, {
                                                   "r" : "47",
                                                   "s" : [ {
                                                      "value" : [ "\"Hemorrhagic Stroke\"" ]
                                                   } ]
                                                } ]
                                             }, {
                                                "value" : [ "\n              or " ]
                                             }, {
                                                "r" : "52",
                                                "s" : [ {
                                                   "r" : "50",
                                                   "s" : [ {
                                                      "r" : "49",
                                                      "s" : [ {
                                                         "value" : [ "Diagnosis" ]
                                                      } ]
                                                   }, {
                                                      "value" : [ "." ]
                                                   }, {
                                                      "r" : "50",
                                                      "s" : [ {
                                                         "value" : [ "code" ]
                                                      } ]
                                                   } ]
                                                }, {
                                                   "value" : [ " in " ]
                                                }, {
                                                   "r" : "51",
                                                   "s" : [ {
                                                      "value" : [ "\"Ischemic Stroke\"" ]
                                                   } ]
                                                } ]
                                             } ]
                                          }, {
                                             "value" : [ "\n          )" ]
                                          } ]
                                       } ]
                                    } ]
                                 } ]
                              }, {
                                 "value" : [ "\n    )" ]
                              } ]
                           } ]
                        } ]
                     } ]
                  } ]
               }
            } ],
            "expression" : {
               "localId" : "57",
               "locator" : "46:3-52:5",
               "type" : "Query",
               "source" : [ {
                  "localId" : "38",
                  "locator" : "46:3-46:57",
                  "alias" : "NonElectiveEncounter",
                  "expression" : {
                     "localId" : "37",
                     "locator" : "46:3-46:36",
                     "name" : "Non Elective Inpatient Encounter",
                     "type" : "ExpressionRef"
                  }
               } ],
               "relationship" : [ ],
               "where" : {
                  "localId" : "56",
                  "locator" : "47:5-52:5",
                  "type" : "Exists",
                  "operand" : {
                     "localId" : "55",
                     "locator" : "47:18-52:5",
                     "type" : "Query",
                     "source" : [ {
                        "localId" : "40",
                        "locator" : "47:20-47:59",
                        "alias" : "Diagnosis",
                        "expression" : {
                           "localId" : "39",
                           "locator" : "47:20-47:49",
                           "path" : "diagnoses",
                           "scope" : "NonElectiveEncounter",
                           "type" : "Property"
                        }
                     } ],
                     "relationship" : [ ],
                     "where" : {
                        "localId" : "54",
                        "locator" : "48:9-51:11",
                        "type" : "And",
                        "operand" : [ {
                           "localId" : "44",
                           "locator" : "48:15-48:32",
                           "type" : "Equal",
                           "operand" : [ {
                              "localId" : "42",
                              "locator" : "48:15-48:28",
                              "path" : "rank",
                              "scope" : "Diagnosis",
                              "type" : "Property"
                           }, {
                              "localId" : "43",
                              "locator" : "48:32",
                              "valueType" : "{urn:hl7-org:elm-types:r1}Integer",
                              "value" : "1",
                              "type" : "Literal"
                           } ]
                        }, {
                           "localId" : "53",
                           "locator" : "49:15-51:11",
                           "type" : "Or",
                           "operand" : [ {
                              "localId" : "48",
                              "locator" : "49:17-49:54",
                              "type" : "InValueSet",
                              "code" : {
                                 "localId" : "46",
                                 "locator" : "49:17-49:30",
                                 "path" : "code",
                                 "scope" : "Diagnosis",
                                 "type" : "Property"
                              },
                              "valueset" : {
                                 "localId" : "47",
                                 "locator" : "49:35-49:54",
                                 "name" : "Hemorrhagic Stroke",
                                 "type" : "ValueSetRef"
                              }
                           }, {
                              "localId" : "52",
                              "locator" : "50:18-50:52",
                              "type" : "InValueSet",
                              "code" : {
                                 "localId" : "50",
                                 "locator" : "50:18-50:31",
                                 "path" : "code",
                                 "scope" : "Diagnosis",
                                 "type" : "Property"
                              },
                              "valueset" : {
                                 "localId" : "51",
                                 "locator" : "50:36-50:52",
                                 "name" : "Ischemic Stroke",
                                 "type" : "ValueSetRef"
                              }
                           } ]
                        } ]
                     }
                  }
               }
            }
         }, {
            "localId" : "69",
            "locator" : "64:1-66:82",
            "name" : "Encounter with Principal Diagnosis and Age",
            "context" : "Patient",
            "accessLevel" : "Public",
            "annotation" : [ {
               "type" : "Annotation",
               "s" : {
                  "r" : "69",
                  "s" : [ {
                     "value" : [ "","define ","\"Encounter with Principal Diagnosis and Age\"",":\n  " ]
                  }, {
                     "r" : "68",
                     "s" : [ {
                        "s" : [ {
                           "r" : "60",
                           "s" : [ {
                              "r" : "59",
                              "s" : [ {
                                 "s" : [ {
                                    "value" : [ "\"All Stroke Encounter\"" ]
                                 } ]
                              } ]
                           }, {
                              "value" : [ " ","AllStrokeEncounter" ]
                           } ]
                        } ]
                     }, {
                        "value" : [ "\n    " ]
                     }, {
                        "r" : "67",
                        "s" : [ {
                           "value" : [ "where " ]
                        }, {
                           "r" : "67",
                           "s" : [ {
                              "r" : "65",
                              "s" : [ {
                                 "value" : [ "AgeInYearsAt","(" ]
                              }, {
                                 "r" : "64",
                                 "s" : [ {
                                    "value" : [ "date from" ]
                                 }, {
                                    "r" : "63",
                                    "s" : [ {
                                       "value" : [ "(" ]
                                    }, {
                                       "r" : "63",
                                       "s" : [ {
                                          "value" : [ "start of " ]
                                       }, {
                                          "r" : "62",
                                          "s" : [ {
                                             "r" : "61",
                                             "s" : [ {
                                                "value" : [ "AllStrokeEncounter" ]
                                             } ]
                                          }, {
                                             "value" : [ "." ]
                                          }, {
                                             "r" : "62",
                                             "s" : [ {
                                                "value" : [ "relevantPeriod" ]
                                             } ]
                                          } ]
                                       } ]
                                    }, {
                                       "value" : [ ")" ]
                                    } ]
                                 } ]
                              }, {
                                 "value" : [ ")" ]
                              } ]
                           }, {
                              "r" : "66",
                              "value" : [ ">="," ","18" ]
                           } ]
                        } ]
                     } ]
                  } ]
               }
            } ],
            "expression" : {
               "localId" : "68",
               "locator" : "65:3-66:82",
               "type" : "Query",
               "source" : [ {
                  "localId" : "60",
                  "locator" : "65:3-65:43",
                  "alias" : "AllStrokeEncounter",
                  "expression" : {
                     "localId" : "59",
                     "locator" : "65:3-65:24",
                     "name" : "All Stroke Encounter",
                     "type" : "ExpressionRef"
                  }
               } ],
               "relationship" : [ ],
               "where" : {
                  "localId" : "67",
                  "locator" : "66:5-66:82",
                  "type" : "GreaterOrEqual",
                  "operand" : [ {
                     "localId" : "65",
                     "locator" : "66:11-66:77",
                     "precision" : "Year",
                     "type" : "CalculateAgeAt",
                     "operand" : [ {
                        "type" : "ToDate",
                        "operand" : {
                           "path" : "birthDatetime",
                           "type" : "Property",
                           "source" : {
                              "name" : "Patient",
                              "type" : "ExpressionRef"
                           }
                        }
                     }, {
                        "localId" : "64",
                        "locator" : "66:24-66:76",
                        "type" : "DateFrom",
                        "operand" : {
                           "localId" : "63",
                           "locator" : "66:33-66:76",
                           "type" : "Start",
                           "operand" : {
                              "localId" : "62",
                              "locator" : "66:43-66:75",
                              "path" : "relevantPeriod",
                              "scope" : "AllStrokeEncounter",
                              "type" : "Property"
                           }
                        }
                     } ]
                  }, {
                     "localId" : "66",
                     "locator" : "66:81-66:82",
                     "valueType" : "{urn:hl7-org:elm-types:r1}Integer",
                     "value" : "18",
                     "type" : "Literal"
                  } ]
               }
            }
         }, {
            "localId" : "86",
            "locator" : "38:1-43:5",
            "name" : "Ischemic Stroke Encounter",
            "context" : "Patient",
            "accessLevel" : "Public",
            "annotation" : [ {
               "type" : "Annotation",
               "s" : {
                  "r" : "86",
                  "s" : [ {
                     "value" : [ "","define ","\"Ischemic Stroke Encounter\"",":\n  " ]
                  }, {
                     "r" : "85",
                     "s" : [ {
                        "s" : [ {
                           "r" : "71",
                           "s" : [ {
                              "r" : "70",
                              "s" : [ {
                                 "s" : [ {
                                    "value" : [ "\"Encounter with Principal Diagnosis and Age\"" ]
                                 } ]
                              } ]
                           }, {
                              "value" : [ " ","EncounterWithAge" ]
                           } ]
                        } ]
                     }, {
                        "value" : [ "\n    " ]
                     }, {
                        "r" : "84",
                        "s" : [ {
                           "value" : [ "where " ]
                        }, {
                           "r" : "84",
                           "s" : [ {
                              "value" : [ "exists " ]
                           }, {
                              "r" : "83",
                              "s" : [ {
                                 "value" : [ "( " ]
                              }, {
                                 "r" : "83",
                                 "s" : [ {
                                    "s" : [ {
                                       "r" : "73",
                                       "s" : [ {
                                          "r" : "72",
                                          "s" : [ {
                                             "s" : [ {
                                                "value" : [ "EncounterWithAge",".","diagnoses" ]
                                             } ]
                                          } ]
                                       }, {
                                          "value" : [ " ","Diagnosis" ]
                                       } ]
                                    } ]
                                 }, {
                                    "value" : [ "\n        " ]
                                 }, {
                                    "r" : "82",
                                    "s" : [ {
                                       "value" : [ "where " ]
                                    }, {
                                       "r" : "82",
                                       "s" : [ {
                                          "r" : "77",
                                          "s" : [ {
                                             "r" : "75",
                                             "s" : [ {
                                                "r" : "74",
                                                "s" : [ {
                                                   "value" : [ "Diagnosis" ]
                                                } ]
                                             }, {
                                                "value" : [ "." ]
                                             }, {
                                                "r" : "75",
                                                "s" : [ {
                                                   "value" : [ "code" ]
                                                } ]
                                             } ]
                                          }, {
                                             "value" : [ " in " ]
                                          }, {
                                             "r" : "76",
                                             "s" : [ {
                                                "value" : [ "\"Ischemic Stroke\"" ]
                                             } ]
                                          } ]
                                       }, {
                                          "value" : [ "\n          and " ]
                                       }, {
                                          "r" : "81",
                                          "s" : [ {
                                             "r" : "79",
                                             "s" : [ {
                                                "r" : "78",
                                                "s" : [ {
                                                   "value" : [ "Diagnosis" ]
                                                } ]
                                             }, {
                                                "value" : [ "." ]
                                             }, {
                                                "r" : "79",
                                                "s" : [ {
                                                   "value" : [ "rank" ]
                                                } ]
                                             } ]
                                          }, {
                                             "r" : "80",
                                             "value" : [ " ","="," ","1" ]
                                          } ]
                                       } ]
                                    } ]
                                 } ]
                              }, {
                                 "value" : [ "\n    )" ]
                              } ]
                           } ]
                        } ]
                     } ]
                  } ]
               }
            } ],
            "expression" : {
               "localId" : "85",
               "locator" : "39:3-43:5",
               "type" : "Query",
               "source" : [ {
                  "localId" : "71",
                  "locator" : "39:3-39:63",
                  "alias" : "EncounterWithAge",
                  "expression" : {
                     "localId" : "70",
                     "locator" : "39:3-39:46",
                     "name" : "Encounter with Principal Diagnosis and Age",
                     "type" : "ExpressionRef"
                  }
               } ],
               "relationship" : [ ],
               "where" : {
                  "localId" : "84",
                  "locator" : "40:5-43:5",
                  "type" : "Exists",
                  "operand" : {
                     "localId" : "83",
                     "locator" : "40:18-43:5",
                     "type" : "Query",
                     "source" : [ {
                        "localId" : "73",
                        "locator" : "40:20-40:55",
                        "alias" : "Diagnosis",
                        "expression" : {
                           "localId" : "72",
                           "locator" : "40:20-40:45",
                           "path" : "diagnoses",
                           "scope" : "EncounterWithAge",
                           "type" : "Property"
                        }
                     } ],
                     "relationship" : [ ],
                     "where" : {
                        "localId" : "82",
                        "locator" : "41:9-42:32",
                        "type" : "And",
                        "operand" : [ {
                           "localId" : "77",
                           "locator" : "41:15-41:49",
                           "type" : "InValueSet",
                           "code" : {
                              "localId" : "75",
                              "locator" : "41:15-41:28",
                              "path" : "code",
                              "scope" : "Diagnosis",
                              "type" : "Property"
                           },
                           "valueset" : {
                              "localId" : "76",
                              "locator" : "41:33-41:49",
                              "name" : "Ischemic Stroke",
                              "type" : "ValueSetRef"
                           }
                        }, {
                           "localId" : "81",
                           "locator" : "42:15-42:32",
                           "type" : "Equal",
                           "operand" : [ {
                              "localId" : "79",
                              "locator" : "42:15-42:28",
                              "path" : "rank",
                              "scope" : "Diagnosis",
                              "type" : "Property"
                           }, {
                              "localId" : "80",
                              "locator" : "42:32",
                              "valueType" : "{urn:hl7-org:elm-types:r1}Integer",
                              "value" : "1",
                              "type" : "Literal"
                           } ]
                        } ]
                     }
                  }
               }
            }
         }, {
            "localId" : "114",
            "locator" : "28:1-36:3",
            "name" : "Ischemic Stroke Encounters with Discharge Disposition",
            "context" : "Patient",
            "accessLevel" : "Public",
            "annotation" : [ {
               "type" : "Annotation",
               "s" : {
                  "r" : "114",
                  "s" : [ {
                     "value" : [ "","define ","\"Ischemic Stroke Encounters with Discharge Disposition\"",":\n  " ]
                  }, {
                     "r" : "113",
                     "s" : [ {
                        "value" : [ "( " ]
                     }, {
                        "r" : "113",
                        "s" : [ {
                           "value" : [ "( " ]
                        }, {
                           "r" : "113",
                           "s" : [ {
                              "s" : [ {
                                 "r" : "88",
                                 "s" : [ {
                                    "r" : "87",
                                    "s" : [ {
                                       "s" : [ {
                                          "value" : [ "\"Ischemic Stroke Encounter\"" ]
                                       } ]
                                    } ]
                                 }, {
                                    "value" : [ " ","IschemicStrokeEncounter" ]
                                 } ]
                              } ]
                           }, {
                              "value" : [ "\n        " ]
                           }, {
                              "r" : "112",
                              "s" : [ {
                                 "value" : [ "where " ]
                              }, {
                                 "r" : "112",
                                 "s" : [ {
                                    "r" : "107",
                                    "s" : [ {
                                       "r" : "102",
                                       "s" : [ {
                                          "r" : "97",
                                          "s" : [ {
                                             "r" : "92",
                                             "s" : [ {
                                                "r" : "90",
                                                "s" : [ {
                                                   "r" : "89",
                                                   "s" : [ {
                                                      "value" : [ "IschemicStrokeEncounter" ]
                                                   } ]
                                                }, {
                                                   "value" : [ "." ]
                                                }, {
                                                   "r" : "90",
                                                   "s" : [ {
                                                      "value" : [ "dischargeDisposition" ]
                                                   } ]
                                                } ]
                                             }, {
                                                "value" : [ " in " ]
                                             }, {
                                                "r" : "91",
                                                "s" : [ {
                                                   "value" : [ "\"Discharge To Acute Care Facility\"" ]
                                                } ]
                                             } ]
                                          }, {
                                             "value" : [ "\n          or " ]
                                          }, {
                                             "r" : "96",
                                             "s" : [ {
                                                "r" : "94",
                                                "s" : [ {
                                                   "r" : "93",
                                                   "s" : [ {
                                                      "value" : [ "IschemicStrokeEncounter" ]
                                                   } ]
                                                }, {
                                                   "value" : [ "." ]
                                                }, {
                                                   "r" : "94",
                                                   "s" : [ {
                                                      "value" : [ "dischargeDisposition" ]
                                                   } ]
                                                } ]
                                             }, {
                                                "value" : [ " in " ]
                                             }, {
                                                "r" : "95",
                                                "s" : [ {
                                                   "value" : [ "\"Left Against Medical Advice\"" ]
                                                } ]
                                             } ]
                                          } ]
                                       }, {
                                          "value" : [ "\n          or " ]
                                       }, {
                                          "r" : "101",
                                          "s" : [ {
                                             "r" : "99",
                                             "s" : [ {
                                                "r" : "98",
                                                "s" : [ {
                                                   "value" : [ "IschemicStrokeEncounter" ]
                                                } ]
                                             }, {
                                                "value" : [ "." ]
                                             }, {
                                                "r" : "99",
                                                "s" : [ {
                                                   "value" : [ "dischargeDisposition" ]
                                                } ]
                                             } ]
                                          }, {
                                             "value" : [ " in " ]
                                          }, {
                                             "r" : "100",
                                             "s" : [ {
                                                "value" : [ "\"Patient Expired\"" ]
                                             } ]
                                          } ]
                                       } ]
                                    }, {
                                       "value" : [ "\n          or " ]
                                    }, {
                                       "r" : "106",
                                       "s" : [ {
                                          "r" : "104",
                                          "s" : [ {
                                             "r" : "103",
                                             "s" : [ {
                                                "value" : [ "IschemicStrokeEncounter" ]
                                             } ]
                                          }, {
                                             "value" : [ "." ]
                                          }, {
                                             "r" : "104",
                                             "s" : [ {
                                                "value" : [ "dischargeDisposition" ]
                                             } ]
                                          } ]
                                       }, {
                                          "value" : [ " in " ]
                                       }, {
                                          "r" : "105",
                                          "s" : [ {
                                             "value" : [ "\"Discharged to Home for Hospice Care\"" ]
                                          } ]
                                       } ]
                                    } ]
                                 }, {
                                    "value" : [ "\n          or " ]
                                 }, {
                                    "r" : "111",
                                    "s" : [ {
                                       "r" : "109",
                                       "s" : [ {
                                          "r" : "108",
                                          "s" : [ {
                                             "value" : [ "IschemicStrokeEncounter" ]
                                          } ]
                                       }, {
                                          "value" : [ "." ]
                                       }, {
                                          "r" : "109",
                                          "s" : [ {
                                             "value" : [ "dischargeDisposition" ]
                                          } ]
                                       } ]
                                    }, {
                                       "value" : [ " in " ]
                                    }, {
                                       "r" : "110",
                                       "s" : [ {
                                          "value" : [ "\"Discharged to Health Care Facility for Hospice Care\"" ]
                                       } ]
                                    } ]
                                 } ]
                              } ]
                           } ]
                        }, {
                           "value" : [ "\n    )" ]
                        } ]
                     }, {
                        "value" : [ "\n  )" ]
                     } ]
                  } ]
               }
            } ],
            "expression" : {
               "localId" : "113",
               "locator" : "29:3-36:3",
               "type" : "Query",
               "source" : [ {
                  "localId" : "88",
                  "locator" : "29:7-29:57",
                  "alias" : "IschemicStrokeEncounter",
                  "expression" : {
                     "localId" : "87",
                     "locator" : "29:7-29:33",
                     "name" : "Ischemic Stroke Encounter",
                     "type" : "ExpressionRef"
                  }
               } ],
               "relationship" : [ ],
               "where" : {
                  "localId" : "112",
                  "locator" : "30:9-34:114",
                  "type" : "Or",
                  "operand" : [ {
                     "localId" : "107",
                     "locator" : "30:15-33:98",
                     "type" : "Or",
                     "operand" : [ {
                        "localId" : "102",
                        "locator" : "30:15-32:78",
                        "type" : "Or",
                        "operand" : [ {
                           "localId" : "97",
                           "locator" : "30:15-31:90",
                           "type" : "Or",
                           "operand" : [ {
                              "localId" : "92",
                              "locator" : "30:15-30:96",
                              "type" : "InValueSet",
                              "code" : {
                                 "localId" : "90",
                                 "locator" : "30:15-30:58",
                                 "path" : "dischargeDisposition",
                                 "scope" : "IschemicStrokeEncounter",
                                 "type" : "Property"
                              },
                              "valueset" : {
                                 "localId" : "91",
                                 "locator" : "30:63-30:96",
                                 "name" : "Discharge To Acute Care Facility",
                                 "type" : "ValueSetRef"
                              }
                           }, {
                              "localId" : "96",
                              "locator" : "31:14-31:90",
                              "type" : "InValueSet",
                              "code" : {
                                 "localId" : "94",
                                 "locator" : "31:14-31:57",
                                 "path" : "dischargeDisposition",
                                 "scope" : "IschemicStrokeEncounter",
                                 "type" : "Property"
                              },
                              "valueset" : {
                                 "localId" : "95",
                                 "locator" : "31:62-31:90",
                                 "name" : "Left Against Medical Advice",
                                 "type" : "ValueSetRef"
                              }
                           } ]
                        }, {
                           "localId" : "101",
                           "locator" : "32:14-32:78",
                           "type" : "InValueSet",
                           "code" : {
                              "localId" : "99",
                              "locator" : "32:14-32:57",
                              "path" : "dischargeDisposition",
                              "scope" : "IschemicStrokeEncounter",
                              "type" : "Property"
                           },
                           "valueset" : {
                              "localId" : "100",
                              "locator" : "32:62-32:78",
                              "name" : "Patient Expired",
                              "type" : "ValueSetRef"
                           }
                        } ]
                     }, {
                        "localId" : "106",
                        "locator" : "33:14-33:98",
                        "type" : "InValueSet",
                        "code" : {
                           "localId" : "104",
                           "locator" : "33:14-33:57",
                           "path" : "dischargeDisposition",
                           "scope" : "IschemicStrokeEncounter",
                           "type" : "Property"
                        },
                        "valueset" : {
                           "localId" : "105",
                           "locator" : "33:62-33:98",
                           "name" : "Discharged to Home for Hospice Care",
                           "type" : "ValueSetRef"
                        }
                     } ]
                  }, {
                     "localId" : "111",
                     "locator" : "34:14-34:114",
                     "type" : "InValueSet",
                     "code" : {
                        "localId" : "109",
                        "locator" : "34:14-34:57",
                        "path" : "dischargeDisposition",
                        "scope" : "IschemicStrokeEncounter",
                        "type" : "Property"
                     },
                     "valueset" : {
                        "localId" : "110",
                        "locator" : "34:62-34:114",
                        "name" : "Discharged to Health Care Facility for Hospice Care",
                        "type" : "ValueSetRef"
                     }
                  } ]
               }
            }
         }, {
            "localId" : "135",
            "locator" : "54:1-57:230",
            "name" : "Encounter with Comfort Measures during Hospitalization",
            "context" : "Patient",
            "accessLevel" : "Public",
            "annotation" : [ {
               "type" : "Annotation",
               "s" : {
                  "r" : "135",
                  "s" : [ {
                     "value" : [ "","define ","\"Encounter with Comfort Measures during Hospitalization\"",":\n  " ]
                  }, {
                     "r" : "134",
                     "s" : [ {
                        "s" : [ {
                           "r" : "116",
                           "s" : [ {
                              "r" : "115",
                              "s" : [ {
                                 "s" : [ {
                                    "value" : [ "\"Ischemic Stroke Encounter\"" ]
                                 } ]
                              } ]
                           }, {
                              "value" : [ " ","IschemicStrokeEncounter" ]
                           } ]
                        } ]
                     }, {
                        "value" : [ "\n    " ]
                     }, {
                        "r" : "133",
                        "s" : [ {
                           "value" : [ "with " ]
                        }, {
                           "r" : "118",
                           "s" : [ {
                              "r" : "117",
                              "s" : [ {
                                 "s" : [ {
                                    "value" : [ "\"Intervention Comfort Measures\"" ]
                                 } ]
                              } ]
                           }, {
                              "value" : [ " ","ComfortMeasure" ]
                           } ]
                        }, {
                           "value" : [ "\n      such that " ]
                        }, {
                           "r" : "132",
                           "s" : [ {
                              "r" : "128",
                              "s" : [ {
                                 "value" : [ "Coalesce","(" ]
                              }, {
                                 "r" : "125",
                                 "s" : [ {
                                    "value" : [ "start of " ]
                                 }, {
                                    "r" : "124",
                                    "s" : [ {
                                       "r" : "119",
                                       "s" : [ {
                                          "value" : [ "Global" ]
                                       } ]
                                    }, {
                                       "value" : [ "." ]
                                    }, {
                                       "r" : "124",
                                       "s" : [ {
                                          "value" : [ "\"NormalizeInterval\"","(" ]
                                       }, {
                                          "r" : "121",
                                          "s" : [ {
                                             "r" : "120",
                                             "s" : [ {
                                                "value" : [ "ComfortMeasure" ]
                                             } ]
                                          }, {
                                             "value" : [ "." ]
                                          }, {
                                             "r" : "121",
                                             "s" : [ {
                                                "value" : [ "relevantDatetime" ]
                                             } ]
                                          } ]
                                       }, {
                                          "value" : [ ", " ]
                                       }, {
                                          "r" : "123",
                                          "s" : [ {
                                             "r" : "122",
                                             "s" : [ {
                                                "value" : [ "ComfortMeasure" ]
                                             } ]
                                          }, {
                                             "value" : [ "." ]
                                          }, {
                                             "r" : "123",
                                             "s" : [ {
                                                "value" : [ "relevantPeriod" ]
                                             } ]
                                          } ]
                                       }, {
                                          "value" : [ ")" ]
                                       } ]
                                    } ]
                                 } ]
                              }, {
                                 "value" : [ ", " ]
                              }, {
                                 "r" : "127",
                                 "s" : [ {
                                    "r" : "126",
                                    "s" : [ {
                                       "value" : [ "ComfortMeasure" ]
                                    } ]
                                 }, {
                                    "value" : [ "." ]
                                 }, {
                                    "r" : "127",
                                    "s" : [ {
                                       "value" : [ "authorDatetime" ]
                                    } ]
                                 } ]
                              }, {
                                 "value" : [ ")" ]
                              } ]
                           }, {
                              "r" : "132",
                              "value" : [ "during"," " ]
                           }, {
                              "r" : "131",
                              "s" : [ {
                                 "r" : "129",
                                 "s" : [ {
                                    "value" : [ "Global" ]
                                 } ]
                              }, {
                                 "value" : [ "." ]
                              }, {
                                 "r" : "131",
                                 "s" : [ {
                                    "value" : [ "\"HospitalizationWithObservation\""," ( " ]
                                 }, {
                                    "r" : "130",
                                    "s" : [ {
                                       "value" : [ "IschemicStrokeEncounter" ]
                                    } ]
                                 }, {
                                    "value" : [ " )" ]
                                 } ]
                              } ]
                           } ]
                        } ]
                     } ]
                  } ]
               }
            } ],
            "expression" : {
               "localId" : "134",
               "locator" : "55:3-57:230",
               "type" : "Query",
               "source" : [ {
                  "localId" : "116",
                  "locator" : "55:3-55:53",
                  "alias" : "IschemicStrokeEncounter",
                  "expression" : {
                     "localId" : "115",
                     "locator" : "55:3-55:29",
                     "name" : "Ischemic Stroke Encounter",
                     "type" : "ExpressionRef"
                  }
               } ],
               "relationship" : [ {
                  "localId" : "133",
                  "locator" : "56:5-57:230",
                  "alias" : "ComfortMeasure",
                  "type" : "With",
                  "expression" : {
                     "localId" : "117",
                     "locator" : "56:10-56:40",
                     "name" : "Intervention Comfort Measures",
                     "type" : "ExpressionRef"
                  },
                  "suchThat" : {
                     "localId" : "132",
                     "locator" : "57:17-57:230",
                     "type" : "In",
                     "operand" : [ {
                        "localId" : "128",
                        "locator" : "57:17-57:156",
                        "type" : "Coalesce",
                        "operand" : [ {
                           "localId" : "125",
                           "locator" : "57:26-57:124",
                           "type" : "Start",
                           "operand" : {
                              "localId" : "124",
                              "locator" : "57:35-57:124",
                              "name" : "NormalizeInterval",
                              "libraryName" : "Global",
                              "type" : "FunctionRef",
                              "operand" : [ {
                                 "localId" : "121",
                                 "locator" : "57:62-57:92",
                                 "path" : "relevantDatetime",
                                 "scope" : "ComfortMeasure",
                                 "type" : "Property"
                              }, {
                                 "localId" : "123",
                                 "locator" : "57:95-57:123",
                                 "path" : "relevantPeriod",
                                 "scope" : "ComfortMeasure",
                                 "type" : "Property"
                              } ]
                           }
                        }, {
                           "localId" : "127",
                           "locator" : "57:127-57:155",
                           "path" : "authorDatetime",
                           "scope" : "ComfortMeasure",
                           "type" : "Property"
                        } ]
                     }, {
                        "localId" : "131",
                        "locator" : "57:164-57:230",
                        "name" : "HospitalizationWithObservation",
                        "libraryName" : "Global",
                        "type" : "FunctionRef",
                        "operand" : [ {
                           "localId" : "130",
                           "locator" : "57:206-57:228",
                           "name" : "IschemicStrokeEncounter",
                           "type" : "AliasRef"
                        } ]
                     } ]
                  }
               } ]
            }
         }, {
            "localId" : "142",
            "locator" : "68:1-69:81",
            "name" : "HospitalizationWithObservationLengthofStay",
            "context" : "Patient",
            "accessLevel" : "Public",
            "type" : "FunctionDef",
            "annotation" : [ {
               "type" : "Annotation",
               "s" : {
                  "r" : "142",
                  "s" : [ {
                     "value" : [ "","define function ","\"HospitalizationWithObservationLengthofStay\"","(","Encounter"," " ]
                  }, {
                     "r" : "136",
                     "s" : [ {
                        "value" : [ "\"Encounter, Performed\"" ]
                     } ]
                  }, {
                     "value" : [ " ):\n  " ]
                  }, {
                     "r" : "141",
                     "s" : [ {
                        "r" : "141",
                        "s" : [ {
                           "r" : "137",
                           "s" : [ {
                              "value" : [ "Global" ]
                           } ]
                        }, {
                           "value" : [ "." ]
                        }, {
                           "r" : "141",
                           "s" : [ {
                              "value" : [ "\"LengthInDays\""," ( " ]
                           }, {
                              "r" : "140",
                              "s" : [ {
                                 "r" : "138",
                                 "s" : [ {
                                    "value" : [ "Global" ]
                                 } ]
                              }, {
                                 "value" : [ "." ]
                              }, {
                                 "r" : "140",
                                 "s" : [ {
                                    "value" : [ "\"HospitalizationWithObservation\""," ( " ]
                                 }, {
                                    "r" : "139",
                                    "s" : [ {
                                       "value" : [ "Encounter" ]
                                    } ]
                                 }, {
                                    "value" : [ " )" ]
                                 } ]
                              } ]
                           }, {
                              "value" : [ " )" ]
                           } ]
                        } ]
                     } ]
                  } ]
               }
            } ],
            "expression" : {
               "localId" : "141",
               "locator" : "69:3-69:81",
               "name" : "LengthInDays",
               "libraryName" : "Global",
               "type" : "FunctionRef",
               "operand" : [ {
                  "localId" : "140",
                  "locator" : "69:27-69:79",
                  "name" : "HospitalizationWithObservation",
                  "libraryName" : "Global",
                  "type" : "FunctionRef",
                  "operand" : [ {
                     "localId" : "139",
                     "locator" : "69:69-69:77",
                     "name" : "Encounter",
                     "type" : "OperandRef"
                  } ]
               } ]
            },
            "operand" : [ {
               "name" : "Encounter",
               "operandTypeSpecifier" : {
                  "localId" : "136",
                  "locator" : "68:72-68:93",
                  "name" : "{urn:healthit-gov:qdm:v5_6}PositiveEncounterPerformed",
                  "type" : "NamedTypeSpecifier"
               }
            } ]
         }, {
            "localId" : "157",
            "locator" : "71:1-72:100",
            "name" : "ToDate",
            "context" : "Patient",
            "accessLevel" : "Public",
            "type" : "FunctionDef",
            "annotation" : [ {
               "type" : "Annotation",
               "s" : {
                  "r" : "157",
                  "s" : [ {
                     "value" : [ "","define function ","\"ToDate\"","(","Value"," " ]
                  }, {
                     "r" : "143",
                     "s" : [ {
                        "value" : [ "DateTime" ]
                     } ]
                  }, {
                     "value" : [ " ):\n  " ]
                  }, {
                     "r" : "156",
                     "s" : [ {
                        "r" : "156",
                        "s" : [ {
                           "value" : [ "DateTime","(" ]
                        }, {
                           "r" : "145",
                           "s" : [ {
                              "value" : [ "year from " ]
                           }, {
                              "r" : "144",
                              "s" : [ {
                                 "value" : [ "Value" ]
                              } ]
                           } ]
                        }, {
                           "value" : [ ", " ]
                        }, {
                           "r" : "147",
                           "s" : [ {
                              "value" : [ "month from " ]
                           }, {
                              "r" : "146",
                              "s" : [ {
                                 "value" : [ "Value" ]
                              } ]
                           } ]
                        }, {
                           "value" : [ ", " ]
                        }, {
                           "r" : "149",
                           "s" : [ {
                              "value" : [ "day from " ]
                           }, {
                              "r" : "148",
                              "s" : [ {
                                 "value" : [ "Value" ]
                              } ]
                           } ]
                        }, {
                           "r" : "150",
                           "value" : [ ", ","0",", ","0",", ","0",", ","0",", " ]
                        }, {
                           "r" : "155",
                           "s" : [ {
                              "value" : [ "timezoneoffset from " ]
                           }, {
                              "r" : "154",
                              "s" : [ {
                                 "value" : [ "Value" ]
                              } ]
                           } ]
                        }, {
                           "value" : [ ")" ]
                        } ]
                     } ]
                  } ]
               }
            } ],
            "expression" : {
               "localId" : "156",
               "locator" : "72:3-72:100",
               "type" : "DateTime",
               "year" : {
                  "localId" : "145",
                  "locator" : "72:12-72:26",
                  "precision" : "Year",
                  "type" : "DateTimeComponentFrom",
                  "operand" : {
                     "localId" : "144",
                     "locator" : "72:22-72:26",
                     "name" : "Value",
                     "type" : "OperandRef"
                  }
               },
               "month" : {
                  "localId" : "147",
                  "locator" : "72:29-72:44",
                  "precision" : "Month",
                  "type" : "DateTimeComponentFrom",
                  "operand" : {
                     "localId" : "146",
                     "locator" : "72:40-72:44",
                     "name" : "Value",
                     "type" : "OperandRef"
                  }
               },
               "day" : {
                  "localId" : "149",
                  "locator" : "72:47-72:60",
                  "precision" : "Day",
                  "type" : "DateTimeComponentFrom",
                  "operand" : {
                     "localId" : "148",
                     "locator" : "72:56-72:60",
                     "name" : "Value",
                     "type" : "OperandRef"
                  }
               },
               "hour" : {
                  "localId" : "150",
                  "locator" : "72:63",
                  "valueType" : "{urn:hl7-org:elm-types:r1}Integer",
                  "value" : "0",
                  "type" : "Literal"
               },
               "minute" : {
                  "localId" : "151",
                  "locator" : "72:66",
                  "valueType" : "{urn:hl7-org:elm-types:r1}Integer",
                  "value" : "0",
                  "type" : "Literal"
               },
               "second" : {
                  "localId" : "152",
                  "locator" : "72:69",
                  "valueType" : "{urn:hl7-org:elm-types:r1}Integer",
                  "value" : "0",
                  "type" : "Literal"
               },
               "millisecond" : {
                  "localId" : "153",
                  "locator" : "72:72",
                  "valueType" : "{urn:hl7-org:elm-types:r1}Integer",
                  "value" : "0",
                  "type" : "Literal"
               },
               "timezoneOffset" : {
                  "localId" : "155",
                  "locator" : "72:75-72:99",
                  "type" : "TimezoneOffsetFrom",
                  "operand" : {
                     "localId" : "154",
                     "locator" : "72:95-72:99",
                     "name" : "Value",
                     "type" : "OperandRef"
                  }
               }
            },
            "operand" : [ {
               "name" : "Value",
               "operandTypeSpecifier" : {
                  "localId" : "143",
                  "locator" : "71:32-71:39",
                  "name" : "{urn:hl7-org:elm-types:r1}DateTime",
                  "type" : "NamedTypeSpecifier"
               }
            } ]
         }, {
            "localId" : "166",
            "locator" : "74:1-75:63",
            "name" : "CalendarDayOfOrDayAfter",
            "context" : "Patient",
            "accessLevel" : "Public",
            "type" : "FunctionDef",
            "annotation" : [ {
               "type" : "Annotation",
               "s" : {
                  "r" : "166",
                  "s" : [ {
                     "value" : [ "","define function ","\"CalendarDayOfOrDayAfter\"","(","StartValue"," " ]
                  }, {
                     "r" : "158",
                     "s" : [ {
                        "value" : [ "DateTime" ]
                     } ]
                  }, {
                     "value" : [ " ):\n  " ]
                  }, {
                     "r" : "165",
                     "s" : [ {
                        "r" : "165",
                        "s" : [ {
                           "value" : [ "Interval[" ]
                        }, {
                           "r" : "160",
                           "s" : [ {
                              "value" : [ "\"ToDate\"","(" ]
                           }, {
                              "r" : "159",
                              "s" : [ {
                                 "value" : [ "StartValue" ]
                              } ]
                           }, {
                              "value" : [ ")" ]
                           } ]
                        }, {
                           "value" : [ ", " ]
                        }, {
                           "r" : "164",
                           "s" : [ {
                              "value" : [ "\"ToDate\"","(" ]
                           }, {
                              "r" : "163",
                              "s" : [ {
                                 "r" : "161",
                                 "s" : [ {
                                    "value" : [ "StartValue" ]
                                 } ]
                              }, {
                                 "value" : [ " + " ]
                              }, {
                                 "r" : "162",
                                 "s" : [ {
                                    "value" : [ "2 ","days" ]
                                 } ]
                              } ]
                           }, {
                              "value" : [ ")" ]
                           } ]
                        }, {
                           "value" : [ ")" ]
                        } ]
                     } ]
                  } ]
               }
            } ],
            "expression" : {
               "localId" : "165",
               "locator" : "75:3-75:63",
               "lowClosed" : true,
               "highClosed" : false,
               "type" : "Interval",
               "low" : {
                  "localId" : "160",
                  "locator" : "75:12-75:31",
                  "name" : "ToDate",
                  "type" : "FunctionRef",
                  "operand" : [ {
                     "localId" : "159",
                     "locator" : "75:21-75:30",
                     "name" : "StartValue",
                     "type" : "OperandRef"
                  } ]
               },
               "high" : {
                  "localId" : "164",
                  "locator" : "75:34-75:62",
                  "name" : "ToDate",
                  "type" : "FunctionRef",
                  "operand" : [ {
                     "localId" : "163",
                     "locator" : "75:43-75:61",
                     "type" : "Add",
                     "operand" : [ {
                        "localId" : "161",
                        "locator" : "75:43-75:52",
                        "name" : "StartValue",
                        "type" : "OperandRef"
                     }, {
                        "localId" : "162",
                        "locator" : "75:56-75:61",
                        "value" : 2,
                        "unit" : "days",
                        "type" : "Quantity"
                     } ]
                  } ]
               }
            },
            "operand" : [ {
               "name" : "StartValue",
               "operandTypeSpecifier" : {
                  "localId" : "158",
                  "locator" : "74:54-74:61",
                  "name" : "{urn:hl7-org:elm-types:r1}DateTime",
                  "type" : "NamedTypeSpecifier"
               }
            } ]
         } ]
      }
   }
}