<?xml version="1.0" encoding="UTF-8" standalone="yes"?>
<QualityMeasureDocument xmlns="urn:hl7-org:v3" xmlns:cql-ext="urn:hhs-cql:hqmf-n1-extensions:v1"
                        xmlns:xsi="http://www.w3.org/2001/XMLSchema-instance">

      <!--
            **************************************************************
            Measure Details Section
            **************************************************************
        -->

      <typeId extension="POQM_HD000001UV02" root="2.16.840.1.113883.1.3"/>
   <templateId>
      <item extension="2021-02-01" root="2.16.840.1.113883.10.20.28.1.2"/>
   </templateId>
   <id root="2c928083-7ace-2267-017a-ee63eec40965"/>
   <code code="57024-2" codeSystem="2.16.840.1.113883.6.1">
      <displayName value="Health Quality Measure Document"/>
   </code>
   <title
          value="Risk-Standardized Inpatient Respiratory Depression Rate Following Elective Primary Total Hip Arthroplasty (THA) And/Or Total Knee Arthroplasty (TKA) eCQM"/>
   <text
         value="This eCQM estimates the risk-standardized inpatient induced respiratory depression (IRD) rate following elective primary total hip arthroplasty (THA) and/or total knee arthroplasty (TKA) at the clinician group level for adults 18 years and older. Respiratory depression will be defined using diagnostic and procedure codes documented during the index hospital admission. Given that this is a Merit-based Incentivize Payment System (MIPS) measure, the target population is patients 18 years and older across all payers."/>
   <statusCode code="COMPLETED"/>
   <setId root="3b7c96a3-0537-4976-961e-e4de7cbadc57"/>
   <versionNumber value="1.1.000"/>
   <author>
      <responsibleParty classCode="ASSIGNED">
         <representedResponsibleOrganization classCode="ORG" determinerCode="INSTANCE">
            <id>
               <item root="d30be14c-fd58-4e52-afbc-a09f733789ba"/>
            </id>
            <name>
               <item>
                  <part value="Brigham and Womens Health"/>
               </item>
            </name>
         </representedResponsibleOrganization>
      </responsibleParty>
   </author>
   <custodian>
      <responsibleParty classCode="ASSIGNED">
         <representedResponsibleOrganization classCode="ORG" determinerCode="INSTANCE">
            <id>
               <item root="188"/>
            </id>
            <name>
               <item>
                  <part value="Brigham and Womens Health"/>
               </item>
            </name>
         </representedResponsibleOrganization>
      </responsibleParty>
   </custodian>
   <!--Encounter Inpatient-->
     	 <definition>
      <valueSet classCode="OBS" moodCode="DEF">
         <id root="2.16.840.1.113883.3.666.5.307"/>
         <title value="Encounter Inpatient"/>
      </valueSet>
   </definition>
   <!--Payer-->
     	 <definition>
      <valueSet classCode="OBS" moodCode="DEF">
         <id root="2.16.840.1.114222.4.11.3591"/>
         <title value="Payer"/>
      </valueSet>
   </definition>
   <!--Tobacco Use Screening-->
     	 <definition>
      <valueSet classCode="OBS" moodCode="DEF">
         <id root="2.16.840.1.113883.3.526.3.1278"/>
         <title value="Tobacco Use Screening"/>
      </valueSet>
   </definition>
   <!--ONC Administrative Sex-->
     	 <definition>
      <valueSet classCode="OBS" moodCode="DEF">
         <id root="2.16.840.1.113762.1.4.1"/>
         <title value="ONC Administrative Sex"/>
      </valueSet>
   </definition>
   <!--Total Hip, Total Knee Replacement-->
     	 <definition>
      <valueSet classCode="OBS" moodCode="DEF">
         <id root="2.16.840.1.113762.1.4.1029.96"/>
         <title value="Total Hip, Total Knee Replacement"/>
      </valueSet>
   </definition>
   <!--Nonprimary Total Hip, Total Knee Replacement-->
     	 <definition>
      <valueSet classCode="OBS" moodCode="DEF">
         <id root="2.16.840.1.113762.1.4.1206.5"/>
         <title value="Nonprimary Total Hip, Total Knee Replacement"/>
      </valueSet>
   </definition>
   <!--Fracture Exclusions For Hip And Knee Procedures-->
     	 <definition>
      <valueSet classCode="OBS" moodCode="DEF">
         <id root="2.16.840.1.113762.1.4.1206.2"/>
         <title value="Fracture Exclusions For Hip And Knee Procedures"/>
      </valueSet>
   </definition>
   <!--Comorbidity Risk Factors-->
     	 <definition>
      <valueSet classCode="OBS" moodCode="DEF">
         <id root="2.16.840.1.113762.1.4.1206.13"/>
         <title value="Comorbidity Risk Factors"/>
      </valueSet>
   </definition>
   <!--Body Mass Index (BMI) Ratio-->
     	 <definition>
      <valueSet classCode="OBS" moodCode="DEF">
         <id root="2.16.840.1.113883.3.3616.200.110.102.5010"/>
         <title value="Body Mass Index (BMI) Ratio"/>
      </valueSet>
   </definition>
   <!--Mechanical Complications Related To Hip and Knee Procedures-->
     	 <definition>
      <valueSet classCode="OBS" moodCode="DEF">
         <id root="2.16.840.1.113762.1.4.1206.1"/>
         <title value="Mechanical Complications Related To Hip and Knee Procedures"/>
      </valueSet>
   </definition>
   <!--Malignant Neoplasm Complications Related To Hip and Knee Procedures-->
     	 <definition>
      <valueSet classCode="OBS" moodCode="DEF">
         <id root="2.16.840.1.113762.1.4.1206.7"/>
         <title value="Malignant Neoplasm Complications Related To Hip and Knee Procedures"/>
      </valueSet>
   </definition>
   <!--Ethnicity-->
     	 <definition>
      <valueSet classCode="OBS" moodCode="DEF">
         <id root="2.16.840.1.114222.4.11.837"/>
         <title value="Ethnicity"/>
      </valueSet>
   </definition>
   <!--Oxygen Saturation in Arterial Blood by Pulse Oximetry-->
     	 <definition>
      <valueSet classCode="OBS" moodCode="DEF">
         <id root="2.16.840.1.113762.1.4.1045.151"/>
         <title value="Oxygen Saturation in Arterial Blood by Pulse Oximetry"/>
      </valueSet>
   </definition>
   <!--Acute Respiratory Failure-->
     	 <definition>
      <valueSet classCode="OBS" moodCode="DEF">
         <id root="2.16.840.1.113762.1.4.1206.18"/>
         <title value="Acute Respiratory Failure"/>
      </valueSet>
   </definition>
   <!--Race-->
     	 <definition>
      <valueSet classCode="OBS" moodCode="DEF">
         <id root="2.16.840.1.114222.4.11.836"/>
         <title value="Race"/>
      </valueSet>
   </definition>
   <!--Endotracheal Intubation-->
     	 <definition>
      <valueSet classCode="OBS" moodCode="DEF">
         <id root="2.16.840.1.113762.1.4.1045.69"/>
         <title value="Endotracheal Intubation"/>
      </valueSet>
   </definition>
   <!--Need for Ventilator-->
     	 <definition>
      <valueSet classCode="OBS" moodCode="DEF">
         <id root="2.16.840.1.113762.1.4.1045.82"/>
         <title value="Need for Ventilator"/>
      </valueSet>
   </definition>
   <!--Transfer From Acute Care Hospital-->
     	 <definition>
      <valueSet classCode="OBS" moodCode="DEF">
         <id root="2.16.840.1.113883.13.190.5.43"/>
         <title value="Transfer From Acute Care Hospital"/>
      </valueSet>
   </definition>
   <!--Current Smoking Tobacco User-->
     	 <definition>
      <valueSet classCode="OBS" moodCode="DEF">
         <id root="2.16.840.1.113762.1.4.1111.99"/>
         <title value="Current Smoking Tobacco User"/>
      </valueSet>
   </definition>
   <!--Left Against Medical Advice-->
     	 <definition>
      <valueSet classCode="OBS" moodCode="DEF">
         <id root="2.16.840.1.113883.3.117.1.7.1.308"/>
         <title value="Left Against Medical Advice"/>
      </valueSet>
   </definition>
   <!--Language.primary-CODE:/CodeSystem/LOINC/Version/2.69/Code/45402-5/Info-->
      <definition>
      <cql-ext:code code="45402-5" codeSystem="2.16.840.1.113883.6.1" codeSystemName="LOINC">
         <displayName value="Language.primary"/>
      </cql-ext:code>
   </definition>
   <!--Postal code [Location]-CODE:/CodeSystem/LOINC/Version/2.69/Code/45401-7/Info-->
      <definition>
      <cql-ext:code code="45401-7" codeSystem="2.16.840.1.113883.6.1" codeSystemName="LOINC">
         <displayName value="Postal code [Location]"/>
      </cql-ext:code>
   </definition>
   <relatedDocument typeCode="COMP">
      <expressionDocument>
         <id root="40D43F71-910C-4DD7-9F7F-3AFD2F67B6E2"/>
         <text mediaType="text/cql">
            <reference value="https://emeasuretool.cms.gov/libraries/3b7c96a3-0537-4976-961e-e4de7cbadc57/RiskStandardizedInpatientRespiratoryDepressionRate-1.1.000.cql"/>
            <translation mediaType="application/elm+xml">
               <reference value="https://emeasuretool.cms.gov/libraries/3b7c96a3-0537-4976-961e-e4de7cbadc57/RiskStandardizedInpatientRespiratoryDepressionRate-1.1.000.xml"/>
            </translation>
            <translation mediaType="application/elm+json">
               <reference value="https://emeasuretool.cms.gov/libraries/3b7c96a3-0537-4976-961e-e4de7cbadc57/RiskStandardizedInpatientRespiratoryDepressionRate-1.1.000.json"/>
            </translation>
         </text>
         <setId extension="3b7c96a3-0537-4976-961e-e4de7cbadc57"
                identifierName="RiskStandardizedInpatientRespiratoryDepressionRate"
                root="https://emeasuretool.cms.gov/libraries"/>
         <versionNumber value="1.1.000"/>
      </expressionDocument>
   </relatedDocument>
   <relatedDocument typeCode="COMP">
      <expressionDocument>
         <id root="2c9280827a14d92c017a1fa6bf580674"/>
         <text mediaType="text/cql">
            <reference value="https://emeasuretool.cms.gov/libraries/8bdc0a19-b210-4a58-8a07-f5d95a34eca9/MATGlobalCommonFunctions-6.3.000.cql"/>
            <translation mediaType="application/elm+xml">
               <reference value="https://emeasuretool.cms.gov/libraries/8bdc0a19-b210-4a58-8a07-f5d95a34eca9/MATGlobalCommonFunctions-6.3.000.xml"/>
            </translation>
            <translation mediaType="application/elm+json">
               <reference value="https://emeasuretool.cms.gov/libraries/8bdc0a19-b210-4a58-8a07-f5d95a34eca9/MATGlobalCommonFunctions-6.3.000.json"/>
            </translation>
         </text>
         <setId extension="8bdc0a19-b210-4a58-8a07-f5d95a34eca9"
                identifierName="MATGlobalCommonFunctions"
                root="https://emeasuretool.cms.gov/libraries"/>
         <versionNumber value="6.3.000"/>
      </expressionDocument>
   </relatedDocument>
   <controlVariable>
      <measurePeriod>
         <id extension="measureperiod" root="40b855f1-d90a-4a40-a317-4fb63c1ee2b1"/>
         <code code="MSRTP" codeSystem="2.16.840.1.113883.5.4">
            <originalText value="Measurement Period"/>
         </code>
         <value xsi:type="PIVL_TS">
            <phase highClosed="true" lowClosed="true">
               <low value="20210101"/>
               <width unit="a" value="1" xsi:type="PQ"/>
            </phase>
            <period unit="a" value="1"/>
         </value>
      </measurePeriod>
   </controlVariable>
   <subjectOf>
      <measureAttribute>
         <code nullFlavor="OTH">
            <originalText value="eCQM Identifier (Measure Authoring Tool)"/>
         </code>
         <value mediaType="text/plain" value="1030" xsi:type="ED"/>
      </measureAttribute>
   </subjectOf>
   <subjectOf>
      <measureAttribute>
         <code nullFlavor="OTH">
            <originalText value="NQF Number"/>
         </code>
         <value mediaType="text/plain" value="Not Applicable" xsi:type="ED"/>
      </measureAttribute>
   </subjectOf>
   <subjectOf>
      <measureAttribute>
         <code code="COPY" codeSystem="2.16.840.1.113883.5.4">
            <displayName value="Copyright"/>
         </code>
         <value mediaType="text/plain"
                value="This electronic Clinical Quality Measure (eCQM) and related data specifications are owned and stewarded by the Centers for Medicare &amp; Medicaid Services (CMS). CMS contracted (Contract 1V1CMS331637-01-00) with the Brigham and Women's Hospital (BWH) to develop this electronic measure. BWH is not responsible for any use of the Measure. BWH makes no representations, warranties, or endorsement about the quality of any organization or physician that uses or reports performance measures and BWH has no liability to anyone who relies on such measures or specifications."
                xsi:type="ED"/>
      </measureAttribute>
   </subjectOf>
   <subjectOf>
      <measureAttribute>
         <code code="DISC" codeSystem="2.16.840.1.113883.5.4">
            <displayName value="Disclaimer"/>
         </code>
         <value mediaType="text/plain"
                value="The performance Measure is not a clinical guideline and does not establish a standard of medical care, and has not been tested for all potential applications. THE MEASURE AND SPECIFICATIONS ARE PROVIDED &quot;AS IS&quot; WITHOUT WARRANTY OF ANY KIND."
                xsi:type="ED"/>
      </measureAttribute>
   </subjectOf>
   <subjectOf>
      <measureAttribute>
         <code code="MSRSCORE" codeSystem="2.16.840.1.113883.5.4">
            <displayName value="Measure Scoring"/>
         </code>
         <value code="PROPOR" codeSystem="2.16.840.1.113883.5.1063" xsi:type="CD">
            <displayName value="Proportion"/>
         </value>
      </measureAttribute>
   </subjectOf>
   <subjectOf>
      <measureAttribute>
         <code code="MSRTYPE" codeSystem="2.16.840.1.113883.5.4">
            <displayName value="Measure Type"/>
         </code>
         <value code="OUTCOME" codeSystem="2.16.840.1.113883.5.1063" xsi:type="CD">
            <displayName value="OUTCOME"/>
         </value>
      </measureAttribute>
   </subjectOf>
   <subjectOf>
      <measureAttribute>
         <code code="STRAT" codeSystem="2.16.840.1.113883.5.4">
            <displayName value="Stratification"/>
         </code>
         <value mediaType="text/plain" value="None" xsi:type="ED"/>
      </measureAttribute>
   </subjectOf>
   <subjectOf>
      <measureAttribute>
         <code code="MSRADJ" codeSystem="2.16.840.1.113883.5.4">
            <displayName value="Risk Adjustment"/>
         </code>
         <value mediaType="text/plain"
                value="This measure’s risk-adjustment model utilizes the number of procedures, age, comorbid conditions, sex, body mass  index (BMI), smoking status, race, postal code and language."
                xsi:type="ED"/>
      </measureAttribute>
   </subjectOf>
   <subjectOf>
      <measureAttribute>
         <code code="MSRAGG" codeSystem="2.16.840.1.113883.5.4">
            <displayName value="Rate Aggregation"/>
         </code>
         <value mediaType="text/plain"
                value="This is an outcome measure. The rate is calculated via the following equation: (numerator/denominator)"
                xsi:type="ED"/>
      </measureAttribute>
   </subjectOf>
   <subjectOf>
      <measureAttribute>
         <code code="RAT" codeSystem="2.16.840.1.113883.5.4">
            <displayName value="Rationale"/>
         </code>
         <value mediaType="text/plain"
                value="Per the Gap Analysis performed by the Health Services Advisory Group (HSAG) and reported in the CMS Quality Measure Development Plan, orthopedics has measurement gaps areas throughout the CMS quality Domains.&#xA;&#xA;This eCQM will be using routinely documented EHR data to track IRD events. Thus it has the ability to promote quality improvements without adding burden to the clinicians. This real-time efficiency impacts patient care by promoting continuous quality improvement. This is important step forward as THA/TKAs are the most common implant surgeries performed on Medicare beneficiaries (1) and are increasingly performed for younger and more active recipients (2). In 2018, over 650,000 primary TKA and 374,000 THA surgeries were performed in the United States with a projected volume increase of over 100% in the next decade (3-5). Although IRD following THA and TKA is relatively rare, it can be very serious when it occurs. IRD is a potential complication following surgery and the administration of general anesthesia. Without careful monitoring and immediate action, IRD places patients at risk for brain hypoxia (decrease in oxygen supply), anoxia (absence of oxygen supply), severe brain damage, cardiac arrest, and death (6). Post-operative IRD has been associated with significantly longer hospital stays depending on severity (50-500%) and a 10-20x times higher rate of inpatient mortality (7-9).&#xA;&#xA;This measure will ideally improve patient outcomes, patient safety, and strengthen incentives for quality improvement. By providing ongoing patient outcome data that can be used in near real time to improve practice, we hope this eCQM will lower healthcare costs associated with respiratory depression events."
                xsi:type="ED"/>
      </measureAttribute>
   </subjectOf>
   <subjectOf>
      <measureAttribute>
         <code code="CRS" codeSystem="2.16.840.1.113883.5.4">
            <displayName value="Clinical Recommendation Statement"/>
         </code>
         <value mediaType="text/plain" value="See Rationale and Description" xsi:type="ED"/>
      </measureAttribute>
   </subjectOf>
   <subjectOf>
      <measureAttribute>
         <code code="IDUR" codeSystem="2.16.840.1.113883.5.4">
            <displayName value="Improvement Notation"/>
         </code>
         <value mediaType="text/plain"
                value="A lower inpatient respiratory depression rate is indicative of better quality."
                xsi:type="ED"/>
      </measureAttribute>
   </subjectOf>
   <subjectOf>
      <measureAttribute>
         <code code="REF" codeSystem="2.16.840.1.113883.5.4">
            <displayName value="Reference"/>
         </code>
         <value mediaType="text/plain"
                value="CITATION1.&#x9;CMS. 2016. Medicare Program, Federal Register November 15, 2016."
                xsi:type="ED"/>
      </measureAttribute>
   </subjectOf>
   <subjectOf>
      <measureAttribute>
         <code code="REF" codeSystem="2.16.840.1.113883.5.4">
            <displayName value="Reference"/>
         </code>
         <value mediaType="text/plain"
                value="CITATION2.&#x9;CMS, Comprehensive Care for Joint Replacement Model, CMS.gov. https://innovation.cms.gov/initiatives/CJR. Updated 2/11/2019."
                xsi:type="ED"/>
      </measureAttribute>
   </subjectOf>
   <subjectOf>
      <measureAttribute>
         <code code="REF" codeSystem="2.16.840.1.113883.5.4">
            <displayName value="Reference"/>
         </code>
         <value mediaType="text/plain"
                value="CITATION3.&#x9;Bozic KJ. Fifth AJRR Annual Report on Hip and Knee Arthroplasty Data. Amer. Joint Replacement Registry, Rosemont, IL, USA, Annu. Rep. 2018."
                xsi:type="ED"/>
      </measureAttribute>
   </subjectOf>
   <subjectOf>
      <measureAttribute>
         <code code="REF" codeSystem="2.16.840.1.113883.5.4">
            <displayName value="Reference"/>
         </code>
         <value mediaType="text/plain"
                value="CITATION4.&#x9;Inacio CS, Paxton EW, Graves SE, Namba RS, Nemes S. Projected increase in total knee arthroplasty in the United States–an alternative projection model. Osteoarthritis and cartilage. 2017 25(11), pp.1797-1803."
                xsi:type="ED"/>
      </measureAttribute>
   </subjectOf>
   <subjectOf>
      <measureAttribute>
         <code code="REF" codeSystem="2.16.840.1.113883.5.4">
            <displayName value="Reference"/>
         </code>
         <value mediaType="text/plain"
                value="CITATION5.&#x9;Singh, J. A., Yu, S., Chen, L., &amp; Cleveland, J. D. (2019). Rates of Total Joint Replacement in the United States: Future Projections to 2020–2040 Using the National Inpatient Sample. The Journal of Rheumatology, 46(9), 1134-1140. doi:10.3899/jrheum.170990"
                xsi:type="ED"/>
      </measureAttribute>
   </subjectOf>
   <subjectOf>
      <measureAttribute>
         <code code="REF" codeSystem="2.16.840.1.113883.5.4">
            <displayName value="Reference"/>
         </code>
         <value mediaType="text/plain"
                value="CITATION6.&#x9;Miskovic A, Lumb A. (2017). Postoperative pulmonary complications. British Journal of Anaesthesia. 118(3):317-334."
                xsi:type="ED"/>
      </measureAttribute>
   </subjectOf>
   <subjectOf>
      <measureAttribute>
         <code code="REF" codeSystem="2.16.840.1.113883.5.4">
            <displayName value="Reference"/>
         </code>
         <value mediaType="text/plain"
                value="CITATION7.&#x9;Canet J, et al. (2015). Development and validation of a score to predict postoperative respiratory failure in a multicentre European cohort. European Journal of Anaesthesiology. 32(7):458-470."
                xsi:type="ED"/>
      </measureAttribute>
   </subjectOf>
   <subjectOf>
      <measureAttribute>
         <code code="REF" codeSystem="2.16.840.1.113883.5.4">
            <displayName value="Reference"/>
         </code>
         <value mediaType="text/plain"
                value="CITATION8.&#x9;Fernandez-Bustamante A, et al. (2017). Complications, Early Mortality, and Hospital Stay Following Noncardiothoracic Surgery. JAMA Surgery.152(2):157."
                xsi:type="ED"/>
      </measureAttribute>
   </subjectOf>
   <subjectOf>
      <measureAttribute>
         <code code="REF" codeSystem="2.16.840.1.113883.5.4">
            <displayName value="Reference"/>
         </code>
         <value mediaType="text/plain"
                value="CITATION9.&#x9;Mazo V, et al. (2014) Prospective External Validation of a Predictive Score for Postoperative Pulmonary Complications. Anesthesiology. 121(2):219-231."
                xsi:type="ED"/>
      </measureAttribute>
   </subjectOf>
   <subjectOf>
      <measureAttribute>
         <code code="DEF" codeSystem="2.16.840.1.113883.5.4">
            <displayName value="Definition"/>
         </code>
         <value mediaType="text/plain"
                value="Elective primary THA/TKA procedures are defined as those procedures without any of the following:&#xA;•&#x9;Femur, hip, or pelvic fractures coded in the billing diagnosis field from any hospital encounters within 3 months prior to the date of procedure. &#xA;•&#x9;Partial hip arthroplasty (PHA) procedures (with a concurrent THA/TKA); partial knee arthroplasty procedures are not distinguished by ICD9 codes and are currently captured by the THA/TKA measure&#xA;•&#x9;Revision procedures with a concurrent THA/TKA&#xA;•&#x9;Resurfacing procedures with a concurrent THA/TKA&#xA;•&#x9;Mechanical complication coded in the billing diagnosis field from any hospital encounters within 3 months prior to the date of procedure. &#xA;•&#x9;Malignant neoplasm of the pelvis, sacrum, coccyx, lower limbs, or bone/bone marrow or a disseminated malignant neoplasm coded in the billing diagnosis field from any hospital encounters within 3 months prior to the date of procedure. &#xA;•&#x9;Removal of implanted devices/prostheses&#xA;•&#x9;Transfer status from another acute care facility for the THA/TKA"
                xsi:type="ED"/>
      </measureAttribute>
   </subjectOf>
   <subjectOf>
      <measureAttribute>
         <code code="GUIDE" codeSystem="2.16.840.1.113883.5.4">
            <displayName value="Guidance"/>
         </code>
         <value mediaType="text/plain" value="N/A" xsi:type="ED"/>
      </measureAttribute>
   </subjectOf>
   <subjectOf>
      <measureAttribute>
         <code code="TRANF" codeSystem="2.16.840.1.113883.5.4">
            <displayName value="Transmission Format"/>
         </code>
         <value mediaType="text/plain" value="TBD" xsi:type="ED"/>
      </measureAttribute>
   </subjectOf>
   <subjectOf>
      <measureAttribute>
         <code code="IPOP" codeSystem="2.16.840.1.113883.5.4">
            <displayName value="Initial Population"/>
         </code>
         <value mediaType="text/plain"
                value="To be included in the measure cohort for analysis, patients must meet the following inclusion criteria. &#xA;1.&#x9;Aged 18 or older on the date of procedure&#xA;2.&#x9;Having a qualifying elective primary THA/TKA procedure (inpatient setting only)"
                xsi:type="ED"/>
      </measureAttribute>
   </subjectOf>
   <subjectOf>
      <measureAttribute>
         <code code="DENOM" codeSystem="2.16.840.1.113883.5.4">
            <displayName value="Denominator"/>
         </code>
         <value mediaType="text/plain" value="Equals to the initial population." xsi:type="ED"/>
      </measureAttribute>
   </subjectOf>
   <subjectOf>
      <measureAttribute>
         <code code="DENEX" codeSystem="2.16.840.1.113883.5.4">
            <displayName value="Denominator Exclusions"/>
         </code>
         <value mediaType="text/plain"
                value="•&#x9;Discharged against medical advice (AMA); or&#xA;•&#x9;Who had more than two THA/TKA procedure codes during the index hospitalization.&#xA;•&#x9;Non-elective primary THA/TKA procedures– as defined above"
                xsi:type="ED"/>
      </measureAttribute>
   </subjectOf>
   <subjectOf>
      <measureAttribute>
         <code code="NUMER" codeSystem="2.16.840.1.113883.5.4">
            <displayName value="Numerator"/>
         </code>
         <value mediaType="text/plain"
                value="Patients with documented diagnostic codes for respiratory depression or procedure codes for mechanical ventilation, or reintubation related to respiratory depression with a documented opioid administration in the preceding 24 hours during the index hospitalization for THA or TKA. The measure only applies to inpatient procedures. The postoperative period is defined as starting on the day of the procedure and ending on the day of hospital discharge. The outcome is dichotomous (i.e., yes/no). If a patient experiences IRD one or more times during the index hospitalization, the outcome for that patient is measured as a “yes,” and the patient is included in the numerator."
                xsi:type="ED"/>
      </measureAttribute>
   </subjectOf>
   <subjectOf>
      <measureAttribute>
         <code code="NUMEX" codeSystem="2.16.840.1.113883.5.4">
            <displayName value="Numerator Exclusions"/>
         </code>
         <value mediaType="text/plain" value="None" xsi:type="ED"/>
      </measureAttribute>
   </subjectOf>
   <subjectOf>
      <measureAttribute>
         <code code="DENEXCEP" codeSystem="2.16.840.1.113883.5.4">
            <displayName value="Denominator Exceptions"/>
         </code>
         <value mediaType="text/plain" value="None" xsi:type="ED"/>
      </measureAttribute>
   </subjectOf>
   <subjectOf>
      <measureAttribute>
         <code code="SDE" codeSystem="2.16.840.1.113883.5.4">
            <displayName value="Supplemental Data Elements"/>
         </code>
         <value mediaType="text/plain"
                value="1. Patient Characteristic Payer&#xA;2. Patient Characteristic Race&#xA;3. Patient Characteristic Sex&#xA;4. Patient Characteristic Ethnicity&#xA;5. Patient Characteristic Birthdate &#xA;6. Assessment Performed on postal code&#xA;7. Assessment Performed on primary language"
                xsi:type="ED"/>
      </measureAttribute>
   </subjectOf>
   <componentOf>
      <qualityMeasureSet classCode="ACT">
         <id root="3b7c96a3-0537-4976-961e-e4de7cbadc57"/>
         <title value=""/>
      </qualityMeasureSet>
   </componentOf>
   <!--Data Criteria Section-->
   <component>
      <dataCriteriaSection>
         <templateId>
            <item extension="2021-02-01" root="2.16.840.1.113883.10.20.28.2.6"/>
         </templateId>
         <code code="57025-9" codeSystem="2.16.840.1.113883.6.1"/>
         <title value="Data Criteria Section"/>
         <text/>
         <entry typeCode="DRIV">
            <localVariableName value="EncounterInpatient_EncounterPerformed_XTdAd"/>
            <encounterCriteria classCode="ENC" moodCode="EVN">
               <templateId>
                  <item extension="2021-02-01" root="2.16.840.1.113883.10.20.28.4.5"/>
               </templateId>
               <id extension="EncounterInpatient_EncounterPerformed"
                   root="123bb4da-c579-4188-831e-9a26b95a1ed8"/>
               <code valueSet="2.16.840.1.113883.3.666.5.307"/>
               <title value="Encounter, Performed"/>
               <statusCode code="COMPLETED"/>
            </encounterCriteria>
         </entry>
         <entry typeCode="DRIV">
            <localVariableName value="Payer_PatientCharacteristicPayer_wBeyL"/>
            <observationCriteria classCode="OBS" moodCode="EVN">
               <templateId>
                  <item extension="2017-05-01" root="2.16.840.1.113883.10.20.28.4.58"/>
               </templateId>
               <id extension="Payer_PatientCharacteristicPayer"
                   root="ac247b20-2eef-4f67-a97f-794924b43b6c"/>
               <code code="48768-6" codeSystem="2.16.840.1.113883.6.1" codeSystemName="LOINC">
                  <displayName value="Payer"/>
               </code>
               <title value="Patient Characteristic Payer"/>
               <statusCode code="COMPLETED"/>
               <value valueSet="2.16.840.1.114222.4.11.3591" xsi:type="CD"/>
            </observationCriteria>
         </entry>
         <entry typeCode="DRIV">
            <localVariableName value="TobaccoUseScreening_AssessmentPerformed_c64Ou"/>
            <observationCriteria classCode="OBS" moodCode="EVN">
               <templateId>
                  <item extension="2021-02-01" root="2.16.840.1.113883.10.20.28.4.117"/>
               </templateId>
               <id extension="TobaccoUseScreening_AssessmentPerformed"
                   root="646844b0-6f58-4b25-b73a-4ccfcbde5728"/>
               <code valueSet="2.16.840.1.113883.3.526.3.1278"/>
               <title value="Assessment, Performed"/>
               <statusCode code="COMPLETED"/>
            </observationCriteria>
         </entry>
         <entry typeCode="DRIV">
            <localVariableName value="ONCAdministrativeSex_PatientCharacteristicSex_bsR0J"/>
            <observationCriteria classCode="OBS" moodCode="EVN">
               <templateId>
                  <item extension="2017-05-01" root="2.16.840.1.113883.10.20.28.4.55"/>
               </templateId>
               <id extension="ONCAdministrativeSex_PatientCharacteristicSex"
                   root="4af31c68-f406-4e65-b817-07b02bec301b"/>
               <code code="263495000" codeSystem="2.16.840.1.113883.6.96" codeSystemName="SNOMED CT">
                  <displayName value="Gender"/>
               </code>
               <title value="Patient Characteristic Sex"/>
               <statusCode code="COMPLETED"/>
               <value valueSet="2.16.840.1.113762.1.4.1" xsi:type="CD"/>
            </observationCriteria>
         </entry>
         <entry typeCode="DRIV">
            <localVariableName value="TotalHipTotalKneeReplacement_ProcedurePerformed_XFrLX"/>
            <procedureCriteria classCode="PROC" moodCode="EVN">
               <templateId>
                  <item extension="2021-02-01" root="2.16.840.1.113883.10.20.28.4.67"/>
               </templateId>
               <id extension="TotalHipTotalKneeReplacement_ProcedurePerformed"
                   root="d1dd90aa-dd0c-4047-a5b2-91c969f4405d"/>
               <code valueSet="2.16.840.1.113762.1.4.1029.96"/>
               <title value="Procedure, Performed"/>
               <statusCode code="COMPLETED"/>
            </procedureCriteria>
         </entry>
         <entry typeCode="DRIV">
            <localVariableName value="NonprimaryTotalHipTotalKneeReplacement_ProcedurePerformed_fRJpG"/>
            <procedureCriteria classCode="PROC" moodCode="EVN">
               <templateId>
                  <item extension="2021-02-01" root="2.16.840.1.113883.10.20.28.4.67"/>
               </templateId>
               <id extension="NonprimaryTotalHipTotalKneeReplacement_ProcedurePerformed"
                   root="1983695b-33f8-48c6-a3a9-6b42ad09dcc4"/>
               <code valueSet="2.16.840.1.113762.1.4.1206.5"/>
               <title value="Procedure, Performed"/>
               <statusCode code="COMPLETED"/>
            </procedureCriteria>
         </entry>
         <entry typeCode="DRIV">
            <localVariableName value="FractureExclusionsForHipAndKneeProcedures_Diagnosis_yetcN"/>
            <observationCriteria classCode="OBS" moodCode="EVN">
               <templateId>
                  <item extension="2021-02-01" root="2.16.840.1.113883.10.20.28.4.110"/>
               </templateId>
               <id extension="FractureExclusionsForHipAndKneeProcedures_Diagnosis"
                   root="e9c93c1e-5633-4fb8-bd9a-1282523a473f"/>
               <code code="282291009" codeSystem="2.16.840.1.113883.6.96" codeSystemName="SNOMED CT">
                  <displayName value="Diagnosis"/>
               </code>
               <title value="Diagnosis"/>
               <statusCode code="COMPLETED"/>
               <value valueSet="2.16.840.1.113762.1.4.1206.2" xsi:type="CD"/>
            </observationCriteria>
         </entry>
         <entry typeCode="DRIV">
            <localVariableName value="ComorbidityRiskFactors_Diagnosis_cfjIJ"/>
            <observationCriteria classCode="OBS" moodCode="EVN">
               <templateId>
                  <item extension="2021-02-01" root="2.16.840.1.113883.10.20.28.4.110"/>
               </templateId>
               <id extension="ComorbidityRiskFactors_Diagnosis"
                   root="b9407b98-a579-41a8-8bbe-d105dd7ac154"/>
               <code code="282291009" codeSystem="2.16.840.1.113883.6.96" codeSystemName="SNOMED CT">
                  <displayName value="Diagnosis"/>
               </code>
               <title value="Diagnosis"/>
               <statusCode code="COMPLETED"/>
               <value valueSet="2.16.840.1.113762.1.4.1206.13" xsi:type="CD"/>
            </observationCriteria>
         </entry>
         <entry typeCode="DRIV">
            <localVariableName value="BodyMassIndex(BMI)Ratio_PhysicalExamPerformed_B8LE6"/>
            <observationCriteria classCode="OBS" moodCode="EVN">
               <templateId>
                  <item extension="2021-02-01" root="2.16.840.1.113883.10.20.28.4.62"/>
               </templateId>
               <id extension="BodyMassIndex(BMI)Ratio_PhysicalExamPerformed"
                   root="3a150946-cb57-4911-abee-a66561316d67"/>
               <code code="5880005" codeSystem="2.16.840.1.113883.6.96" codeSystemName="SNOMED CT">
                  <displayName value="physical examination"/>
               </code>
               <title value="Physical Exam, Performed"/>
               <statusCode code="COMPLETED"/>
               <value valueSet="2.16.840.1.113883.3.3616.200.110.102.5010" xsi:type="CD"/>
            </observationCriteria>
         </entry>
         <entry typeCode="DRIV">
            <localVariableName value="MechanicalComplicationsRelatedToHipandKneeProcedures_Diagnosis_lZTlO"/>
            <observationCriteria classCode="OBS" moodCode="EVN">
               <templateId>
                  <item extension="2021-02-01" root="2.16.840.1.113883.10.20.28.4.110"/>
               </templateId>
               <id extension="MechanicalComplicationsRelatedToHipandKneeProcedures_Diagnosis"
                   root="a8b09395-de55-46b8-9af2-28e64689d755"/>
               <code code="282291009" codeSystem="2.16.840.1.113883.6.96" codeSystemName="SNOMED CT">
                  <displayName value="Diagnosis"/>
               </code>
               <title value="Diagnosis"/>
               <statusCode code="COMPLETED"/>
               <value valueSet="2.16.840.1.113762.1.4.1206.1" xsi:type="CD"/>
            </observationCriteria>
         </entry>
         <entry typeCode="DRIV">
            <localVariableName value="MalignantNeoplasmComplicationsRelatedToHipandKneeProcedures_Diagnosis_cKc46"/>
            <observationCriteria classCode="OBS" moodCode="EVN">
               <templateId>
                  <item extension="2021-02-01" root="2.16.840.1.113883.10.20.28.4.110"/>
               </templateId>
               <id extension="MalignantNeoplasmComplicationsRelatedToHipandKneeProcedures_Diagnosis"
                   root="3a0405f2-0b80-41ac-a056-043c1794a26b"/>
               <code code="282291009" codeSystem="2.16.840.1.113883.6.96" codeSystemName="SNOMED CT">
                  <displayName value="Diagnosis"/>
               </code>
               <title value="Diagnosis"/>
               <statusCode code="COMPLETED"/>
               <value valueSet="2.16.840.1.113762.1.4.1206.7" xsi:type="CD"/>
            </observationCriteria>
         </entry>
         <entry typeCode="DRIV">
            <localVariableName value="Ethnicity_PatientCharacteristicEthnicity_Th5c6"/>
            <observationCriteria classCode="OBS" moodCode="EVN">
               <templateId>
                  <item extension="2017-05-01" root="2.16.840.1.113883.10.20.28.4.56"/>
               </templateId>
               <id extension="Ethnicity_PatientCharacteristicEthnicity"
                   root="4d7a4852-c3a7-4611-9be7-0fa0995977e7"/>
               <code code="54133-4" codeSystem="2.16.840.1.113883.6.1" codeSystemName="LOINC">
                  <displayName value="Ethnicity"/>
               </code>
               <title value="Patient Characteristic Ethnicity"/>
               <statusCode code="COMPLETED"/>
               <value valueSet="2.16.840.1.114222.4.11.837" xsi:type="CD"/>
            </observationCriteria>
         </entry>
         <entry typeCode="DRIV">
            <localVariableName value="OxygenSaturationinArterialBloodbyPulseOximetry_PhysicalExamPerformed_H9fx0"/>
            <observationCriteria classCode="OBS" moodCode="EVN">
               <templateId>
                  <item extension="2021-02-01" root="2.16.840.1.113883.10.20.28.4.62"/>
               </templateId>
               <id extension="OxygenSaturationinArterialBloodbyPulseOximetry_PhysicalExamPerformed"
                   root="d2ef147b-104f-4d58-b46b-80d1108c47af"/>
               <code code="5880005" codeSystem="2.16.840.1.113883.6.96" codeSystemName="SNOMED CT">
                  <displayName value="physical examination"/>
               </code>
               <title value="Physical Exam, Performed"/>
               <statusCode code="COMPLETED"/>
               <value valueSet="2.16.840.1.113762.1.4.1045.151" xsi:type="CD"/>
            </observationCriteria>
         </entry>
         <entry typeCode="DRIV">
            <localVariableName value="AcuteRespiratoryFailure_Diagnosis_1Alz7"/>
            <observationCriteria classCode="OBS" moodCode="EVN">
               <templateId>
                  <item extension="2021-02-01" root="2.16.840.1.113883.10.20.28.4.110"/>
               </templateId>
               <id extension="AcuteRespiratoryFailure_Diagnosis"
                   root="d8b3a907-76f5-4179-b9ed-632bf08ecb59"/>
               <code code="282291009" codeSystem="2.16.840.1.113883.6.96" codeSystemName="SNOMED CT">
                  <displayName value="Diagnosis"/>
               </code>
               <title value="Diagnosis"/>
               <statusCode code="COMPLETED"/>
               <value valueSet="2.16.840.1.113762.1.4.1206.18" xsi:type="CD"/>
            </observationCriteria>
         </entry>
         <entry typeCode="DRIV">
            <localVariableName value="Race_PatientCharacteristicRace_RbbtZ"/>
            <observationCriteria classCode="OBS" moodCode="EVN">
               <templateId>
                  <item extension="2017-05-01" root="2.16.840.1.113883.10.20.28.4.59"/>
               </templateId>
               <id extension="Race_PatientCharacteristicRace"
                   root="bbdfc466-2942-402e-abe9-50b88cf674d5"/>
               <code code="32624-9" codeSystem="2.16.840.1.113883.6.1" codeSystemName="LOINC">
                  <displayName value="Race"/>
               </code>
               <title value="Patient Characteristic Race"/>
               <statusCode code="COMPLETED"/>
               <value valueSet="2.16.840.1.114222.4.11.836" xsi:type="CD"/>
            </observationCriteria>
         </entry>
         <entry typeCode="DRIV">
            <localVariableName value="EndotrachealIntubation_ProcedurePerformed_5HLFo"/>
            <procedureCriteria classCode="PROC" moodCode="EVN">
               <templateId>
                  <item extension="2021-02-01" root="2.16.840.1.113883.10.20.28.4.67"/>
               </templateId>
               <id extension="EndotrachealIntubation_ProcedurePerformed"
                   root="5837a99a-57c7-4120-92e5-364d2876e97b"/>
               <code valueSet="2.16.840.1.113762.1.4.1045.69"/>
               <title value="Procedure, Performed"/>
               <statusCode code="COMPLETED"/>
            </procedureCriteria>
         </entry>
         <entry typeCode="DRIV">
            <localVariableName value="NeedforVentilator_ProcedurePerformed_QI80p"/>
            <procedureCriteria classCode="PROC" moodCode="EVN">
               <templateId>
                  <item extension="2021-02-01" root="2.16.840.1.113883.10.20.28.4.67"/>
               </templateId>
               <id extension="NeedforVentilator_ProcedurePerformed"
                   root="38058921-d558-4201-9e91-4c4931ec7607"/>
               <code valueSet="2.16.840.1.113762.1.4.1045.82"/>
               <title value="Procedure, Performed"/>
               <statusCode code="COMPLETED"/>
            </procedureCriteria>
         </entry>
         <entry typeCode="DRIV">
            <observationCriteria classCode="OBS" moodCode="EVN">
               <templateId>
                  <item extension="2021-02-01" root="2.16.840.1.113883.10.20.28.4.117"/>
               </templateId>
               <id extension="45402-5_AssessmentPerformed"
                   root="38FFF476-CBA5-4C39-B21F-E1CAE57F14FD"/>
               <code code="45402-5" codeSystem="2.16.840.1.113883.6.1" codeSystemName="LOINC"/>
               <title value="Assessment, Performed"/>
               <statusCode code="COMPLETED"/>
            </observationCriteria>
         </entry>
         <entry typeCode="DRIV">
            <observationCriteria classCode="OBS" moodCode="EVN">
               <templateId>
                  <item extension="2021-02-01" root="2.16.840.1.113883.10.20.28.4.117"/>
               </templateId>
               <id extension="45401-7_AssessmentPerformed"
                   root="A405DD4F-D77C-4E15-8C3D-B114210246D7"/>
               <code code="45401-7" codeSystem="2.16.840.1.113883.6.1" codeSystemName="LOINC"/>
               <title value="Assessment, Performed"/>
               <statusCode code="COMPLETED"/>
            </observationCriteria>
         </entry>
      </dataCriteriaSection>
   </component>
   <component>
      <populationCriteriaSection>
         <templateId>
            <item extension="2017-08-01" root="2.16.840.1.113883.10.20.28.2.7"/>
         </templateId>
         <id extension="PopulationCriteria1" root="CD314728-B8B0-4B01-AEF3-B966FE621F3D"/>
         <code code="57026-7" codeSystem="2.16.840.1.113883.6.1"/>
         <title value="Population Criteria Section"/>
         <text/>
         <component typeCode="COMP">
            <initialPopulationCriteria classCode="OBS" moodCode="EVN">
               <id extension="initialPopulation" root="BAD24C95-E336-4792-AC04-32B5CC04E060"/>
               <code code="IPOP" codeSystem="2.16.840.1.113883.5.4" codeSystemName="Act Code"/>
               <precondition typeCode="PRCN">
                  <criteriaReference classCode="OBS" moodCode="EVN">
                     <id extension="RiskStandardizedInpatientRespiratoryDepressionRate.&quot;Initial Population&quot;"
                         root="40D43F71-910C-4DD7-9F7F-3AFD2F67B6E2"/>
                  </criteriaReference>
               </precondition>
            </initialPopulationCriteria>
         </component>
         <component typeCode="COMP">
            <denominatorCriteria classCode="OBS" moodCode="EVN">
               <id extension="denominator" root="75881620-FF09-437E-86B2-69124E70A8CA"/>
               <code code="DENOM" codeSystem="2.16.840.1.113883.5.4" codeSystemName="Act Code"/>
               <precondition typeCode="PRCN">
                  <criteriaReference classCode="OBS" moodCode="EVN">
                     <id extension="RiskStandardizedInpatientRespiratoryDepressionRate.&quot;Denominator&quot;"
                         root="40D43F71-910C-4DD7-9F7F-3AFD2F67B6E2"/>
                  </criteriaReference>
               </precondition>
            </denominatorCriteria>
         </component>
         <component typeCode="COMP">
            <denominatorExclusionCriteria classCode="OBS" moodCode="EVN">
               <id extension="denominatorExclusions" root="C82F41E1-C57C-4261-899A-42F9AC9D4BC3"/>
               <code code="DENEX" codeSystem="2.16.840.1.113883.5.4" codeSystemName="Act Code"/>
               <precondition typeCode="PRCN">
                  <criteriaReference classCode="OBS" moodCode="EVN">
                     <id extension="RiskStandardizedInpatientRespiratoryDepressionRate.&quot;Denominator Exclusions&quot;"
                         root="40D43F71-910C-4DD7-9F7F-3AFD2F67B6E2"/>
                  </criteriaReference>
               </precondition>
            </denominatorExclusionCriteria>
         </component>
         <component typeCode="COMP">
            <numeratorCriteria classCode="OBS" moodCode="EVN">
               <id extension="numerator" root="5FD11C8F-8C26-4777-8BFD-9261925DC8E4"/>
               <code code="NUMER" codeSystem="2.16.840.1.113883.5.4" codeSystemName="Act Code"/>
               <precondition typeCode="PRCN">
                  <criteriaReference classCode="OBS" moodCode="EVN">
                     <id extension="RiskStandardizedInpatientRespiratoryDepressionRate.&quot;Numerator&quot;"
                         root="40D43F71-910C-4DD7-9F7F-3AFD2F67B6E2"/>
                  </criteriaReference>
               </precondition>
            </numeratorCriteria>
         </component>
         <component typeCode="COMP">
            <cql-ext:supplementalDataElement>
               <id extension="Supplemental Data Elements"
                   root="F1F33C1C-F8B9-413D-BE29-2DC7976AF084"/>
               <code code="SDE" codeSystem="2.16.840.1.113883.5.4" codeSystemName="Act Code"/>
               <precondition typeCode="PRCN">
                  <criteriaReference classCode="OBS" moodCode="EVN">
                     <id extension="RiskStandardizedInpatientRespiratoryDepressionRate.&quot;SDE Ethnicity&quot;"
                         root="40D43F71-910C-4DD7-9F7F-3AFD2F67B6E2"/>
                  </criteriaReference>
               </precondition>
            </cql-ext:supplementalDataElement>
         </component>
         <component typeCode="COMP">
            <cql-ext:supplementalDataElement>
               <id extension="Supplemental Data Elements"
                   root="FBE5561F-0601-4B8D-966B-C59F73EB1328"/>
               <code code="SDE" codeSystem="2.16.840.1.113883.5.4" codeSystemName="Act Code"/>
               <precondition typeCode="PRCN">
                  <criteriaReference classCode="OBS" moodCode="EVN">
                     <id extension="RiskStandardizedInpatientRespiratoryDepressionRate.&quot;SDE Payer&quot;"
                         root="40D43F71-910C-4DD7-9F7F-3AFD2F67B6E2"/>
                  </criteriaReference>
               </precondition>
            </cql-ext:supplementalDataElement>
         </component>
         <component typeCode="COMP">
            <cql-ext:supplementalDataElement>
               <id extension="Supplemental Data Elements"
                   root="201C30CB-D496-4F4B-90C4-B00ACAF9D0CA"/>
               <code code="SDE" codeSystem="2.16.840.1.113883.5.4" codeSystemName="Act Code"/>
               <precondition typeCode="PRCN">
                  <criteriaReference classCode="OBS" moodCode="EVN">
                     <id extension="RiskStandardizedInpatientRespiratoryDepressionRate.&quot;SDE Postal Code&quot;"
                         root="40D43F71-910C-4DD7-9F7F-3AFD2F67B6E2"/>
                  </criteriaReference>
               </precondition>
            </cql-ext:supplementalDataElement>
         </component>
         <component typeCode="COMP">
            <cql-ext:supplementalDataElement>
               <id extension="Supplemental Data Elements"
                   root="A706E21B-AF4F-40AF-8441-572FB01D4ADB"/>
               <code code="SDE" codeSystem="2.16.840.1.113883.5.4" codeSystemName="Act Code"/>
               <precondition typeCode="PRCN">
                  <criteriaReference classCode="OBS" moodCode="EVN">
                     <id extension="RiskStandardizedInpatientRespiratoryDepressionRate.&quot;SDE Primary Language&quot;"
                         root="40D43F71-910C-4DD7-9F7F-3AFD2F67B6E2"/>
                  </criteriaReference>
               </precondition>
            </cql-ext:supplementalDataElement>
         </component>
         <component typeCode="COMP">
            <cql-ext:supplementalDataElement>
               <id extension="Supplemental Data Elements"
                   root="42EF3C8B-93BA-41DA-9FFE-2A802B038614"/>
               <code code="SDE" codeSystem="2.16.840.1.113883.5.4" codeSystemName="Act Code"/>
               <precondition typeCode="PRCN">
                  <criteriaReference classCode="OBS" moodCode="EVN">
                     <id extension="RiskStandardizedInpatientRespiratoryDepressionRate.&quot;SDE Race&quot;"
                         root="40D43F71-910C-4DD7-9F7F-3AFD2F67B6E2"/>
                  </criteriaReference>
               </precondition>
            </cql-ext:supplementalDataElement>
         </component>
         <component typeCode="COMP">
            <cql-ext:supplementalDataElement>
               <id extension="Supplemental Data Elements"
                   root="37C1ABA5-B444-41F6-9010-86631B448085"/>
               <code code="SDE" codeSystem="2.16.840.1.113883.5.4" codeSystemName="Act Code"/>
               <precondition typeCode="PRCN">
                  <criteriaReference classCode="OBS" moodCode="EVN">
                     <id extension="RiskStandardizedInpatientRespiratoryDepressionRate.&quot;SDE Sex&quot;"
                         root="40D43F71-910C-4DD7-9F7F-3AFD2F67B6E2"/>
                  </criteriaReference>
               </precondition>
            </cql-ext:supplementalDataElement>
         </component>
         <component typeCode="COMP">
            <cql-ext:supplementalDataElement>
               <id extension="Risk Adjustment Variables"
                   root="83C67E3D-1EAF-4975-A1CD-DF62ECE963B0"/>
               <code code="MSRADJ" codeSystem="2.16.840.1.113883.5.4" codeSystemName="Act Code"/>
               <precondition typeCode="PRCN">
                  <criteriaReference classCode="OBS" moodCode="EVN">
                     <id extension="RiskStandardizedInpatientRespiratoryDepressionRate.&quot;Abnormal BMI&quot;"
                         root="40D43F71-910C-4DD7-9F7F-3AFD2F67B6E2"/>
                  </criteriaReference>
               </precondition>
            </cql-ext:supplementalDataElement>
         </component>
         <component typeCode="COMP">
            <cql-ext:supplementalDataElement>
               <id extension="Risk Adjustment Variables"
                   root="03FFE353-CF28-4C98-B6E0-20E414AA1203"/>
               <code code="MSRADJ" codeSystem="2.16.840.1.113883.5.4" codeSystemName="Act Code"/>
               <precondition typeCode="PRCN">
                  <criteriaReference classCode="OBS" moodCode="EVN">
                     <id extension="RiskStandardizedInpatientRespiratoryDepressionRate.&quot;Existing Comorbidities Prior To Surgery&quot;"
                         root="40D43F71-910C-4DD7-9F7F-3AFD2F67B6E2"/>
                  </criteriaReference>
               </precondition>
            </cql-ext:supplementalDataElement>
         </component>
         <component typeCode="COMP">
            <cql-ext:supplementalDataElement>
               <id extension="Risk Adjustment Variables"
                   root="481DD41C-1780-4BFE-BBD9-6060B0120112"/>
               <code code="MSRADJ" codeSystem="2.16.840.1.113883.5.4" codeSystemName="Act Code"/>
               <precondition typeCode="PRCN">
                  <criteriaReference classCode="OBS" moodCode="EVN">
                     <id extension="RiskStandardizedInpatientRespiratoryDepressionRate.&quot;Tobacco User&quot;"
                         root="40D43F71-910C-4DD7-9F7F-3AFD2F67B6E2"/>
                  </criteriaReference>
               </precondition>
            </cql-ext:supplementalDataElement>
         </component>
      </populationCriteriaSection>
   </component>
</QualityMeasureDocument>